{"type": "FeatureCollection", "updated": "2026-10-10T03:14:50Z", "area": "146.6,-10.1,149.8,-7.8", "days": "5", "sources": {"VIIRS_SNPP_NRT": "618 points", "VIIRS_NOAA20_NRT": "755 points", "MODIS_NRT": "182 points"}, "features": [{"type": "Feature", "geometry": {"type": "Point", "coordinates": [149.54103, -10.07522]}, "properties": {"source": "VIIRS_SNPP", "date": "2026-10-06", "time": "323", "frp": "3.3", "confidence": "n"}}, {"type": "Feature", "geometry": {"type": "Point", "coordinates": [148.01689, -10.05114]}, "properties": {"source": "VIIRS_SNPP", "date": "2026-10-06", "time": "323", "frp": "4.99", "confidence": "n"}}, {"type": "Feature", "geometry": {"type": "Point", "coordinates": [148.01314, -10.04805]}, "properties": {"source": "VIIRS_SNPP", "date": "2026-10-06", "time": "323", "frp": "10.32", "confidence": "n"}}, {"type": "Feature", "geometry": {"type": "Point", "coordinates": [148.01151, -10.04716]}, "properties": {"source": "VIIRS_SNPP", "date": "2026-10-06", "time": "323", "frp": "6.73", "confidence": "n"}}, {"type": "Feature", "geometry": {"type": "Point", "coordinates": [148.0163, -10.04653]}, "properties": {"source": "VIIRS_SNPP", "date": "2026-10-06", "time": "323", "frp": "4.99", "confidence": "n"}}, {"type": "Feature", "geometry": {"type": "Point", "coordinates": [147.78311, -10.0227]}, "properties": {"source": "VIIRS_SNPP", "date": "2026-10-06", "time": "323", "frp": "7.4", "confidence": "n"}}, {"type": "Feature", "geometry": {"type": "Point", "coordinates": [147.77263, -10.01934]}, "properties": {"source": "VIIRS_SNPP", "date": "2026-10-06", "time": "323", "frp": "3.84", "confidence": "n"}}, {"type": "Feature", "geometry": {"type": "Point", "coordinates": [148.45175, -9.98024]}, "properties": {"source": "VIIRS_SNPP", "date": "2026-10-06", "time": "323", "frp": "4.44", "confidence": "n"}}, {"type": "Feature", "geometry": {"type": "Point", "coordinates": [148.44795, -9.97848]}, "properties": {"source": "VIIRS_SNPP", "date": "2026-10-06", "time": "323", "frp": "6.42", "confidence": "n"}}, {"type": "Feature", "geometry": {"type": "Point", "coordinates": [149.56468, -9.933]}, "properties": {"source": "VIIRS_SNPP", "date": "2026-10-06", "time": "323", "frp": "4.79", "confidence": "n"}}, {"type": "Feature", "geometry": {"type": "Point", "coordinates": [149.56439, -9.93125]}, "properties": {"source": "VIIRS_SNPP", "date": "2026-10-06", "time": "323", "frp": "6.61", "confidence": "n"}}, {"type": "Feature", "geometry": {"type": "Point", "coordinates": [147.8089, -9.89779]}, "properties": {"source": "VIIRS_SNPP", "date": "2026-10-06", "time": "323", "frp": "8.28", "confidence": "n"}}, {"type": "Feature", "geometry": {"type": "Point", "coordinates": [149.33659, -9.84104]}, "properties": {"source": "VIIRS_SNPP", "date": "2026-10-06", "time": "323", "frp": "7.81", "confidence": "n"}}, {"type": "Feature", "geometry": {"type": "Point", "coordinates": [149.33501, -9.837]}, "properties": {"source": "VIIRS_SNPP", "date": "2026-10-06", "time": "323", "frp": "20.44", "confidence": "n"}}, {"type": "Feature", "geometry": {"type": "Point", "coordinates": [149.3334, -9.83296]}, "properties": {"source": "VIIRS_SNPP", "date": "2026-10-06", "time": "323", "frp": "20.44", "confidence": "n"}}, {"type": "Feature", "geometry": {"type": "Point", "coordinates": [149.33717, -9.83244]}, "properties": {"source": "VIIRS_SNPP", "date": "2026-10-06", "time": "323", "frp": "18.31", "confidence": "n"}}, {"type": "Feature", "geometry": {"type": "Point", "coordinates": [149.35983, -9.80372]}, "properties": {"source": "VIIRS_SNPP", "date": "2026-10-06", "time": "323", "frp": "3.16", "confidence": "n"}}, {"type": "Feature", "geometry": {"type": "Point", "coordinates": [147.76308, -9.80203]}, "properties": {"source": "VIIRS_SNPP", "date": "2026-10-06", "time": "323", "frp": "6.64", "confidence": "n"}}, {"type": "Feature", "geometry": {"type": "Point", "coordinates": [149.35225, -9.80051]}, "properties": {"source": "VIIRS_SNPP", "date": "2026-10-06", "time": "323", "frp": "7.79", "confidence": "n"}}, {"type": "Feature", "geometry": {"type": "Point", "coordinates": [149.3443, -9.79308]}, "properties": {"source": "VIIRS_SNPP", "date": "2026-10-06", "time": "323", "frp": "6.39", "confidence": "n"}}, {"type": "Feature", "geometry": {"type": "Point", "coordinates": [149.3544, -9.79169]}, "properties": {"source": "VIIRS_SNPP", "date": "2026-10-06", "time": "323", "frp": "29.38", "confidence": "n"}}, {"type": "Feature", "geometry": {"type": "Point", "coordinates": [149.35376, -9.78752]}, "properties": {"source": "VIIRS_SNPP", "date": "2026-10-06", "time": "323", "frp": "29.38", "confidence": "n"}}, {"type": "Feature", "geometry": {"type": "Point", "coordinates": [149.3331, -9.7861]}, "properties": {"source": "VIIRS_SNPP", "date": "2026-10-06", "time": "323", "frp": "11.94", "confidence": "n"}}, {"type": "Feature", "geometry": {"type": "Point", "coordinates": [149.3367, -9.7856]}, "properties": {"source": "VIIRS_SNPP", "date": "2026-10-06", "time": "323", "frp": "11.94", "confidence": "n"}}, {"type": "Feature", "geometry": {"type": "Point", "coordinates": [149.3362, -9.78141]}, "properties": {"source": "VIIRS_SNPP", "date": "2026-10-06", "time": "323", "frp": "11.94", "confidence": "n"}}, {"type": "Feature", "geometry": {"type": "Point", "coordinates": [149.32803, -9.77826]}, "properties": {"source": "VIIRS_SNPP", "date": "2026-10-06", "time": "323", "frp": "5.46", "confidence": "n"}}, {"type": "Feature", "geometry": {"type": "Point", "coordinates": [149.33551, -9.77724]}, "properties": {"source": "VIIRS_SNPP", "date": "2026-10-06", "time": "323", "frp": "8.64", "confidence": "n"}}, {"type": "Feature", "geometry": {"type": "Point", "coordinates": [149.21866, -9.76733]}, "properties": {"source": "VIIRS_SNPP", "date": "2026-10-06", "time": "323", "frp": "11.4", "confidence": "n"}}, {"type": "Feature", "geometry": {"type": "Point", "coordinates": [149.21901, -9.7671]}, "properties": {"source": "VIIRS_SNPP", "date": "2026-10-06", "time": "323", "frp": "7.3", "confidence": "n"}}, {"type": "Feature", "geometry": {"type": "Point", "coordinates": [149.2178, -9.76314]}, "properties": {"source": "VIIRS_SNPP", "date": "2026-10-06", "time": "323", "frp": "11.4", "confidence": "n"}}, {"type": "Feature", "geometry": {"type": "Point", "coordinates": [149.21819, -9.76293]}, "properties": {"source": "VIIRS_SNPP", "date": "2026-10-06", "time": "323", "frp": "18.07", "confidence": "n"}}, {"type": "Feature", "geometry": {"type": "Point", "coordinates": [147.71954, -9.74823]}, "properties": {"source": "VIIRS_SNPP", "date": "2026-10-06", "time": "323", "frp": "5.59", "confidence": "n"}}, {"type": "Feature", "geometry": {"type": "Point", "coordinates": [147.72079, -9.74577]}, "properties": {"source": "VIIRS_SNPP", "date": "2026-10-06", "time": "323", "frp": "7.63", "confidence": "n"}}, {"type": "Feature", "geometry": {"type": "Point", "coordinates": [147.61237, -9.72934]}, "properties": {"source": "VIIRS_SNPP", "date": "2026-10-06", "time": "323", "frp": "4.36", "confidence": "l"}}, {"type": "Feature", "geometry": {"type": "Point", "coordinates": [148.52739, -9.71245]}, "properties": {"source": "VIIRS_SNPP", "date": "2026-10-06", "time": "323", "frp": "4.69", "confidence": "n"}}, {"type": "Feature", "geometry": {"type": "Point", "coordinates": [148.53181, -9.71184]}, "properties": {"source": "VIIRS_SNPP", "date": "2026-10-06", "time": "323", "frp": "4.69", "confidence": "n"}}, {"type": "Feature", "geometry": {"type": "Point", "coordinates": [147.74355, -9.70216]}, "properties": {"source": "VIIRS_SNPP", "date": "2026-10-06", "time": "323", "frp": "5.36", "confidence": "n"}}, {"type": "Feature", "geometry": {"type": "Point", "coordinates": [147.7383, -9.69811]}, "properties": {"source": "VIIRS_SNPP", "date": "2026-10-06", "time": "323", "frp": "2.88", "confidence": "n"}}, {"type": "Feature", "geometry": {"type": "Point", "coordinates": [147.88292, -9.69752]}, "properties": {"source": "VIIRS_SNPP", "date": "2026-10-06", "time": "323", "frp": "2.81", "confidence": "n"}}, {"type": "Feature", "geometry": {"type": "Point", "coordinates": [147.66655, -9.64566]}, "properties": {"source": "VIIRS_SNPP", "date": "2026-10-06", "time": "323", "frp": "5.39", "confidence": "l"}}, {"type": "Feature", "geometry": {"type": "Point", "coordinates": [147.66383, -9.64436]}, "properties": {"source": "VIIRS_SNPP", "date": "2026-10-06", "time": "323", "frp": "4.46", "confidence": "n"}}, {"type": "Feature", "geometry": {"type": "Point", "coordinates": [148.68295, -9.64214]}, "properties": {"source": "VIIRS_SNPP", "date": "2026-10-06", "time": "323", "frp": "4.22", "confidence": "l"}}, {"type": "Feature", "geometry": {"type": "Point", "coordinates": [147.97406, -9.63842]}, "properties": {"source": "VIIRS_SNPP", "date": "2026-10-06", "time": "323", "frp": "5.88", "confidence": "n"}}, {"type": "Feature", "geometry": {"type": "Point", "coordinates": [147.90413, -9.62423]}, "properties": {"source": "VIIRS_SNPP", "date": "2026-10-06", "time": "323", "frp": "5.24", "confidence": "n"}}, {"type": "Feature", "geometry": {"type": "Point", "coordinates": [149.34645, -9.59513]}, "properties": {"source": "VIIRS_SNPP", "date": "2026-10-06", "time": "323", "frp": "9.62", "confidence": "n"}}, {"type": "Feature", "geometry": {"type": "Point", "coordinates": [148.51773, -9.52635]}, "properties": {"source": "VIIRS_SNPP", "date": "2026-10-06", "time": "323", "frp": "6.08", "confidence": "n"}}, {"type": "Feature", "geometry": {"type": "Point", "coordinates": [148.52199, -9.52576]}, "properties": {"source": "VIIRS_SNPP", "date": "2026-10-06", "time": "323", "frp": "6.08", "confidence": "n"}}, {"type": "Feature", "geometry": {"type": "Point", "coordinates": [147.59299, -9.50837]}, "properties": {"source": "VIIRS_SNPP", "date": "2026-10-06", "time": "323", "frp": "7.36", "confidence": "n"}}, {"type": "Feature", "geometry": {"type": "Point", "coordinates": [148.31801, -9.48579]}, "properties": {"source": "VIIRS_SNPP", "date": "2026-10-06", "time": "323", "frp": "35.23", "confidence": "n"}}, {"type": "Feature", "geometry": {"type": "Point", "coordinates": [148.43211, -9.475]}, "properties": {"source": "VIIRS_SNPP", "date": "2026-10-06", "time": "323", "frp": "5.7", "confidence": "n"}}, {"type": "Feature", "geometry": {"type": "Point", "coordinates": [148.42735, -9.47112]}, "properties": {"source": "VIIRS_SNPP", "date": "2026-10-06", "time": "323", "frp": "21.29", "confidence": "n"}}, {"type": "Feature", "geometry": {"type": "Point", "coordinates": [148.43172, -9.47054]}, "properties": {"source": "VIIRS_SNPP", "date": "2026-10-06", "time": "323", "frp": "18.49", "confidence": "n"}}, {"type": "Feature", "geometry": {"type": "Point", "coordinates": [148.51263, -9.45068]}, "properties": {"source": "VIIRS_SNPP", "date": "2026-10-06", "time": "323", "frp": "2.97", "confidence": "n"}}, {"type": "Feature", "geometry": {"type": "Point", "coordinates": [148.79366, -9.44815]}, "properties": {"source": "VIIRS_SNPP", "date": "2026-10-06", "time": "323", "frp": "5.96", "confidence": "n"}}, {"type": "Feature", "geometry": {"type": "Point", "coordinates": [148.51198, -9.44627]}, "properties": {"source": "VIIRS_SNPP", "date": "2026-10-06", "time": "323", "frp": "2.97", "confidence": "l"}}, {"type": "Feature", "geometry": {"type": "Point", "coordinates": [147.45447, -9.43004]}, "properties": {"source": "VIIRS_SNPP", "date": "2026-10-06", "time": "323", "frp": "6.53", "confidence": "n"}}, {"type": "Feature", "geometry": {"type": "Point", "coordinates": [148.78604, -9.42274]}, "properties": {"source": "VIIRS_SNPP", "date": "2026-10-06", "time": "323", "frp": "3.6", "confidence": "n"}}, {"type": "Feature", "geometry": {"type": "Point", "coordinates": [148.7943, -9.42163]}, "properties": {"source": "VIIRS_SNPP", "date": "2026-10-06", "time": "323", "frp": "4.8", "confidence": "n"}}, {"type": "Feature", "geometry": {"type": "Point", "coordinates": [148.78546, -9.41841]}, "properties": {"source": "VIIRS_SNPP", "date": "2026-10-06", "time": "323", "frp": "3.6", "confidence": "l"}}, {"type": "Feature", "geometry": {"type": "Point", "coordinates": [148.78961, -9.41786]}, "properties": {"source": "VIIRS_SNPP", "date": "2026-10-06", "time": "323", "frp": "3.6", "confidence": "n"}}, {"type": "Feature", "geometry": {"type": "Point", "coordinates": [148.79372, -9.4173]}, "properties": {"source": "VIIRS_SNPP", "date": "2026-10-06", "time": "323", "frp": "4.8", "confidence": "n"}}, {"type": "Feature", "geometry": {"type": "Point", "coordinates": [148.73553, -9.38829]}, "properties": {"source": "VIIRS_SNPP", "date": "2026-10-06", "time": "323", "frp": "7.03", "confidence": "n"}}, {"type": "Feature", "geometry": {"type": "Point", "coordinates": [147.37918, -9.38621]}, "properties": {"source": "VIIRS_SNPP", "date": "2026-10-06", "time": "323", "frp": "3.7", "confidence": "n"}}, {"type": "Feature", "geometry": {"type": "Point", "coordinates": [147.35907, -9.37979]}, "properties": {"source": "VIIRS_SNPP", "date": "2026-10-06", "time": "323", "frp": "3.16", "confidence": "n"}}, {"type": "Feature", "geometry": {"type": "Point", "coordinates": [147.35757, -9.37949]}, "properties": {"source": "VIIRS_SNPP", "date": "2026-10-06", "time": "323", "frp": "5.04", "confidence": "n"}}, {"type": "Feature", "geometry": {"type": "Point", "coordinates": [147.48192, -9.3671]}, "properties": {"source": "VIIRS_SNPP", "date": "2026-10-06", "time": "323", "frp": "5.42", "confidence": "n"}}, {"type": "Feature", "geometry": {"type": "Point", "coordinates": [148.79333, -9.34938]}, "properties": {"source": "VIIRS_SNPP", "date": "2026-10-06", "time": "323", "frp": "6.93", "confidence": "n"}}, {"type": "Feature", "geometry": {"type": "Point", "coordinates": [147.2597, -9.30994]}, "properties": {"source": "VIIRS_SNPP", "date": "2026-10-06", "time": "323", "frp": "1.9", "confidence": "n"}}, {"type": "Feature", "geometry": {"type": "Point", "coordinates": [148.86894, -9.13299]}, "properties": {"source": "VIIRS_SNPP", "date": "2026-10-06", "time": "323", "frp": "8.86", "confidence": "n"}}, {"type": "Feature", "geometry": {"type": "Point", "coordinates": [148.87296, -9.13243]}, "properties": {"source": "VIIRS_SNPP", "date": "2026-10-06", "time": "323", "frp": "12.57", "confidence": "n"}}, {"type": "Feature", "geometry": {"type": "Point", "coordinates": [147.13937, -9.13171]}, "properties": {"source": "VIIRS_SNPP", "date": "2026-10-06", "time": "323", "frp": "5.1", "confidence": "n"}}, {"type": "Feature", "geometry": {"type": "Point", "coordinates": [148.58424, -9.11027]}, "properties": {"source": "VIIRS_SNPP", "date": "2026-10-06", "time": "323", "frp": "4.62", "confidence": "n"}}, {"type": "Feature", "geometry": {"type": "Point", "coordinates": [148.58493, -9.10995]}, "properties": {"source": "VIIRS_SNPP", "date": "2026-10-06", "time": "323", "frp": "4.67", "confidence": "n"}}, {"type": "Feature", "geometry": {"type": "Point", "coordinates": [146.80389, -9.02987]}, "properties": {"source": "VIIRS_SNPP", "date": "2026-10-06", "time": "323", "frp": "6.03", "confidence": "n"}}, {"type": "Feature", "geometry": {"type": "Point", "coordinates": [147.28755, -9.01504]}, "properties": {"source": "VIIRS_SNPP", "date": "2026-10-06", "time": "323", "frp": "3.13", "confidence": "n"}}, {"type": "Feature", "geometry": {"type": "Point", "coordinates": [146.866, -8.96461]}, "properties": {"source": "VIIRS_SNPP", "date": "2026-10-06", "time": "323", "frp": "7.29", "confidence": "n"}}, {"type": "Feature", "geometry": {"type": "Point", "coordinates": [146.75259, -8.91443]}, "properties": {"source": "VIIRS_SNPP", "date": "2026-10-06", "time": "323", "frp": "8.88", "confidence": "n"}}, {"type": "Feature", "geometry": {"type": "Point", "coordinates": [146.7515, -8.91375]}, "properties": {"source": "VIIRS_SNPP", "date": "2026-10-06", "time": "325", "frp": "7.15", "confidence": "n"}}, {"type": "Feature", "geometry": {"type": "Point", "coordinates": [146.81328, -8.87024]}, "properties": {"source": "VIIRS_SNPP", "date": "2026-10-06", "time": "325", "frp": "8.29", "confidence": "n"}}, {"type": "Feature", "geometry": {"type": "Point", "coordinates": [147.24797, -8.63135]}, "properties": {"source": "VIIRS_SNPP", "date": "2026-10-06", "time": "325", "frp": "7.14", "confidence": "n"}}, {"type": "Feature", "geometry": {"type": "Point", "coordinates": [147.2506, -8.63123]}, "properties": {"source": "VIIRS_SNPP", "date": "2026-10-06", "time": "325", "frp": "13.91", "confidence": "n"}}, {"type": "Feature", "geometry": {"type": "Point", "coordinates": [147.25255, -8.63072]}, "properties": {"source": "VIIRS_SNPP", "date": "2026-10-06", "time": "325", "frp": "7.14", "confidence": "n"}}, {"type": "Feature", "geometry": {"type": "Point", "coordinates": [147.27188, -8.58942]}, "properties": {"source": "VIIRS_SNPP", "date": "2026-10-06", "time": "325", "frp": "6.66", "confidence": "n"}}, {"type": "Feature", "geometry": {"type": "Point", "coordinates": [147.27126, -8.58468]}, "properties": {"source": "VIIRS_SNPP", "date": "2026-10-06", "time": "325", "frp": "13.88", "confidence": "n"}}, {"type": "Feature", "geometry": {"type": "Point", "coordinates": [147.26382, -8.57121]}, "properties": {"source": "VIIRS_SNPP", "date": "2026-10-06", "time": "325", "frp": "5", "confidence": "n"}}, {"type": "Feature", "geometry": {"type": "Point", "coordinates": [147.01698, -8.4972]}, "properties": {"source": "VIIRS_SNPP", "date": "2026-10-06", "time": "325", "frp": "5.59", "confidence": "n"}}, {"type": "Feature", "geometry": {"type": "Point", "coordinates": [147.01996, -8.36607]}, "properties": {"source": "VIIRS_SNPP", "date": "2026-10-06", "time": "325", "frp": "19.39", "confidence": "n"}}, {"type": "Feature", "geometry": {"type": "Point", "coordinates": [147.02286, -8.36535]}, "properties": {"source": "VIIRS_SNPP", "date": "2026-10-06", "time": "325", "frp": "18.08", "confidence": "n"}}, {"type": "Feature", "geometry": {"type": "Point", "coordinates": [147.03693, -8.29528]}, "properties": {"source": "VIIRS_SNPP", "date": "2026-10-06", "time": "325", "frp": "13.75", "confidence": "n"}}, {"type": "Feature", "geometry": {"type": "Point", "coordinates": [147.08926, -8.27843]}, "properties": {"source": "VIIRS_SNPP", "date": "2026-10-06", "time": "325", "frp": "2.98", "confidence": "n"}}, {"type": "Feature", "geometry": {"type": "Point", "coordinates": [147.14244, -8.24203]}, "properties": {"source": "VIIRS_SNPP", "date": "2026-10-06", "time": "325", "frp": "7.39", "confidence": "n"}}, {"type": "Feature", "geometry": {"type": "Point", "coordinates": [147.14462, -8.24187]}, "properties": {"source": "VIIRS_SNPP", "date": "2026-10-06", "time": "325", "frp": "6.72", "confidence": "n"}}, {"type": "Feature", "geometry": {"type": "Point", "coordinates": [147.14209, -8.23723]}, "properties": {"source": "VIIRS_SNPP", "date": "2026-10-06", "time": "325", "frp": "7.39", "confidence": "n"}}, {"type": "Feature", "geometry": {"type": "Point", "coordinates": [147.14427, -8.23708]}, "properties": {"source": "VIIRS_SNPP", "date": "2026-10-06", "time": "325", "frp": "6.72", "confidence": "n"}}, {"type": "Feature", "geometry": {"type": "Point", "coordinates": [147.12943, -8.22447]}, "properties": {"source": "VIIRS_SNPP", "date": "2026-10-06", "time": "325", "frp": "15.49", "confidence": "n"}}, {"type": "Feature", "geometry": {"type": "Point", "coordinates": [146.94388, -7.90954]}, "properties": {"source": "VIIRS_SNPP", "date": "2026-10-06", "time": "325", "frp": "33.53", "confidence": "n"}}, {"type": "Feature", "geometry": {"type": "Point", "coordinates": [149.32324, -9.8569]}, "properties": {"source": "VIIRS_SNPP", "date": "2026-10-06", "time": "1609", "frp": "3.32", "confidence": "n"}}, {"type": "Feature", "geometry": {"type": "Point", "coordinates": [149.3235, -9.85148]}, "properties": {"source": "VIIRS_SNPP", "date": "2026-10-06", "time": "1609", "frp": "3.32", "confidence": "n"}}, {"type": "Feature", "geometry": {"type": "Point", "coordinates": [149.32072, -9.85112]}, "properties": {"source": "VIIRS_SNPP", "date": "2026-10-06", "time": "1609", "frp": "3.32", "confidence": "n"}}, {"type": "Feature", "geometry": {"type": "Point", "coordinates": [149.34267, -9.83763]}, "properties": {"source": "VIIRS_SNPP", "date": "2026-10-06", "time": "1609", "frp": "8.58", "confidence": "n"}}, {"type": "Feature", "geometry": {"type": "Point", "coordinates": [149.33888, -9.83714]}, "properties": {"source": "VIIRS_SNPP", "date": "2026-10-06", "time": "1609", "frp": "8.58", "confidence": "h"}}, {"type": "Feature", "geometry": {"type": "Point", "coordinates": [149.33557, -9.83671]}, "properties": {"source": "VIIRS_SNPP", "date": "2026-10-06", "time": "1609", "frp": "10.64", "confidence": "n"}}, {"type": "Feature", "geometry": {"type": "Point", "coordinates": [149.34579, -9.83257]}, "properties": {"source": "VIIRS_SNPP", "date": "2026-10-06", "time": "1609", "frp": "8.58", "confidence": "n"}}, {"type": "Feature", "geometry": {"type": "Point", "coordinates": [149.34219, -9.83211]}, "properties": {"source": "VIIRS_SNPP", "date": "2026-10-06", "time": "1609", "frp": "8.58", "confidence": "h"}}, {"type": "Feature", "geometry": {"type": "Point", "coordinates": [149.3259, -9.80024]}, "properties": {"source": "VIIRS_SNPP", "date": "2026-10-06", "time": "1609", "frp": "1.13", "confidence": "n"}}, {"type": "Feature", "geometry": {"type": "Point", "coordinates": [149.32678, -9.79745]}, "properties": {"source": "VIIRS_SNPP", "date": "2026-10-06", "time": "1609", "frp": "1.34", "confidence": "n"}}, {"type": "Feature", "geometry": {"type": "Point", "coordinates": [149.34062, -9.79133]}, "properties": {"source": "VIIRS_SNPP", "date": "2026-10-06", "time": "1609", "frp": "0.33", "confidence": "n"}}, {"type": "Feature", "geometry": {"type": "Point", "coordinates": [149.33965, -9.77485]}, "properties": {"source": "VIIRS_SNPP", "date": "2026-10-06", "time": "1609", "frp": "4.9", "confidence": "n"}}, {"type": "Feature", "geometry": {"type": "Point", "coordinates": [149.33543, -9.77429]}, "properties": {"source": "VIIRS_SNPP", "date": "2026-10-06", "time": "1609", "frp": "3.53", "confidence": "n"}}, {"type": "Feature", "geometry": {"type": "Point", "coordinates": [149.33163, -9.77378]}, "properties": {"source": "VIIRS_SNPP", "date": "2026-10-06", "time": "1609", "frp": "3.53", "confidence": "n"}}, {"type": "Feature", "geometry": {"type": "Point", "coordinates": [149.34135, -9.76963]}, "properties": {"source": "VIIRS_SNPP", "date": "2026-10-06", "time": "1609", "frp": "4.9", "confidence": "h"}}, {"type": "Feature", "geometry": {"type": "Point", "coordinates": [149.33728, -9.76909]}, "properties": {"source": "VIIRS_SNPP", "date": "2026-10-06", "time": "1609", "frp": "3.53", "confidence": "n"}}, {"type": "Feature", "geometry": {"type": "Point", "coordinates": [149.33347, -9.76858]}, "properties": {"source": "VIIRS_SNPP", "date": "2026-10-06", "time": "1609", "frp": "3.53", "confidence": "n"}}, {"type": "Feature", "geometry": {"type": "Point", "coordinates": [149.01482, -9.31592]}, "properties": {"source": "VIIRS_SNPP", "date": "2026-10-06", "time": "1609", "frp": "0.44", "confidence": "n"}}, {"type": "Feature", "geometry": {"type": "Point", "coordinates": [149.14928, -9.30745]}, "properties": {"source": "VIIRS_SNPP", "date": "2026-10-06", "time": "1609", "frp": "1.13", "confidence": "n"}}, {"type": "Feature", "geometry": {"type": "Point", "coordinates": [146.94704, -7.91013]}, "properties": {"source": "VIIRS_SNPP", "date": "2026-10-06", "time": "1609", "frp": "8.97", "confidence": "n"}}, {"type": "Feature", "geometry": {"type": "Point", "coordinates": [146.94186, -7.9094]}, "properties": {"source": "VIIRS_SNPP", "date": "2026-10-06", "time": "1609", "frp": "8.97", "confidence": "n"}}, {"type": "Feature", "geometry": {"type": "Point", "coordinates": [146.94807, -7.90577]}, "properties": {"source": "VIIRS_SNPP", "date": "2026-10-06", "time": "1609", "frp": "8.97", "confidence": "n"}}, {"type": "Feature", "geometry": {"type": "Point", "coordinates": [146.85312, -7.90575]}, "properties": {"source": "VIIRS_SNPP", "date": "2026-10-06", "time": "1609", "frp": "1.54", "confidence": "n"}}, {"type": "Feature", "geometry": {"type": "Point", "coordinates": [146.8488, -7.90514]}, "properties": {"source": "VIIRS_SNPP", "date": "2026-10-06", "time": "1609", "frp": "1.54", "confidence": "n"}}, {"type": "Feature", "geometry": {"type": "Point", "coordinates": [146.94308, -7.90506]}, "properties": {"source": "VIIRS_SNPP", "date": "2026-10-06", "time": "1609", "frp": "8.97", "confidence": "n"}}, {"type": "Feature", "geometry": {"type": "Point", "coordinates": [149.29913, -9.83815]}, "properties": {"source": "VIIRS_SNPP", "date": "2026-10-07", "time": "306", "frp": "8.89", "confidence": "h"}}, {"type": "Feature", "geometry": {"type": "Point", "coordinates": [149.29895, -9.83766]}, "properties": {"source": "VIIRS_SNPP", "date": "2026-10-07", "time": "306", "frp": "8.62", "confidence": "h"}}, {"type": "Feature", "geometry": {"type": "Point", "coordinates": [149.26559, -9.81887]}, "properties": {"source": "VIIRS_SNPP", "date": "2026-10-07", "time": "306", "frp": "9.7", "confidence": "n"}}, {"type": "Feature", "geometry": {"type": "Point", "coordinates": [149.47342, -9.78057]}, "properties": {"source": "VIIRS_SNPP", "date": "2026-10-07", "time": "306", "frp": "5.44", "confidence": "n"}}, {"type": "Feature", "geometry": {"type": "Point", "coordinates": [149.50499, -9.67589]}, "properties": {"source": "VIIRS_SNPP", "date": "2026-10-07", "time": "306", "frp": "17.5", "confidence": "h"}}, {"type": "Feature", "geometry": {"type": "Point", "coordinates": [149.55591, -9.67513]}, "properties": {"source": "VIIRS_SNPP", "date": "2026-10-07", "time": "306", "frp": "13.69", "confidence": "h"}}, {"type": "Feature", "geometry": {"type": "Point", "coordinates": [149.55977, -9.67463]}, "properties": {"source": "VIIRS_SNPP", "date": "2026-10-07", "time": "306", "frp": "12.16", "confidence": "n"}}, {"type": "Feature", "geometry": {"type": "Point", "coordinates": [147.25533, -8.73465]}, "properties": {"source": "VIIRS_SNPP", "date": "2026-10-07", "time": "306", "frp": "41.66", "confidence": "n"}}, {"type": "Feature", "geometry": {"type": "Point", "coordinates": [147.25755, -8.73435]}, "properties": {"source": "VIIRS_SNPP", "date": "2026-10-07", "time": "306", "frp": "69.2", "confidence": "h"}}, {"type": "Feature", "geometry": {"type": "Point", "coordinates": [147.25957, -8.73413]}, "properties": {"source": "VIIRS_SNPP", "date": "2026-10-07", "time": "306", "frp": "37.47", "confidence": "h"}}, {"type": "Feature", "geometry": {"type": "Point", "coordinates": [147.26166, -8.73382]}, "properties": {"source": "VIIRS_SNPP", "date": "2026-10-07", "time": "306", "frp": "50.2", "confidence": "n"}}, {"type": "Feature", "geometry": {"type": "Point", "coordinates": [147.26358, -8.73363]}, "properties": {"source": "VIIRS_SNPP", "date": "2026-10-07", "time": "306", "frp": "37.47", "confidence": "n"}}, {"type": "Feature", "geometry": {"type": "Point", "coordinates": [147.22321, -8.71232]}, "properties": {"source": "VIIRS_SNPP", "date": "2026-10-07", "time": "306", "frp": "7.74", "confidence": "n"}}, {"type": "Feature", "geometry": {"type": "Point", "coordinates": [147.22533, -8.71186]}, "properties": {"source": "VIIRS_SNPP", "date": "2026-10-07", "time": "306", "frp": "10.22", "confidence": "n"}}, {"type": "Feature", "geometry": {"type": "Point", "coordinates": [147.25748, -8.62868]}, "properties": {"source": "VIIRS_SNPP", "date": "2026-10-07", "time": "306", "frp": "3.84", "confidence": "n"}}, {"type": "Feature", "geometry": {"type": "Point", "coordinates": [147.08418, -8.24228]}, "properties": {"source": "VIIRS_SNPP", "date": "2026-10-07", "time": "306", "frp": "11.84", "confidence": "n"}}, {"type": "Feature", "geometry": {"type": "Point", "coordinates": [146.7959, -8.16006]}, "properties": {"source": "VIIRS_SNPP", "date": "2026-10-07", "time": "306", "frp": "7.97", "confidence": "n"}}, {"type": "Feature", "geometry": {"type": "Point", "coordinates": [146.81709, -7.81039]}, "properties": {"source": "VIIRS_SNPP", "date": "2026-10-07", "time": "306", "frp": "7.97", "confidence": "n"}}, {"type": "Feature", "geometry": {"type": "Point", "coordinates": [146.81929, -7.80752]}, "properties": {"source": "VIIRS_SNPP", "date": "2026-10-07", "time": "306", "frp": "7.79", "confidence": "n"}}, {"type": "Feature", "geometry": {"type": "Point", "coordinates": [147.64531, -9.79295]}, "properties": {"source": "VIIRS_SNPP", "date": "2026-10-07", "time": "446", "frp": "3.67", "confidence": "n"}}, {"type": "Feature", "geometry": {"type": "Point", "coordinates": [147.41222, -9.42003]}, "properties": {"source": "VIIRS_SNPP", "date": "2026-10-07", "time": "446", "frp": "5.86", "confidence": "n"}}, {"type": "Feature", "geometry": {"type": "Point", "coordinates": [147.38094, -9.39809]}, "properties": {"source": "VIIRS_SNPP", "date": "2026-10-07", "time": "446", "frp": "9.18", "confidence": "n"}}, {"type": "Feature", "geometry": {"type": "Point", "coordinates": [147.38324, -9.39705]}, "properties": {"source": "VIIRS_SNPP", "date": "2026-10-07", "time": "446", "frp": "6.93", "confidence": "n"}}, {"type": "Feature", "geometry": {"type": "Point", "coordinates": [147.08501, -9.2626]}, "properties": {"source": "VIIRS_SNPP", "date": "2026-10-07", "time": "446", "frp": "5.98", "confidence": "n"}}, {"type": "Feature", "geometry": {"type": "Point", "coordinates": [146.72188, -9.02323]}, "properties": {"source": "VIIRS_SNPP", "date": "2026-10-07", "time": "446", "frp": "6.49", "confidence": "n"}}, {"type": "Feature", "geometry": {"type": "Point", "coordinates": [146.93303, -8.54495]}, "properties": {"source": "VIIRS_SNPP", "date": "2026-10-07", "time": "446", "frp": "5.62", "confidence": "n"}}, {"type": "Feature", "geometry": {"type": "Point", "coordinates": [146.97836, -8.38114]}, "properties": {"source": "VIIRS_SNPP", "date": "2026-10-07", "time": "446", "frp": "12.06", "confidence": "n"}}, {"type": "Feature", "geometry": {"type": "Point", "coordinates": [146.89558, -8.02658]}, "properties": {"source": "VIIRS_SNPP", "date": "2026-10-07", "time": "446", "frp": "7.54", "confidence": "n"}}, {"type": "Feature", "geometry": {"type": "Point", "coordinates": [146.89836, -8.02054]}, "properties": {"source": "VIIRS_SNPP", "date": "2026-10-07", "time": "446", "frp": "16.7", "confidence": "n"}}, {"type": "Feature", "geometry": {"type": "Point", "coordinates": [146.83051, -7.96214]}, "properties": {"source": "VIIRS_SNPP", "date": "2026-10-07", "time": "446", "frp": "16.71", "confidence": "n"}}, {"type": "Feature", "geometry": {"type": "Point", "coordinates": [146.83681, -7.96093]}, "properties": {"source": "VIIRS_SNPP", "date": "2026-10-07", "time": "446", "frp": "22.09", "confidence": "n"}}, {"type": "Feature", "geometry": {"type": "Point", "coordinates": [146.85257, -7.90695]}, "properties": {"source": "VIIRS_SNPP", "date": "2026-10-07", "time": "446", "frp": "8.18", "confidence": "n"}}, {"type": "Feature", "geometry": {"type": "Point", "coordinates": [149.31804, -9.85506]}, "properties": {"source": "VIIRS_SNPP", "date": "2026-10-07", "time": "1552", "frp": "5.6", "confidence": "n"}}, {"type": "Feature", "geometry": {"type": "Point", "coordinates": [149.31316, -9.85435]}, "properties": {"source": "VIIRS_SNPP", "date": "2026-10-07", "time": "1552", "frp": "5.6", "confidence": "n"}}, {"type": "Feature", "geometry": {"type": "Point", "coordinates": [149.31895, -9.85123]}, "properties": {"source": "VIIRS_SNPP", "date": "2026-10-07", "time": "1552", "frp": "5.6", "confidence": "n"}}, {"type": "Feature", "geometry": {"type": "Point", "coordinates": [149.31424, -9.85055]}, "properties": {"source": "VIIRS_SNPP", "date": "2026-10-07", "time": "1552", "frp": "5.6", "confidence": "n"}}, {"type": "Feature", "geometry": {"type": "Point", "coordinates": [149.34138, -9.75902]}, "properties": {"source": "VIIRS_SNPP", "date": "2026-10-07", "time": "1552", "frp": "13.1", "confidence": "n"}}, {"type": "Feature", "geometry": {"type": "Point", "coordinates": [149.33627, -9.75827]}, "properties": {"source": "VIIRS_SNPP", "date": "2026-10-07", "time": "1552", "frp": "13.1", "confidence": "h"}}, {"type": "Feature", "geometry": {"type": "Point", "coordinates": [149.34216, -9.75517]}, "properties": {"source": "VIIRS_SNPP", "date": "2026-10-07", "time": "1552", "frp": "13.1", "confidence": "n"}}, {"type": "Feature", "geometry": {"type": "Point", "coordinates": [149.33708, -9.75443]}, "properties": {"source": "VIIRS_SNPP", "date": "2026-10-07", "time": "1552", "frp": "13.1", "confidence": "n"}}, {"type": "Feature", "geometry": {"type": "Point", "coordinates": [148.79362, -9.42478]}, "properties": {"source": "VIIRS_SNPP", "date": "2026-10-07", "time": "1552", "frp": "2.97", "confidence": "n"}}, {"type": "Feature", "geometry": {"type": "Point", "coordinates": [148.79643, -9.40603]}, "properties": {"source": "VIIRS_SNPP", "date": "2026-10-07", "time": "1552", "frp": "1.43", "confidence": "n"}}, {"type": "Feature", "geometry": {"type": "Point", "coordinates": [148.79436, -9.405]}, "properties": {"source": "VIIRS_SNPP", "date": "2026-10-07", "time": "1552", "frp": "0.79", "confidence": "n"}}, {"type": "Feature", "geometry": {"type": "Point", "coordinates": [148.76675, -9.37404]}, "properties": {"source": "VIIRS_SNPP", "date": "2026-10-07", "time": "1552", "frp": "1.21", "confidence": "n"}}, {"type": "Feature", "geometry": {"type": "Point", "coordinates": [147.33438, -9.36949]}, "properties": {"source": "VIIRS_SNPP", "date": "2026-10-07", "time": "1552", "frp": "0.7", "confidence": "n"}}, {"type": "Feature", "geometry": {"type": "Point", "coordinates": [148.7972, -9.3556]}, "properties": {"source": "VIIRS_SNPP", "date": "2026-10-07", "time": "1552", "frp": "3.77", "confidence": "n"}}, {"type": "Feature", "geometry": {"type": "Point", "coordinates": [148.79269, -9.35494]}, "properties": {"source": "VIIRS_SNPP", "date": "2026-10-07", "time": "1552", "frp": "2.22", "confidence": "n"}}, {"type": "Feature", "geometry": {"type": "Point", "coordinates": [148.79326, -9.35119]}, "properties": {"source": "VIIRS_SNPP", "date": "2026-10-07", "time": "1552", "frp": "2.22", "confidence": "n"}}, {"type": "Feature", "geometry": {"type": "Point", "coordinates": [146.64629, -8.89073]}, "properties": {"source": "VIIRS_SNPP", "date": "2026-10-07", "time": "1552", "frp": "0.57", "confidence": "n"}}, {"type": "Feature", "geometry": {"type": "Point", "coordinates": [147.33865, -8.48801]}, "properties": {"source": "VIIRS_SNPP", "date": "2026-10-07", "time": "1552", "frp": "1.05", "confidence": "n"}}, {"type": "Feature", "geometry": {"type": "Point", "coordinates": [146.83218, -7.95676]}, "properties": {"source": "VIIRS_SNPP", "date": "2026-10-07", "time": "1552", "frp": "0.36", "confidence": "n"}}, {"type": "Feature", "geometry": {"type": "Point", "coordinates": [146.83844, -7.91959]}, "properties": {"source": "VIIRS_SNPP", "date": "2026-10-07", "time": "1552", "frp": "0.78", "confidence": "n"}}, {"type": "Feature", "geometry": {"type": "Point", "coordinates": [146.83794, -7.91908]}, "properties": {"source": "VIIRS_SNPP", "date": "2026-10-07", "time": "1552", "frp": "0.61", "confidence": "n"}}, {"type": "Feature", "geometry": {"type": "Point", "coordinates": [146.9471, -7.91183]}, "properties": {"source": "VIIRS_SNPP", "date": "2026-10-07", "time": "1552", "frp": "5.97", "confidence": "n"}}, {"type": "Feature", "geometry": {"type": "Point", "coordinates": [146.94331, -7.91124]}, "properties": {"source": "VIIRS_SNPP", "date": "2026-10-07", "time": "1552", "frp": "1", "confidence": "n"}}, {"type": "Feature", "geometry": {"type": "Point", "coordinates": [146.95142, -7.90903]}, "properties": {"source": "VIIRS_SNPP", "date": "2026-10-07", "time": "1552", "frp": "3.72", "confidence": "n"}}, {"type": "Feature", "geometry": {"type": "Point", "coordinates": [146.94769, -7.90845]}, "properties": {"source": "VIIRS_SNPP", "date": "2026-10-07", "time": "1552", "frp": "3.72", "confidence": "n"}}, {"type": "Feature", "geometry": {"type": "Point", "coordinates": [146.94391, -7.90786]}, "properties": {"source": "VIIRS_SNPP", "date": "2026-10-07", "time": "1552", "frp": "1.04", "confidence": "n"}}, {"type": "Feature", "geometry": {"type": "Point", "coordinates": [146.85124, -7.9073]}, "properties": {"source": "VIIRS_SNPP", "date": "2026-10-07", "time": "1552", "frp": "0.72", "confidence": "n"}}, {"type": "Feature", "geometry": {"type": "Point", "coordinates": [146.94827, -7.90506]}, "properties": {"source": "VIIRS_SNPP", "date": "2026-10-07", "time": "1552", "frp": "3.72", "confidence": "n"}}, {"type": "Feature", "geometry": {"type": "Point", "coordinates": [146.94452, -7.90448]}, "properties": {"source": "VIIRS_SNPP", "date": "2026-10-07", "time": "1552", "frp": "1.04", "confidence": "n"}}, {"type": "Feature", "geometry": {"type": "Point", "coordinates": [146.94884, -7.90168]}, "properties": {"source": "VIIRS_SNPP", "date": "2026-10-07", "time": "1552", "frp": "9.41", "confidence": "n"}}, {"type": "Feature", "geometry": {"type": "Point", "coordinates": [146.82318, -7.89946]}, "properties": {"source": "VIIRS_SNPP", "date": "2026-10-07", "time": "1552", "frp": "3.21", "confidence": "n"}}, {"type": "Feature", "geometry": {"type": "Point", "coordinates": [146.82375, -7.89608]}, "properties": {"source": "VIIRS_SNPP", "date": "2026-10-07", "time": "1552", "frp": "0.25", "confidence": "n"}}, {"type": "Feature", "geometry": {"type": "Point", "coordinates": [147.59915, -9.71157]}, "properties": {"source": "VIIRS_SNPP", "date": "2026-10-08", "time": "427", "frp": "2.38", "confidence": "n"}}, {"type": "Feature", "geometry": {"type": "Point", "coordinates": [147.59816, -9.70888]}, "properties": {"source": "VIIRS_SNPP", "date": "2026-10-08", "time": "427", "frp": "1.53", "confidence": "n"}}, {"type": "Feature", "geometry": {"type": "Point", "coordinates": [147.42894, -9.6506]}, "properties": {"source": "VIIRS_SNPP", "date": "2026-10-08", "time": "427", "frp": "1.63", "confidence": "n"}}, {"type": "Feature", "geometry": {"type": "Point", "coordinates": [147.42793, -9.64558]}, "properties": {"source": "VIIRS_SNPP", "date": "2026-10-08", "time": "427", "frp": "3.78", "confidence": "n"}}, {"type": "Feature", "geometry": {"type": "Point", "coordinates": [147.41864, -9.38141]}, "properties": {"source": "VIIRS_SNPP", "date": "2026-10-08", "time": "427", "frp": "8.09", "confidence": "n"}}, {"type": "Feature", "geometry": {"type": "Point", "coordinates": [147.42166, -9.38087]}, "properties": {"source": "VIIRS_SNPP", "date": "2026-10-08", "time": "427", "frp": "8.09", "confidence": "h"}}, {"type": "Feature", "geometry": {"type": "Point", "coordinates": [147.33234, -9.37094]}, "properties": {"source": "VIIRS_SNPP", "date": "2026-10-08", "time": "427", "frp": "3.52", "confidence": "n"}}, {"type": "Feature", "geometry": {"type": "Point", "coordinates": [147.34273, -9.22976]}, "properties": {"source": "VIIRS_SNPP", "date": "2026-10-08", "time": "427", "frp": "1.4", "confidence": "n"}}, {"type": "Feature", "geometry": {"type": "Point", "coordinates": [147.28494, -9.18476]}, "properties": {"source": "VIIRS_SNPP", "date": "2026-10-08", "time": "427", "frp": "1.32", "confidence": "n"}}, {"type": "Feature", "geometry": {"type": "Point", "coordinates": [147.33238, -9.18146]}, "properties": {"source": "VIIRS_SNPP", "date": "2026-10-08", "time": "427", "frp": "2.28", "confidence": "n"}}, {"type": "Feature", "geometry": {"type": "Point", "coordinates": [147.19336, -9.18053]}, "properties": {"source": "VIIRS_SNPP", "date": "2026-10-08", "time": "427", "frp": "6.51", "confidence": "n"}}, {"type": "Feature", "geometry": {"type": "Point", "coordinates": [148.44014, -9.1737]}, "properties": {"source": "VIIRS_SNPP", "date": "2026-10-08", "time": "427", "frp": "3.08", "confidence": "n"}}, {"type": "Feature", "geometry": {"type": "Point", "coordinates": [146.81691, -8.87398]}, "properties": {"source": "VIIRS_SNPP", "date": "2026-10-08", "time": "427", "frp": "8.66", "confidence": "n"}}, {"type": "Feature", "geometry": {"type": "Point", "coordinates": [146.81499, -8.87293]}, "properties": {"source": "VIIRS_SNPP", "date": "2026-10-08", "time": "427", "frp": "6.05", "confidence": "n"}}, {"type": "Feature", "geometry": {"type": "Point", "coordinates": [146.7242, -8.77814]}, "properties": {"source": "VIIRS_SNPP", "date": "2026-10-08", "time": "427", "frp": "3.62", "confidence": "n"}}, {"type": "Feature", "geometry": {"type": "Point", "coordinates": [147.25414, -8.749]}, "properties": {"source": "VIIRS_SNPP", "date": "2026-10-08", "time": "427", "frp": "2.64", "confidence": "n"}}, {"type": "Feature", "geometry": {"type": "Point", "coordinates": [147.23775, -8.7311]}, "properties": {"source": "VIIRS_SNPP", "date": "2026-10-08", "time": "427", "frp": "7.66", "confidence": "n"}}, {"type": "Feature", "geometry": {"type": "Point", "coordinates": [147.24034, -8.73063]}, "properties": {"source": "VIIRS_SNPP", "date": "2026-10-08", "time": "427", "frp": "7.66", "confidence": "h"}}, {"type": "Feature", "geometry": {"type": "Point", "coordinates": [147.24301, -8.73015]}, "properties": {"source": "VIIRS_SNPP", "date": "2026-10-08", "time": "427", "frp": "12.62", "confidence": "h"}}, {"type": "Feature", "geometry": {"type": "Point", "coordinates": [147.25124, -8.66762]}, "properties": {"source": "VIIRS_SNPP", "date": "2026-10-08", "time": "427", "frp": "3.53", "confidence": "n"}}, {"type": "Feature", "geometry": {"type": "Point", "coordinates": [147.10539, -8.63654]}, "properties": {"source": "VIIRS_SNPP", "date": "2026-10-08", "time": "427", "frp": "9.48", "confidence": "h"}}, {"type": "Feature", "geometry": {"type": "Point", "coordinates": [147.26181, -8.62914]}, "properties": {"source": "VIIRS_SNPP", "date": "2026-10-08", "time": "427", "frp": "4.35", "confidence": "n"}}, {"type": "Feature", "geometry": {"type": "Point", "coordinates": [147.1273, -8.54579]}, "properties": {"source": "VIIRS_SNPP", "date": "2026-10-08", "time": "427", "frp": "2.76", "confidence": "n"}}, {"type": "Feature", "geometry": {"type": "Point", "coordinates": [147.12953, -8.54539]}, "properties": {"source": "VIIRS_SNPP", "date": "2026-10-08", "time": "427", "frp": "2.76", "confidence": "n"}}, {"type": "Feature", "geometry": {"type": "Point", "coordinates": [147.1097, -8.5282]}, "properties": {"source": "VIIRS_SNPP", "date": "2026-10-08", "time": "427", "frp": "10.28", "confidence": "n"}}, {"type": "Feature", "geometry": {"type": "Point", "coordinates": [147.1071, -8.52349]}, "properties": {"source": "VIIRS_SNPP", "date": "2026-10-08", "time": "427", "frp": "10.28", "confidence": "h"}}, {"type": "Feature", "geometry": {"type": "Point", "coordinates": [147.04085, -8.51004]}, "properties": {"source": "VIIRS_SNPP", "date": "2026-10-08", "time": "427", "frp": "4.94", "confidence": "n"}}, {"type": "Feature", "geometry": {"type": "Point", "coordinates": [147.04414, -8.50903]}, "properties": {"source": "VIIRS_SNPP", "date": "2026-10-08", "time": "427", "frp": "10.94", "confidence": "n"}}, {"type": "Feature", "geometry": {"type": "Point", "coordinates": [147.04121, -8.50482]}, "properties": {"source": "VIIRS_SNPP", "date": "2026-10-08", "time": "427", "frp": "8.01", "confidence": "n"}}, {"type": "Feature", "geometry": {"type": "Point", "coordinates": [147.08482, -8.49717]}, "properties": {"source": "VIIRS_SNPP", "date": "2026-10-08", "time": "427", "frp": "10.53", "confidence": "h"}}, {"type": "Feature", "geometry": {"type": "Point", "coordinates": [147.34192, -8.48621]}, "properties": {"source": "VIIRS_SNPP", "date": "2026-10-08", "time": "427", "frp": "7.96", "confidence": "n"}}, {"type": "Feature", "geometry": {"type": "Point", "coordinates": [147.09795, -8.40302]}, "properties": {"source": "VIIRS_SNPP", "date": "2026-10-08", "time": "427", "frp": "5.86", "confidence": "n"}}, {"type": "Feature", "geometry": {"type": "Point", "coordinates": [147.09604, -8.40183]}, "properties": {"source": "VIIRS_SNPP", "date": "2026-10-08", "time": "427", "frp": "3.81", "confidence": "n"}}, {"type": "Feature", "geometry": {"type": "Point", "coordinates": [147.02484, -8.36407]}, "properties": {"source": "VIIRS_SNPP", "date": "2026-10-08", "time": "427", "frp": "4.38", "confidence": "n"}}, {"type": "Feature", "geometry": {"type": "Point", "coordinates": [147.02718, -8.36366]}, "properties": {"source": "VIIRS_SNPP", "date": "2026-10-08", "time": "427", "frp": "7.54", "confidence": "h"}}, {"type": "Feature", "geometry": {"type": "Point", "coordinates": [147.0376, -8.35664]}, "properties": {"source": "VIIRS_SNPP", "date": "2026-10-08", "time": "427", "frp": "3.03", "confidence": "n"}}, {"type": "Feature", "geometry": {"type": "Point", "coordinates": [147.12578, -8.35656]}, "properties": {"source": "VIIRS_SNPP", "date": "2026-10-08", "time": "427", "frp": "5.9", "confidence": "n"}}, {"type": "Feature", "geometry": {"type": "Point", "coordinates": [147.04076, -8.35608]}, "properties": {"source": "VIIRS_SNPP", "date": "2026-10-08", "time": "427", "frp": "3.03", "confidence": "n"}}, {"type": "Feature", "geometry": {"type": "Point", "coordinates": [147.11882, -8.28114]}, "properties": {"source": "VIIRS_SNPP", "date": "2026-10-08", "time": "427", "frp": "5.32", "confidence": "n"}}, {"type": "Feature", "geometry": {"type": "Point", "coordinates": [147.12088, -8.28078]}, "properties": {"source": "VIIRS_SNPP", "date": "2026-10-08", "time": "427", "frp": "15.37", "confidence": "n"}}, {"type": "Feature", "geometry": {"type": "Point", "coordinates": [147.12288, -8.28043]}, "properties": {"source": "VIIRS_SNPP", "date": "2026-10-08", "time": "427", "frp": "15.37", "confidence": "h"}}, {"type": "Feature", "geometry": {"type": "Point", "coordinates": [146.81288, -8.16058]}, "properties": {"source": "VIIRS_SNPP", "date": "2026-10-08", "time": "427", "frp": "9.93", "confidence": "n"}}, {"type": "Feature", "geometry": {"type": "Point", "coordinates": [146.81247, -8.15553]}, "properties": {"source": "VIIRS_SNPP", "date": "2026-10-08", "time": "427", "frp": "9.93", "confidence": "n"}}, {"type": "Feature", "geometry": {"type": "Point", "coordinates": [147.0627, -8.13676]}, "properties": {"source": "VIIRS_SNPP", "date": "2026-10-08", "time": "427", "frp": "4.29", "confidence": "n"}}, {"type": "Feature", "geometry": {"type": "Point", "coordinates": [146.86266, -8.12586]}, "properties": {"source": "VIIRS_SNPP", "date": "2026-10-08", "time": "427", "frp": "16.51", "confidence": "n"}}, {"type": "Feature", "geometry": {"type": "Point", "coordinates": [146.8645, -8.12571]}, "properties": {"source": "VIIRS_SNPP", "date": "2026-10-08", "time": "427", "frp": "22.94", "confidence": "n"}}, {"type": "Feature", "geometry": {"type": "Point", "coordinates": [146.89438, -8.07923]}, "properties": {"source": "VIIRS_SNPP", "date": "2026-10-08", "time": "427", "frp": "10.73", "confidence": "n"}}, {"type": "Feature", "geometry": {"type": "Point", "coordinates": [146.89522, -8.04306]}, "properties": {"source": "VIIRS_SNPP", "date": "2026-10-08", "time": "427", "frp": "12.56", "confidence": "n"}}, {"type": "Feature", "geometry": {"type": "Point", "coordinates": [146.89392, -8.03814]}, "properties": {"source": "VIIRS_SNPP", "date": "2026-10-08", "time": "427", "frp": "45.56", "confidence": "h"}}, {"type": "Feature", "geometry": {"type": "Point", "coordinates": [146.89822, -8.03738]}, "properties": {"source": "VIIRS_SNPP", "date": "2026-10-08", "time": "427", "frp": "45.56", "confidence": "n"}}, {"type": "Feature", "geometry": {"type": "Point", "coordinates": [146.90262, -8.0366]}, "properties": {"source": "VIIRS_SNPP", "date": "2026-10-08", "time": "427", "frp": "19.89", "confidence": "n"}}, {"type": "Feature", "geometry": {"type": "Point", "coordinates": [146.90448, -8.01643]}, "properties": {"source": "VIIRS_SNPP", "date": "2026-10-08", "time": "427", "frp": "11.8", "confidence": "n"}}, {"type": "Feature", "geometry": {"type": "Point", "coordinates": [146.90704, -8.01518]}, "properties": {"source": "VIIRS_SNPP", "date": "2026-10-08", "time": "427", "frp": "15.98", "confidence": "n"}}, {"type": "Feature", "geometry": {"type": "Point", "coordinates": [146.84065, -7.91953]}, "properties": {"source": "VIIRS_SNPP", "date": "2026-10-08", "time": "427", "frp": "7.65", "confidence": "n"}}, {"type": "Feature", "geometry": {"type": "Point", "coordinates": [146.84163, -7.91941]}, "properties": {"source": "VIIRS_SNPP", "date": "2026-10-08", "time": "427", "frp": "14.23", "confidence": "l"}}, {"type": "Feature", "geometry": {"type": "Point", "coordinates": [146.90041, -7.91919]}, "properties": {"source": "VIIRS_SNPP", "date": "2026-10-08", "time": "427", "frp": "8.82", "confidence": "n"}}, {"type": "Feature", "geometry": {"type": "Point", "coordinates": [146.90327, -7.91867]}, "properties": {"source": "VIIRS_SNPP", "date": "2026-10-08", "time": "427", "frp": "8.82", "confidence": "n"}}, {"type": "Feature", "geometry": {"type": "Point", "coordinates": [146.89465, -7.91506]}, "properties": {"source": "VIIRS_SNPP", "date": "2026-10-08", "time": "427", "frp": "10.19", "confidence": "n"}}, {"type": "Feature", "geometry": {"type": "Point", "coordinates": [146.89711, -7.91461]}, "properties": {"source": "VIIRS_SNPP", "date": "2026-10-08", "time": "427", "frp": "10.19", "confidence": "h"}}, {"type": "Feature", "geometry": {"type": "Point", "coordinates": [146.89972, -7.91415]}, "properties": {"source": "VIIRS_SNPP", "date": "2026-10-08", "time": "427", "frp": "8.82", "confidence": "h"}}, {"type": "Feature", "geometry": {"type": "Point", "coordinates": [146.9024, -7.91367]}, "properties": {"source": "VIIRS_SNPP", "date": "2026-10-08", "time": "427", "frp": "8.82", "confidence": "h"}}, {"type": "Feature", "geometry": {"type": "Point", "coordinates": [146.85226, -7.90726]}, "properties": {"source": "VIIRS_SNPP", "date": "2026-10-08", "time": "427", "frp": "14.11", "confidence": "n"}}, {"type": "Feature", "geometry": {"type": "Point", "coordinates": [146.85321, -7.90703]}, "properties": {"source": "VIIRS_SNPP", "date": "2026-10-08", "time": "427", "frp": "10.32", "confidence": "n"}}, {"type": "Feature", "geometry": {"type": "Point", "coordinates": [146.89937, -7.82685]}, "properties": {"source": "VIIRS_SNPP", "date": "2026-10-08", "time": "427", "frp": "14.96", "confidence": "h"}}, {"type": "Feature", "geometry": {"type": "Point", "coordinates": [146.85019, -7.80539]}, "properties": {"source": "VIIRS_SNPP", "date": "2026-10-08", "time": "427", "frp": "12.09", "confidence": "n"}}, {"type": "Feature", "geometry": {"type": "Point", "coordinates": [146.85509, -7.80455]}, "properties": {"source": "VIIRS_SNPP", "date": "2026-10-08", "time": "427", "frp": "41.65", "confidence": "n"}}, {"type": "Feature", "geometry": {"type": "Point", "coordinates": [146.85258, -7.80422]}, "properties": {"source": "VIIRS_SNPP", "date": "2026-10-08", "time": "427", "frp": "26.86", "confidence": "n"}}, {"type": "Feature", "geometry": {"type": "Point", "coordinates": [146.85754, -7.80333]}, "properties": {"source": "VIIRS_SNPP", "date": "2026-10-08", "time": "427", "frp": "26.86", "confidence": "n"}}, {"type": "Feature", "geometry": {"type": "Point", "coordinates": [146.84981, -7.80031]}, "properties": {"source": "VIIRS_SNPP", "date": "2026-10-08", "time": "427", "frp": "12.09", "confidence": "n"}}, {"type": "Feature", "geometry": {"type": "Point", "coordinates": [149.30858, -9.85466]}, "properties": {"source": "VIIRS_SNPP", "date": "2026-10-08", "time": "1531", "frp": "4.8", "confidence": "n"}}, {"type": "Feature", "geometry": {"type": "Point", "coordinates": [149.31259, -9.85189]}, "properties": {"source": "VIIRS_SNPP", "date": "2026-10-08", "time": "1531", "frp": "1.85", "confidence": "n"}}, {"type": "Feature", "geometry": {"type": "Point", "coordinates": [149.3091, -9.85133]}, "properties": {"source": "VIIRS_SNPP", "date": "2026-10-08", "time": "1531", "frp": "4.8", "confidence": "n"}}, {"type": "Feature", "geometry": {"type": "Point", "coordinates": [149.31291, -9.84911]}, "properties": {"source": "VIIRS_SNPP", "date": "2026-10-08", "time": "1531", "frp": "2.79", "confidence": "n"}}, {"type": "Feature", "geometry": {"type": "Point", "coordinates": [149.31339, -9.84579]}, "properties": {"source": "VIIRS_SNPP", "date": "2026-10-08", "time": "1531", "frp": "2.79", "confidence": "n"}}, {"type": "Feature", "geometry": {"type": "Point", "coordinates": [149.30943, -9.80426]}, "properties": {"source": "VIIRS_SNPP", "date": "2026-10-08", "time": "1531", "frp": "1.81", "confidence": "n"}}, {"type": "Feature", "geometry": {"type": "Point", "coordinates": [149.28705, -9.78705]}, "properties": {"source": "VIIRS_SNPP", "date": "2026-10-08", "time": "1531", "frp": "1.05", "confidence": "n"}}, {"type": "Feature", "geometry": {"type": "Point", "coordinates": [149.28755, -9.78372]}, "properties": {"source": "VIIRS_SNPP", "date": "2026-10-08", "time": "1531", "frp": "0.83", "confidence": "n"}}, {"type": "Feature", "geometry": {"type": "Point", "coordinates": [149.09404, -9.38699]}, "properties": {"source": "VIIRS_SNPP", "date": "2026-10-08", "time": "1531", "frp": "2.26", "confidence": "n"}}, {"type": "Feature", "geometry": {"type": "Point", "coordinates": [147.53166, -9.28131]}, "properties": {"source": "VIIRS_SNPP", "date": "2026-10-08", "time": "1531", "frp": "0.77", "confidence": "n"}}, {"type": "Feature", "geometry": {"type": "Point", "coordinates": [147.5278, -9.28067]}, "properties": {"source": "VIIRS_SNPP", "date": "2026-10-08", "time": "1531", "frp": "0.77", "confidence": "n"}}, {"type": "Feature", "geometry": {"type": "Point", "coordinates": [148.6895, -9.17728]}, "properties": {"source": "VIIRS_SNPP", "date": "2026-10-08", "time": "1531", "frp": "1.33", "confidence": "n"}}, {"type": "Feature", "geometry": {"type": "Point", "coordinates": [148.69005, -9.17391]}, "properties": {"source": "VIIRS_SNPP", "date": "2026-10-08", "time": "1531", "frp": "1.23", "confidence": "n"}}, {"type": "Feature", "geometry": {"type": "Point", "coordinates": [148.68202, -9.15532]}, "properties": {"source": "VIIRS_SNPP", "date": "2026-10-08", "time": "1531", "frp": "0.92", "confidence": "n"}}, {"type": "Feature", "geometry": {"type": "Point", "coordinates": [147.29501, -8.77245]}, "properties": {"source": "VIIRS_SNPP", "date": "2026-10-08", "time": "1531", "frp": "0.44", "confidence": "n"}}, {"type": "Feature", "geometry": {"type": "Point", "coordinates": [147.10318, -8.64303]}, "properties": {"source": "VIIRS_SNPP", "date": "2026-10-08", "time": "1531", "frp": "0.83", "confidence": "n"}}, {"type": "Feature", "geometry": {"type": "Point", "coordinates": [147.36388, -8.60713]}, "properties": {"source": "VIIRS_SNPP", "date": "2026-10-08", "time": "1531", "frp": "1.68", "confidence": "n"}}, {"type": "Feature", "geometry": {"type": "Point", "coordinates": [147.36473, -8.60365]}, "properties": {"source": "VIIRS_SNPP", "date": "2026-10-08", "time": "1531", "frp": "2.11", "confidence": "n"}}, {"type": "Feature", "geometry": {"type": "Point", "coordinates": [147.33331, -8.48308]}, "properties": {"source": "VIIRS_SNPP", "date": "2026-10-08", "time": "1531", "frp": "2.37", "confidence": "n"}}, {"type": "Feature", "geometry": {"type": "Point", "coordinates": [147.33391, -8.47955]}, "properties": {"source": "VIIRS_SNPP", "date": "2026-10-08", "time": "1531", "frp": "2.37", "confidence": "n"}}, {"type": "Feature", "geometry": {"type": "Point", "coordinates": [146.91963, -8.47711]}, "properties": {"source": "VIIRS_SNPP", "date": "2026-10-08", "time": "1531", "frp": "1.36", "confidence": "n"}}, {"type": "Feature", "geometry": {"type": "Point", "coordinates": [147.33463, -8.47605]}, "properties": {"source": "VIIRS_SNPP", "date": "2026-10-08", "time": "1531", "frp": "5.2", "confidence": "n"}}, {"type": "Feature", "geometry": {"type": "Point", "coordinates": [147.34355, -8.47391]}, "properties": {"source": "VIIRS_SNPP", "date": "2026-10-08", "time": "1531", "frp": "1.65", "confidence": "n"}}, {"type": "Feature", "geometry": {"type": "Point", "coordinates": [147.12503, -8.41537]}, "properties": {"source": "VIIRS_SNPP", "date": "2026-10-08", "time": "1531", "frp": "0.79", "confidence": "n"}}, {"type": "Feature", "geometry": {"type": "Point", "coordinates": [147.12413, -8.4131]}, "properties": {"source": "VIIRS_SNPP", "date": "2026-10-08", "time": "1531", "frp": "9.63", "confidence": "n"}}, {"type": "Feature", "geometry": {"type": "Point", "coordinates": [147.12534, -8.41175]}, "properties": {"source": "VIIRS_SNPP", "date": "2026-10-08", "time": "1531", "frp": "16.54", "confidence": "n"}}, {"type": "Feature", "geometry": {"type": "Point", "coordinates": [147.12447, -8.40949]}, "properties": {"source": "VIIRS_SNPP", "date": "2026-10-08", "time": "1531", "frp": "9.63", "confidence": "n"}}, {"type": "Feature", "geometry": {"type": "Point", "coordinates": [147.12459, -8.33243]}, "properties": {"source": "VIIRS_SNPP", "date": "2026-10-08", "time": "1531", "frp": "3.64", "confidence": "n"}}, {"type": "Feature", "geometry": {"type": "Point", "coordinates": [147.12051, -8.33175]}, "properties": {"source": "VIIRS_SNPP", "date": "2026-10-08", "time": "1531", "frp": "3.64", "confidence": "n"}}, {"type": "Feature", "geometry": {"type": "Point", "coordinates": [147.1174, -8.28565]}, "properties": {"source": "VIIRS_SNPP", "date": "2026-10-08", "time": "1531", "frp": "1.07", "confidence": "n"}}, {"type": "Feature", "geometry": {"type": "Point", "coordinates": [147.11833, -8.28212]}, "properties": {"source": "VIIRS_SNPP", "date": "2026-10-08", "time": "1531", "frp": "0.79", "confidence": "n"}}, {"type": "Feature", "geometry": {"type": "Point", "coordinates": [147.12405, -8.27937]}, "properties": {"source": "VIIRS_SNPP", "date": "2026-10-08", "time": "1531", "frp": "0.79", "confidence": "n"}}, {"type": "Feature", "geometry": {"type": "Point", "coordinates": [146.82205, -7.93836]}, "properties": {"source": "VIIRS_SNPP", "date": "2026-10-08", "time": "1531", "frp": "7.43", "confidence": "n"}}, {"type": "Feature", "geometry": {"type": "Point", "coordinates": [146.82249, -7.9347]}, "properties": {"source": "VIIRS_SNPP", "date": "2026-10-08", "time": "1531", "frp": "6.76", "confidence": "n"}}, {"type": "Feature", "geometry": {"type": "Point", "coordinates": [146.89995, -7.92131]}, "properties": {"source": "VIIRS_SNPP", "date": "2026-10-08", "time": "1531", "frp": "1.36", "confidence": "n"}}, {"type": "Feature", "geometry": {"type": "Point", "coordinates": [146.83774, -7.91858]}, "properties": {"source": "VIIRS_SNPP", "date": "2026-10-08", "time": "1531", "frp": "0.52", "confidence": "n"}}, {"type": "Feature", "geometry": {"type": "Point", "coordinates": [146.90056, -7.91769]}, "properties": {"source": "VIIRS_SNPP", "date": "2026-10-08", "time": "1531", "frp": "1.36", "confidence": "n"}}, {"type": "Feature", "geometry": {"type": "Point", "coordinates": [146.89621, -7.91697]}, "properties": {"source": "VIIRS_SNPP", "date": "2026-10-08", "time": "1531", "frp": "1.87", "confidence": "n"}}, {"type": "Feature", "geometry": {"type": "Point", "coordinates": [146.94702, -7.9142]}, "properties": {"source": "VIIRS_SNPP", "date": "2026-10-08", "time": "1531", "frp": "1.56", "confidence": "n"}}, {"type": "Feature", "geometry": {"type": "Point", "coordinates": [146.90115, -7.91406]}, "properties": {"source": "VIIRS_SNPP", "date": "2026-10-08", "time": "1531", "frp": "0.42", "confidence": "n"}}, {"type": "Feature", "geometry": {"type": "Point", "coordinates": [146.94312, -7.91355]}, "properties": {"source": "VIIRS_SNPP", "date": "2026-10-08", "time": "1531", "frp": "1.56", "confidence": "n"}}, {"type": "Feature", "geometry": {"type": "Point", "coordinates": [146.89676, -7.91334]}, "properties": {"source": "VIIRS_SNPP", "date": "2026-10-08", "time": "1531", "frp": "2.05", "confidence": "n"}}, {"type": "Feature", "geometry": {"type": "Point", "coordinates": [146.94751, -7.91057]}, "properties": {"source": "VIIRS_SNPP", "date": "2026-10-08", "time": "1531", "frp": "1.56", "confidence": "n"}}, {"type": "Feature", "geometry": {"type": "Point", "coordinates": [146.9436, -7.90991]}, "properties": {"source": "VIIRS_SNPP", "date": "2026-10-08", "time": "1531", "frp": "1.56", "confidence": "n"}}, {"type": "Feature", "geometry": {"type": "Point", "coordinates": [146.94798, -7.90693]}, "properties": {"source": "VIIRS_SNPP", "date": "2026-10-08", "time": "1531", "frp": "1.37", "confidence": "n"}}, {"type": "Feature", "geometry": {"type": "Point", "coordinates": [146.94403, -7.90627]}, "properties": {"source": "VIIRS_SNPP", "date": "2026-10-08", "time": "1531", "frp": "1.37", "confidence": "n"}}, {"type": "Feature", "geometry": {"type": "Point", "coordinates": [146.95253, -7.90396]}, "properties": {"source": "VIIRS_SNPP", "date": "2026-10-08", "time": "1531", "frp": "1.41", "confidence": "n"}}, {"type": "Feature", "geometry": {"type": "Point", "coordinates": [146.94847, -7.90329]}, "properties": {"source": "VIIRS_SNPP", "date": "2026-10-08", "time": "1531", "frp": "1.37", "confidence": "n"}}, {"type": "Feature", "geometry": {"type": "Point", "coordinates": [146.94902, -7.89966]}, "properties": {"source": "VIIRS_SNPP", "date": "2026-10-08", "time": "1531", "frp": "0.54", "confidence": "n"}}, {"type": "Feature", "geometry": {"type": "Point", "coordinates": [148.00246, -10.09544]}, "properties": {"source": "VIIRS_SNPP", "date": "2026-10-09", "time": "408", "frp": "5.43", "confidence": "n"}}, {"type": "Feature", "geometry": {"type": "Point", "coordinates": [148.0018, -10.09164]}, "properties": {"source": "VIIRS_SNPP", "date": "2026-10-09", "time": "408", "frp": "5.43", "confidence": "n"}}, {"type": "Feature", "geometry": {"type": "Point", "coordinates": [148.18852, -10.06855]}, "properties": {"source": "VIIRS_SNPP", "date": "2026-10-09", "time": "408", "frp": "7.7", "confidence": "l"}}, {"type": "Feature", "geometry": {"type": "Point", "coordinates": [148.61024, -10.04543]}, "properties": {"source": "VIIRS_SNPP", "date": "2026-10-09", "time": "408", "frp": "4.3", "confidence": "n"}}, {"type": "Feature", "geometry": {"type": "Point", "coordinates": [147.95047, -10.03462]}, "properties": {"source": "VIIRS_SNPP", "date": "2026-10-09", "time": "408", "frp": "4.31", "confidence": "n"}}, {"type": "Feature", "geometry": {"type": "Point", "coordinates": [147.94872, -10.03413]}, "properties": {"source": "VIIRS_SNPP", "date": "2026-10-09", "time": "408", "frp": "3.27", "confidence": "n"}}, {"type": "Feature", "geometry": {"type": "Point", "coordinates": [149.6161, -10.02314]}, "properties": {"source": "VIIRS_SNPP", "date": "2026-10-09", "time": "408", "frp": "10.86", "confidence": "n"}}, {"type": "Feature", "geometry": {"type": "Point", "coordinates": [148.11035, -10.01455]}, "properties": {"source": "VIIRS_SNPP", "date": "2026-10-09", "time": "408", "frp": "4.09", "confidence": "l"}}, {"type": "Feature", "geometry": {"type": "Point", "coordinates": [147.87001, -10.01277]}, "properties": {"source": "VIIRS_SNPP", "date": "2026-10-09", "time": "408", "frp": "7.85", "confidence": "n"}}, {"type": "Feature", "geometry": {"type": "Point", "coordinates": [148.23187, -10.00184]}, "properties": {"source": "VIIRS_SNPP", "date": "2026-10-09", "time": "408", "frp": "40.74", "confidence": "n"}}, {"type": "Feature", "geometry": {"type": "Point", "coordinates": [148.45764, -9.99161]}, "properties": {"source": "VIIRS_SNPP", "date": "2026-10-09", "time": "408", "frp": "9.25", "confidence": "n"}}, {"type": "Feature", "geometry": {"type": "Point", "coordinates": [149.65686, -9.99003]}, "properties": {"source": "VIIRS_SNPP", "date": "2026-10-09", "time": "408", "frp": "5.57", "confidence": "n"}}, {"type": "Feature", "geometry": {"type": "Point", "coordinates": [147.82301, -9.98565]}, "properties": {"source": "VIIRS_SNPP", "date": "2026-10-09", "time": "408", "frp": "3.79", "confidence": "l"}}, {"type": "Feature", "geometry": {"type": "Point", "coordinates": [147.82239, -9.98188]}, "properties": {"source": "VIIRS_SNPP", "date": "2026-10-09", "time": "408", "frp": "3.79", "confidence": "n"}}, {"type": "Feature", "geometry": {"type": "Point", "coordinates": [147.82698, -9.98111]}, "properties": {"source": "VIIRS_SNPP", "date": "2026-10-09", "time": "408", "frp": "3.79", "confidence": "n"}}, {"type": "Feature", "geometry": {"type": "Point", "coordinates": [147.81717, -9.97888]}, "properties": {"source": "VIIRS_SNPP", "date": "2026-10-09", "time": "408", "frp": "4.6", "confidence": "l"}}, {"type": "Feature", "geometry": {"type": "Point", "coordinates": [147.82634, -9.97734]}, "properties": {"source": "VIIRS_SNPP", "date": "2026-10-09", "time": "408", "frp": "6.08", "confidence": "n"}}, {"type": "Feature", "geometry": {"type": "Point", "coordinates": [148.04568, -9.94058]}, "properties": {"source": "VIIRS_SNPP", "date": "2026-10-09", "time": "408", "frp": "6.53", "confidence": "n"}}, {"type": "Feature", "geometry": {"type": "Point", "coordinates": [147.87178, -9.90447]}, "properties": {"source": "VIIRS_SNPP", "date": "2026-10-09", "time": "408", "frp": "12.23", "confidence": "n"}}, {"type": "Feature", "geometry": {"type": "Point", "coordinates": [147.80769, -9.88789]}, "properties": {"source": "VIIRS_SNPP", "date": "2026-10-09", "time": "408", "frp": "13.49", "confidence": "n"}}, {"type": "Feature", "geometry": {"type": "Point", "coordinates": [149.30225, -9.85639]}, "properties": {"source": "VIIRS_SNPP", "date": "2026-10-09", "time": "408", "frp": "22.6", "confidence": "n"}}, {"type": "Feature", "geometry": {"type": "Point", "coordinates": [149.30516, -9.85164]}, "properties": {"source": "VIIRS_SNPP", "date": "2026-10-09", "time": "408", "frp": "37.51", "confidence": "n"}}, {"type": "Feature", "geometry": {"type": "Point", "coordinates": [149.3093, -9.85093]}, "properties": {"source": "VIIRS_SNPP", "date": "2026-10-09", "time": "408", "frp": "42.73", "confidence": "n"}}, {"type": "Feature", "geometry": {"type": "Point", "coordinates": [147.71097, -9.84611]}, "properties": {"source": "VIIRS_SNPP", "date": "2026-10-09", "time": "408", "frp": "2.04", "confidence": "l"}}, {"type": "Feature", "geometry": {"type": "Point", "coordinates": [147.77306, -9.80842]}, "properties": {"source": "VIIRS_SNPP", "date": "2026-10-09", "time": "408", "frp": "1.34", "confidence": "l"}}, {"type": "Feature", "geometry": {"type": "Point", "coordinates": [149.27669, -9.79909]}, "properties": {"source": "VIIRS_SNPP", "date": "2026-10-09", "time": "408", "frp": "9.23", "confidence": "n"}}, {"type": "Feature", "geometry": {"type": "Point", "coordinates": [149.27672, -9.79484]}, "properties": {"source": "VIIRS_SNPP", "date": "2026-10-09", "time": "408", "frp": "9.23", "confidence": "n"}}, {"type": "Feature", "geometry": {"type": "Point", "coordinates": [147.7816, -9.77601]}, "properties": {"source": "VIIRS_SNPP", "date": "2026-10-09", "time": "408", "frp": "11.36", "confidence": "n"}}, {"type": "Feature", "geometry": {"type": "Point", "coordinates": [147.82884, -9.75259]}, "properties": {"source": "VIIRS_SNPP", "date": "2026-10-09", "time": "408", "frp": "4.41", "confidence": "n"}}, {"type": "Feature", "geometry": {"type": "Point", "coordinates": [147.82802, -9.74884]}, "properties": {"source": "VIIRS_SNPP", "date": "2026-10-09", "time": "408", "frp": "4.41", "confidence": "n"}}, {"type": "Feature", "geometry": {"type": "Point", "coordinates": [147.88708, -9.72721]}, "properties": {"source": "VIIRS_SNPP", "date": "2026-10-09", "time": "408", "frp": "8.65", "confidence": "n"}}, {"type": "Feature", "geometry": {"type": "Point", "coordinates": [147.53067, -9.69807]}, "properties": {"source": "VIIRS_SNPP", "date": "2026-10-09", "time": "408", "frp": "2.67", "confidence": "l"}}, {"type": "Feature", "geometry": {"type": "Point", "coordinates": [148.53021, -9.691]}, "properties": {"source": "VIIRS_SNPP", "date": "2026-10-09", "time": "408", "frp": "16.8", "confidence": "n"}}, {"type": "Feature", "geometry": {"type": "Point", "coordinates": [147.80861, -9.68671]}, "properties": {"source": "VIIRS_SNPP", "date": "2026-10-09", "time": "408", "frp": "14.74", "confidence": "n"}}, {"type": "Feature", "geometry": {"type": "Point", "coordinates": [147.66316, -9.68372]}, "properties": {"source": "VIIRS_SNPP", "date": "2026-10-09", "time": "408", "frp": "3.48", "confidence": "l"}}, {"type": "Feature", "geometry": {"type": "Point", "coordinates": [148.52899, -9.68309]}, "properties": {"source": "VIIRS_SNPP", "date": "2026-10-09", "time": "408", "frp": "2.68", "confidence": "l"}}, {"type": "Feature", "geometry": {"type": "Point", "coordinates": [147.65349, -9.68147]}, "properties": {"source": "VIIRS_SNPP", "date": "2026-10-09", "time": "408", "frp": "5.66", "confidence": "n"}}, {"type": "Feature", "geometry": {"type": "Point", "coordinates": [147.86609, -9.68111]}, "properties": {"source": "VIIRS_SNPP", "date": "2026-10-09", "time": "408", "frp": "5.76", "confidence": "n"}}, {"type": "Feature", "geometry": {"type": "Point", "coordinates": [148.61909, -9.67212]}, "properties": {"source": "VIIRS_SNPP", "date": "2026-10-09", "time": "408", "frp": "10.91", "confidence": "n"}}, {"type": "Feature", "geometry": {"type": "Point", "coordinates": [147.71213, -9.66784]}, "properties": {"source": "VIIRS_SNPP", "date": "2026-10-09", "time": "408", "frp": "6.65", "confidence": "n"}}, {"type": "Feature", "geometry": {"type": "Point", "coordinates": [149.66331, -9.66414]}, "properties": {"source": "VIIRS_SNPP", "date": "2026-10-09", "time": "408", "frp": "0.98", "confidence": "n"}}, {"type": "Feature", "geometry": {"type": "Point", "coordinates": [148.59088, -9.63605]}, "properties": {"source": "VIIRS_SNPP", "date": "2026-10-09", "time": "408", "frp": "12.97", "confidence": "n"}}, {"type": "Feature", "geometry": {"type": "Point", "coordinates": [147.6635, -9.62147]}, "properties": {"source": "VIIRS_SNPP", "date": "2026-10-09", "time": "408", "frp": "4.87", "confidence": "n"}}, {"type": "Feature", "geometry": {"type": "Point", "coordinates": [148.79004, -9.61874]}, "properties": {"source": "VIIRS_SNPP", "date": "2026-10-09", "time": "408", "frp": "3.04", "confidence": "n"}}, {"type": "Feature", "geometry": {"type": "Point", "coordinates": [147.94075, -9.58386]}, "properties": {"source": "VIIRS_SNPP", "date": "2026-10-09", "time": "408", "frp": "6.79", "confidence": "n"}}, {"type": "Feature", "geometry": {"type": "Point", "coordinates": [148.33681, -9.46245]}, "properties": {"source": "VIIRS_SNPP", "date": "2026-10-09", "time": "408", "frp": "7.56", "confidence": "l"}}, {"type": "Feature", "geometry": {"type": "Point", "coordinates": [148.36205, -9.46223]}, "properties": {"source": "VIIRS_SNPP", "date": "2026-10-09", "time": "408", "frp": "4.65", "confidence": "n"}}, {"type": "Feature", "geometry": {"type": "Point", "coordinates": [147.42798, -9.45109]}, "properties": {"source": "VIIRS_SNPP", "date": "2026-10-09", "time": "408", "frp": "10.9", "confidence": "n"}}, {"type": "Feature", "geometry": {"type": "Point", "coordinates": [147.36429, -9.41581]}, "properties": {"source": "VIIRS_SNPP", "date": "2026-10-09", "time": "408", "frp": "6.5", "confidence": "l"}}, {"type": "Feature", "geometry": {"type": "Point", "coordinates": [148.79684, -9.40529]}, "properties": {"source": "VIIRS_SNPP", "date": "2026-10-09", "time": "408", "frp": "13.69", "confidence": "n"}}, {"type": "Feature", "geometry": {"type": "Point", "coordinates": [147.44121, -9.39168]}, "properties": {"source": "VIIRS_SNPP", "date": "2026-10-09", "time": "408", "frp": "2.37", "confidence": "l"}}, {"type": "Feature", "geometry": {"type": "Point", "coordinates": [147.42204, -9.38722]}, "properties": {"source": "VIIRS_SNPP", "date": "2026-10-09", "time": "408", "frp": "27.3", "confidence": "n"}}, {"type": "Feature", "geometry": {"type": "Point", "coordinates": [147.42148, -9.3835]}, "properties": {"source": "VIIRS_SNPP", "date": "2026-10-09", "time": "408", "frp": "27.3", "confidence": "n"}}, {"type": "Feature", "geometry": {"type": "Point", "coordinates": [148.76295, -9.37787]}, "properties": {"source": "VIIRS_SNPP", "date": "2026-10-09", "time": "408", "frp": "4.8", "confidence": "n"}}, {"type": "Feature", "geometry": {"type": "Point", "coordinates": [148.76649, -9.37727]}, "properties": {"source": "VIIRS_SNPP", "date": "2026-10-09", "time": "408", "frp": "4.8", "confidence": "n"}}, {"type": "Feature", "geometry": {"type": "Point", "coordinates": [147.41589, -9.37679]}, "properties": {"source": "VIIRS_SNPP", "date": "2026-10-09", "time": "408", "frp": "5.98", "confidence": "n"}}, {"type": "Feature", "geometry": {"type": "Point", "coordinates": [147.4431, -9.37608]}, "properties": {"source": "VIIRS_SNPP", "date": "2026-10-09", "time": "408", "frp": "2.87", "confidence": "l"}}, {"type": "Feature", "geometry": {"type": "Point", "coordinates": [147.33107, -9.37401]}, "properties": {"source": "VIIRS_SNPP", "date": "2026-10-09", "time": "408", "frp": "5.48", "confidence": "n"}}, {"type": "Feature", "geometry": {"type": "Point", "coordinates": [148.76227, -9.37385]}, "properties": {"source": "VIIRS_SNPP", "date": "2026-10-09", "time": "408", "frp": "4.8", "confidence": "n"}}, {"type": "Feature", "geometry": {"type": "Point", "coordinates": [148.76581, -9.37324]}, "properties": {"source": "VIIRS_SNPP", "date": "2026-10-09", "time": "408", "frp": "4.8", "confidence": "n"}}, {"type": "Feature", "geometry": {"type": "Point", "coordinates": [147.33028, -9.37203]}, "properties": {"source": "VIIRS_SNPP", "date": "2026-10-09", "time": "408", "frp": "3.79", "confidence": "n"}}, {"type": "Feature", "geometry": {"type": "Point", "coordinates": [147.32991, -9.36829]}, "properties": {"source": "VIIRS_SNPP", "date": "2026-10-09", "time": "408", "frp": "3.79", "confidence": "n"}}, {"type": "Feature", "geometry": {"type": "Point", "coordinates": [147.33041, -9.36653]}, "properties": {"source": "VIIRS_SNPP", "date": "2026-10-09", "time": "408", "frp": "3.87", "confidence": "l"}}, {"type": "Feature", "geometry": {"type": "Point", "coordinates": [148.79581, -9.35564]}, "properties": {"source": "VIIRS_SNPP", "date": "2026-10-09", "time": "408", "frp": "6.35", "confidence": "n"}}, {"type": "Feature", "geometry": {"type": "Point", "coordinates": [148.65245, -9.35048]}, "properties": {"source": "VIIRS_SNPP", "date": "2026-10-09", "time": "408", "frp": "2.6", "confidence": "n"}}, {"type": "Feature", "geometry": {"type": "Point", "coordinates": [148.76767, -9.34788]}, "properties": {"source": "VIIRS_SNPP", "date": "2026-10-09", "time": "408", "frp": "3.41", "confidence": "n"}}, {"type": "Feature", "geometry": {"type": "Point", "coordinates": [148.76889, -9.34783]}, "properties": {"source": "VIIRS_SNPP", "date": "2026-10-09", "time": "408", "frp": "3.26", "confidence": "n"}}, {"type": "Feature", "geometry": {"type": "Point", "coordinates": [148.91077, -9.33584]}, "properties": {"source": "VIIRS_SNPP", "date": "2026-10-09", "time": "408", "frp": "4.69", "confidence": "n"}}, {"type": "Feature", "geometry": {"type": "Point", "coordinates": [149.11729, -9.32984]}, "properties": {"source": "VIIRS_SNPP", "date": "2026-10-09", "time": "408", "frp": "7.04", "confidence": "n"}}, {"type": "Feature", "geometry": {"type": "Point", "coordinates": [149.13704, -9.29247]}, "properties": {"source": "VIIRS_SNPP", "date": "2026-10-09", "time": "408", "frp": "2.15", "confidence": "n"}}, {"type": "Feature", "geometry": {"type": "Point", "coordinates": [147.13799, -9.27784]}, "properties": {"source": "VIIRS_SNPP", "date": "2026-10-09", "time": "408", "frp": "2.78", "confidence": "n"}}, {"type": "Feature", "geometry": {"type": "Point", "coordinates": [148.85829, -9.27446]}, "properties": {"source": "VIIRS_SNPP", "date": "2026-10-09", "time": "408", "frp": "3.85", "confidence": "n"}}, {"type": "Feature", "geometry": {"type": "Point", "coordinates": [147.16829, -9.27294]}, "properties": {"source": "VIIRS_SNPP", "date": "2026-10-09", "time": "408", "frp": "2.78", "confidence": "l"}}, {"type": "Feature", "geometry": {"type": "Point", "coordinates": [148.79683, -9.25994]}, "properties": {"source": "VIIRS_SNPP", "date": "2026-10-09", "time": "408", "frp": "3.68", "confidence": "n"}}, {"type": "Feature", "geometry": {"type": "Point", "coordinates": [147.06306, -9.25245]}, "properties": {"source": "VIIRS_SNPP", "date": "2026-10-09", "time": "408", "frp": "2.67", "confidence": "l"}}, {"type": "Feature", "geometry": {"type": "Point", "coordinates": [147.08023, -9.24964]}, "properties": {"source": "VIIRS_SNPP", "date": "2026-10-09", "time": "408", "frp": "4.63", "confidence": "n"}}, {"type": "Feature", "geometry": {"type": "Point", "coordinates": [147.06245, -9.2488]}, "properties": {"source": "VIIRS_SNPP", "date": "2026-10-09", "time": "408", "frp": "2.67", "confidence": "l"}}, {"type": "Feature", "geometry": {"type": "Point", "coordinates": [147.30551, -9.23933]}, "properties": {"source": "VIIRS_SNPP", "date": "2026-10-09", "time": "408", "frp": "5.06", "confidence": "n"}}, {"type": "Feature", "geometry": {"type": "Point", "coordinates": [148.68332, -9.23285]}, "properties": {"source": "VIIRS_SNPP", "date": "2026-10-09", "time": "408", "frp": "3.1", "confidence": "n"}}, {"type": "Feature", "geometry": {"type": "Point", "coordinates": [147.35725, -9.22328]}, "properties": {"source": "VIIRS_SNPP", "date": "2026-10-09", "time": "408", "frp": "3.16", "confidence": "n"}}, {"type": "Feature", "geometry": {"type": "Point", "coordinates": [147.34767, -9.22104]}, "properties": {"source": "VIIRS_SNPP", "date": "2026-10-09", "time": "408", "frp": "2.53", "confidence": "n"}}, {"type": "Feature", "geometry": {"type": "Point", "coordinates": [147.35663, -9.21957]}, "properties": {"source": "VIIRS_SNPP", "date": "2026-10-09", "time": "408", "frp": "5.74", "confidence": "l"}}, {"type": "Feature", "geometry": {"type": "Point", "coordinates": [147.18961, -9.21285]}, "properties": {"source": "VIIRS_SNPP", "date": "2026-10-09", "time": "408", "frp": "2.65", "confidence": "n"}}, {"type": "Feature", "geometry": {"type": "Point", "coordinates": [147.19397, -9.21213]}, "properties": {"source": "VIIRS_SNPP", "date": "2026-10-09", "time": "408", "frp": "2.65", "confidence": "n"}}, {"type": "Feature", "geometry": {"type": "Point", "coordinates": [147.26999, -9.21097]}, "properties": {"source": "VIIRS_SNPP", "date": "2026-10-09", "time": "408", "frp": "3.66", "confidence": "l"}}, {"type": "Feature", "geometry": {"type": "Point", "coordinates": [147.28522, -9.19327]}, "properties": {"source": "VIIRS_SNPP", "date": "2026-10-09", "time": "408", "frp": "4.75", "confidence": "n"}}, {"type": "Feature", "geometry": {"type": "Point", "coordinates": [147.28827, -9.18517]}, "properties": {"source": "VIIRS_SNPP", "date": "2026-10-09", "time": "408", "frp": "3.04", "confidence": "n"}}, {"type": "Feature", "geometry": {"type": "Point", "coordinates": [147.2876, -9.18148]}, "properties": {"source": "VIIRS_SNPP", "date": "2026-10-09", "time": "408", "frp": "3.04", "confidence": "l"}}, {"type": "Feature", "geometry": {"type": "Point", "coordinates": [148.68436, -9.17483]}, "properties": {"source": "VIIRS_SNPP", "date": "2026-10-09", "time": "408", "frp": "4.06", "confidence": "n"}}, {"type": "Feature", "geometry": {"type": "Point", "coordinates": [147.21886, -9.17396]}, "properties": {"source": "VIIRS_SNPP", "date": "2026-10-09", "time": "408", "frp": "3.09", "confidence": "n"}}, {"type": "Feature", "geometry": {"type": "Point", "coordinates": [147.28566, -9.1704]}, "properties": {"source": "VIIRS_SNPP", "date": "2026-10-09", "time": "408", "frp": "4.54", "confidence": "n"}}, {"type": "Feature", "geometry": {"type": "Point", "coordinates": [147.28633, -9.1686]}, "properties": {"source": "VIIRS_SNPP", "date": "2026-10-09", "time": "408", "frp": "5.11", "confidence": "n"}}, {"type": "Feature", "geometry": {"type": "Point", "coordinates": [147.1483, -9.1191]}, "properties": {"source": "VIIRS_SNPP", "date": "2026-10-09", "time": "408", "frp": "2.72", "confidence": "n"}}, {"type": "Feature", "geometry": {"type": "Point", "coordinates": [149.01718, -9.10099]}, "properties": {"source": "VIIRS_SNPP", "date": "2026-10-09", "time": "408", "frp": "5.22", "confidence": "n"}}, {"type": "Feature", "geometry": {"type": "Point", "coordinates": [147.11299, -9.0617]}, "properties": {"source": "VIIRS_SNPP", "date": "2026-10-09", "time": "408", "frp": "2.02", "confidence": "l"}}, {"type": "Feature", "geometry": {"type": "Point", "coordinates": [149.0742, -9.05965]}, "properties": {"source": "VIIRS_SNPP", "date": "2026-10-09", "time": "408", "frp": "4.24", "confidence": "n"}}, {"type": "Feature", "geometry": {"type": "Point", "coordinates": [146.84564, -9.00056]}, "properties": {"source": "VIIRS_SNPP", "date": "2026-10-09", "time": "408", "frp": "9.69", "confidence": "n"}}, {"type": "Feature", "geometry": {"type": "Point", "coordinates": [146.85307, -8.90958]}, "properties": {"source": "VIIRS_SNPP", "date": "2026-10-09", "time": "408", "frp": "5.73", "confidence": "n"}}, {"type": "Feature", "geometry": {"type": "Point", "coordinates": [146.85667, -8.90941]}, "properties": {"source": "VIIRS_SNPP", "date": "2026-10-09", "time": "408", "frp": "6.44", "confidence": "n"}}, {"type": "Feature", "geometry": {"type": "Point", "coordinates": [146.7917, -8.90452]}, "properties": {"source": "VIIRS_SNPP", "date": "2026-10-09", "time": "408", "frp": "4.35", "confidence": "l"}}, {"type": "Feature", "geometry": {"type": "Point", "coordinates": [146.92883, -8.90121]}, "properties": {"source": "VIIRS_SNPP", "date": "2026-10-09", "time": "408", "frp": "2.56", "confidence": "n"}}, {"type": "Feature", "geometry": {"type": "Point", "coordinates": [147.73589, -8.89399]}, "properties": {"source": "VIIRS_SNPP", "date": "2026-10-09", "time": "408", "frp": "5.08", "confidence": "n"}}, {"type": "Feature", "geometry": {"type": "Point", "coordinates": [146.81398, -8.88236]}, "properties": {"source": "VIIRS_SNPP", "date": "2026-10-09", "time": "408", "frp": "5.61", "confidence": "l"}}, {"type": "Feature", "geometry": {"type": "Point", "coordinates": [146.81339, -8.87874]}, "properties": {"source": "VIIRS_SNPP", "date": "2026-10-09", "time": "408", "frp": "5.61", "confidence": "n"}}, {"type": "Feature", "geometry": {"type": "Point", "coordinates": [146.78638, -8.87196]}, "properties": {"source": "VIIRS_SNPP", "date": "2026-10-09", "time": "408", "frp": "7.9", "confidence": "n"}}, {"type": "Feature", "geometry": {"type": "Point", "coordinates": [146.78996, -8.86767]}, "properties": {"source": "VIIRS_SNPP", "date": "2026-10-09", "time": "408", "frp": "7.9", "confidence": "n"}}, {"type": "Feature", "geometry": {"type": "Point", "coordinates": [146.81999, -8.86651]}, "properties": {"source": "VIIRS_SNPP", "date": "2026-10-09", "time": "408", "frp": "6.62", "confidence": "n"}}, {"type": "Feature", "geometry": {"type": "Point", "coordinates": [146.73071, -8.82171]}, "properties": {"source": "VIIRS_SNPP", "date": "2026-10-09", "time": "408", "frp": "2.23", "confidence": "n"}}, {"type": "Feature", "geometry": {"type": "Point", "coordinates": [146.73099, -8.82115]}, "properties": {"source": "VIIRS_SNPP", "date": "2026-10-09", "time": "408", "frp": "2.03", "confidence": "n"}}, {"type": "Feature", "geometry": {"type": "Point", "coordinates": [146.83215, -8.80867]}, "properties": {"source": "VIIRS_SNPP", "date": "2026-10-09", "time": "408", "frp": "2.64", "confidence": "l"}}, {"type": "Feature", "geometry": {"type": "Point", "coordinates": [146.83095, -8.80142]}, "properties": {"source": "VIIRS_SNPP", "date": "2026-10-09", "time": "408", "frp": "7.39", "confidence": "n"}}, {"type": "Feature", "geometry": {"type": "Point", "coordinates": [146.83141, -8.80142]}, "properties": {"source": "VIIRS_SNPP", "date": "2026-10-09", "time": "408", "frp": "5.93", "confidence": "n"}}, {"type": "Feature", "geometry": {"type": "Point", "coordinates": [146.75572, -8.76155]}, "properties": {"source": "VIIRS_SNPP", "date": "2026-10-09", "time": "408", "frp": "5.52", "confidence": "n"}}, {"type": "Feature", "geometry": {"type": "Point", "coordinates": [146.75035, -8.755]}, "properties": {"source": "VIIRS_SNPP", "date": "2026-10-09", "time": "408", "frp": "10.68", "confidence": "n"}}, {"type": "Feature", "geometry": {"type": "Point", "coordinates": [146.73723, -8.72745]}, "properties": {"source": "VIIRS_SNPP", "date": "2026-10-09", "time": "408", "frp": "1.99", "confidence": "n"}}, {"type": "Feature", "geometry": {"type": "Point", "coordinates": [147.31921, -8.72693]}, "properties": {"source": "VIIRS_SNPP", "date": "2026-10-09", "time": "408", "frp": "3.44", "confidence": "n"}}, {"type": "Feature", "geometry": {"type": "Point", "coordinates": [146.74921, -8.72176]}, "properties": {"source": "VIIRS_SNPP", "date": "2026-10-09", "time": "408", "frp": "3.15", "confidence": "n"}}, {"type": "Feature", "geometry": {"type": "Point", "coordinates": [147.30957, -8.71703]}, "properties": {"source": "VIIRS_SNPP", "date": "2026-10-09", "time": "408", "frp": "5.35", "confidence": "n"}}, {"type": "Feature", "geometry": {"type": "Point", "coordinates": [146.80522, -8.69765]}, "properties": {"source": "VIIRS_SNPP", "date": "2026-10-09", "time": "408", "frp": "4.67", "confidence": "n"}}, {"type": "Feature", "geometry": {"type": "Point", "coordinates": [146.80577, -8.69718]}, "properties": {"source": "VIIRS_SNPP", "date": "2026-10-09", "time": "408", "frp": "4.72", "confidence": "n"}}, {"type": "Feature", "geometry": {"type": "Point", "coordinates": [146.60063, -8.69673]}, "properties": {"source": "VIIRS_SNPP", "date": "2026-10-09", "time": "408", "frp": "2.63", "confidence": "n"}}, {"type": "Feature", "geometry": {"type": "Point", "coordinates": [147.36417, -8.68906]}, "properties": {"source": "VIIRS_SNPP", "date": "2026-10-09", "time": "408", "frp": "4.75", "confidence": "n"}}, {"type": "Feature", "geometry": {"type": "Point", "coordinates": [147.36832, -8.68838]}, "properties": {"source": "VIIRS_SNPP", "date": "2026-10-09", "time": "408", "frp": "4.75", "confidence": "n"}}, {"type": "Feature", "geometry": {"type": "Point", "coordinates": [148.04745, -8.68119]}, "properties": {"source": "VIIRS_SNPP", "date": "2026-10-09", "time": "408", "frp": "17.09", "confidence": "n"}}, {"type": "Feature", "geometry": {"type": "Point", "coordinates": [147.10101, -8.64233]}, "properties": {"source": "VIIRS_SNPP", "date": "2026-10-09", "time": "408", "frp": "6.59", "confidence": "n"}}, {"type": "Feature", "geometry": {"type": "Point", "coordinates": [147.26051, -8.63189]}, "properties": {"source": "VIIRS_SNPP", "date": "2026-10-09", "time": "408", "frp": "4.52", "confidence": "n"}}, {"type": "Feature", "geometry": {"type": "Point", "coordinates": [147.25891, -8.62991]}, "properties": {"source": "VIIRS_SNPP", "date": "2026-10-09", "time": "408", "frp": "4.65", "confidence": "l"}}, {"type": "Feature", "geometry": {"type": "Point", "coordinates": [146.69203, -8.6079]}, "properties": {"source": "VIIRS_SNPP", "date": "2026-10-09", "time": "408", "frp": "7.73", "confidence": "n"}}, {"type": "Feature", "geometry": {"type": "Point", "coordinates": [146.6931, -8.60715]}, "properties": {"source": "VIIRS_SNPP", "date": "2026-10-09", "time": "408", "frp": "5.63", "confidence": "n"}}, {"type": "Feature", "geometry": {"type": "Point", "coordinates": [147.24727, -8.58446]}, "properties": {"source": "VIIRS_SNPP", "date": "2026-10-09", "time": "408", "frp": "11", "confidence": "n"}}, {"type": "Feature", "geometry": {"type": "Point", "coordinates": [147.25214, -8.58367]}, "properties": {"source": "VIIRS_SNPP", "date": "2026-10-09", "time": "408", "frp": "11", "confidence": "n"}}, {"type": "Feature", "geometry": {"type": "Point", "coordinates": [147.24654, -8.58077]}, "properties": {"source": "VIIRS_SNPP", "date": "2026-10-09", "time": "408", "frp": "13.93", "confidence": "n"}}, {"type": "Feature", "geometry": {"type": "Point", "coordinates": [147.25139, -8.57997]}, "properties": {"source": "VIIRS_SNPP", "date": "2026-10-09", "time": "408", "frp": "13.93", "confidence": "n"}}, {"type": "Feature", "geometry": {"type": "Point", "coordinates": [147.2561, -8.5792]}, "properties": {"source": "VIIRS_SNPP", "date": "2026-10-09", "time": "408", "frp": "6.46", "confidence": "n"}}, {"type": "Feature", "geometry": {"type": "Point", "coordinates": [147.2507, -8.57627]}, "properties": {"source": "VIIRS_SNPP", "date": "2026-10-09", "time": "408", "frp": "13.93", "confidence": "n"}}, {"type": "Feature", "geometry": {"type": "Point", "coordinates": [147.25545, -8.57549]}, "properties": {"source": "VIIRS_SNPP", "date": "2026-10-09", "time": "408", "frp": "6.46", "confidence": "n"}}, {"type": "Feature", "geometry": {"type": "Point", "coordinates": [147.13649, -8.5684]}, "properties": {"source": "VIIRS_SNPP", "date": "2026-10-09", "time": "408", "frp": "19.55", "confidence": "n"}}, {"type": "Feature", "geometry": {"type": "Point", "coordinates": [147.13623, -8.56465]}, "properties": {"source": "VIIRS_SNPP", "date": "2026-10-09", "time": "408", "frp": "19.55", "confidence": "n"}}, {"type": "Feature", "geometry": {"type": "Point", "coordinates": [146.61772, -8.56007]}, "properties": {"source": "VIIRS_SNPP", "date": "2026-10-09", "time": "408", "frp": "3.61", "confidence": "n"}}, {"type": "Feature", "geometry": {"type": "Point", "coordinates": [147.13026, -8.55045]}, "properties": {"source": "VIIRS_SNPP", "date": "2026-10-09", "time": "408", "frp": "3.33", "confidence": "n"}}, {"type": "Feature", "geometry": {"type": "Point", "coordinates": [146.92279, -8.52919]}, "properties": {"source": "VIIRS_SNPP", "date": "2026-10-09", "time": "408", "frp": "3.78", "confidence": "n"}}, {"type": "Feature", "geometry": {"type": "Point", "coordinates": [147.1624, -8.52824]}, "properties": {"source": "VIIRS_SNPP", "date": "2026-10-09", "time": "408", "frp": "3.16", "confidence": "n"}}, {"type": "Feature", "geometry": {"type": "Point", "coordinates": [146.94385, -8.52202]}, "properties": {"source": "VIIRS_SNPP", "date": "2026-10-09", "time": "408", "frp": "20.83", "confidence": "n"}}, {"type": "Feature", "geometry": {"type": "Point", "coordinates": [146.69557, -8.51402]}, "properties": {"source": "VIIRS_SNPP", "date": "2026-10-09", "time": "408", "frp": "2.99", "confidence": "n"}}, {"type": "Feature", "geometry": {"type": "Point", "coordinates": [147.05141, -8.51209]}, "properties": {"source": "VIIRS_SNPP", "date": "2026-10-09", "time": "408", "frp": "5.53", "confidence": "n"}}, {"type": "Feature", "geometry": {"type": "Point", "coordinates": [146.98035, -8.50479]}, "properties": {"source": "VIIRS_SNPP", "date": "2026-10-09", "time": "408", "frp": "4.93", "confidence": "n"}}, {"type": "Feature", "geometry": {"type": "Point", "coordinates": [146.62119, -8.49912]}, "properties": {"source": "VIIRS_SNPP", "date": "2026-10-09", "time": "408", "frp": "4.85", "confidence": "n"}}, {"type": "Feature", "geometry": {"type": "Point", "coordinates": [147.00346, -8.48594]}, "properties": {"source": "VIIRS_SNPP", "date": "2026-10-09", "time": "408", "frp": "4.24", "confidence": "n"}}, {"type": "Feature", "geometry": {"type": "Point", "coordinates": [147.32735, -8.48251]}, "properties": {"source": "VIIRS_SNPP", "date": "2026-10-09", "time": "408", "frp": "16.2", "confidence": "n"}}, {"type": "Feature", "geometry": {"type": "Point", "coordinates": [147.13062, -8.47267]}, "properties": {"source": "VIIRS_SNPP", "date": "2026-10-09", "time": "408", "frp": "5.96", "confidence": "n"}}, {"type": "Feature", "geometry": {"type": "Point", "coordinates": [146.93744, -8.45597]}, "properties": {"source": "VIIRS_SNPP", "date": "2026-10-09", "time": "408", "frp": "2.11", "confidence": "n"}}, {"type": "Feature", "geometry": {"type": "Point", "coordinates": [147.15034, -8.31531]}, "properties": {"source": "VIIRS_SNPP", "date": "2026-10-09", "time": "408", "frp": "5.88", "confidence": "n"}}, {"type": "Feature", "geometry": {"type": "Point", "coordinates": [147.14679, -8.31444]}, "properties": {"source": "VIIRS_SNPP", "date": "2026-10-09", "time": "408", "frp": "3.37", "confidence": "l"}}, {"type": "Feature", "geometry": {"type": "Point", "coordinates": [147.18124, -8.31398]}, "properties": {"source": "VIIRS_SNPP", "date": "2026-10-09", "time": "408", "frp": "15.54", "confidence": "n"}}, {"type": "Feature", "geometry": {"type": "Point", "coordinates": [147.151, -8.31376]}, "properties": {"source": "VIIRS_SNPP", "date": "2026-10-09", "time": "408", "frp": "6.34", "confidence": "l"}}, {"type": "Feature", "geometry": {"type": "Point", "coordinates": [147.17726, -8.31335]}, "properties": {"source": "VIIRS_SNPP", "date": "2026-10-09", "time": "408", "frp": "6.58", "confidence": "n"}}, {"type": "Feature", "geometry": {"type": "Point", "coordinates": [147.18213, -8.31257]}, "properties": {"source": "VIIRS_SNPP", "date": "2026-10-09", "time": "408", "frp": "6.58", "confidence": "n"}}, {"type": "Feature", "geometry": {"type": "Point", "coordinates": [146.91165, -8.29579]}, "properties": {"source": "VIIRS_SNPP", "date": "2026-10-09", "time": "408", "frp": "4.08", "confidence": "n"}}, {"type": "Feature", "geometry": {"type": "Point", "coordinates": [147.11301, -8.28569]}, "properties": {"source": "VIIRS_SNPP", "date": "2026-10-09", "time": "408", "frp": "101.3", "confidence": "l"}}, {"type": "Feature", "geometry": {"type": "Point", "coordinates": [147.12109, -8.28438]}, "properties": {"source": "VIIRS_SNPP", "date": "2026-10-09", "time": "408", "frp": "42.52", "confidence": "l"}}, {"type": "Feature", "geometry": {"type": "Point", "coordinates": [146.84599, -8.284]}, "properties": {"source": "VIIRS_SNPP", "date": "2026-10-09", "time": "408", "frp": "6.96", "confidence": "n"}}, {"type": "Feature", "geometry": {"type": "Point", "coordinates": [147.12016, -8.28073]}, "properties": {"source": "VIIRS_SNPP", "date": "2026-10-09", "time": "408", "frp": "42.52", "confidence": "n"}}, {"type": "Feature", "geometry": {"type": "Point", "coordinates": [147.13571, -8.2782]}, "properties": {"source": "VIIRS_SNPP", "date": "2026-10-09", "time": "408", "frp": "15.86", "confidence": "n"}}, {"type": "Feature", "geometry": {"type": "Point", "coordinates": [147.12283, -8.27649]}, "properties": {"source": "VIIRS_SNPP", "date": "2026-10-09", "time": "408", "frp": "9.01", "confidence": "n"}}, {"type": "Feature", "geometry": {"type": "Point", "coordinates": [147.1389, -8.27387]}, "properties": {"source": "VIIRS_SNPP", "date": "2026-10-09", "time": "408", "frp": "10.34", "confidence": "n"}}, {"type": "Feature", "geometry": {"type": "Point", "coordinates": [147.13766, -8.27027]}, "properties": {"source": "VIIRS_SNPP", "date": "2026-10-09", "time": "408", "frp": "10.34", "confidence": "n"}}, {"type": "Feature", "geometry": {"type": "Point", "coordinates": [147.11514, -8.24355]}, "properties": {"source": "VIIRS_SNPP", "date": "2026-10-09", "time": "408", "frp": "12.26", "confidence": "n"}}, {"type": "Feature", "geometry": {"type": "Point", "coordinates": [147.11385, -8.23617]}, "properties": {"source": "VIIRS_SNPP", "date": "2026-10-09", "time": "408", "frp": "7.85", "confidence": "n"}}, {"type": "Feature", "geometry": {"type": "Point", "coordinates": [147.10982, -8.23302]}, "properties": {"source": "VIIRS_SNPP", "date": "2026-10-09", "time": "408", "frp": "9.61", "confidence": "n"}}, {"type": "Feature", "geometry": {"type": "Point", "coordinates": [146.63387, -8.23252]}, "properties": {"source": "VIIRS_SNPP", "date": "2026-10-09", "time": "408", "frp": "3.36", "confidence": "n"}}, {"type": "Feature", "geometry": {"type": "Point", "coordinates": [147.11378, -8.23237]}, "properties": {"source": "VIIRS_SNPP", "date": "2026-10-09", "time": "408", "frp": "9.61", "confidence": "l"}}, {"type": "Feature", "geometry": {"type": "Point", "coordinates": [147.06985, -8.23203]}, "properties": {"source": "VIIRS_SNPP", "date": "2026-10-09", "time": "408", "frp": "15.28", "confidence": "l"}}, {"type": "Feature", "geometry": {"type": "Point", "coordinates": [146.92825, -8.22983]}, "properties": {"source": "VIIRS_SNPP", "date": "2026-10-09", "time": "408", "frp": "2.7", "confidence": "n"}}, {"type": "Feature", "geometry": {"type": "Point", "coordinates": [147.07812, -8.20953]}, "properties": {"source": "VIIRS_SNPP", "date": "2026-10-09", "time": "408", "frp": "4.17", "confidence": "n"}}, {"type": "Feature", "geometry": {"type": "Point", "coordinates": [147.07741, -8.20585]}, "properties": {"source": "VIIRS_SNPP", "date": "2026-10-09", "time": "408", "frp": "6.01", "confidence": "l"}}, {"type": "Feature", "geometry": {"type": "Point", "coordinates": [146.88589, -8.08356]}, "properties": {"source": "VIIRS_SNPP", "date": "2026-10-09", "time": "408", "frp": "89.91", "confidence": "n"}}, {"type": "Feature", "geometry": {"type": "Point", "coordinates": [146.88977, -8.08293]}, "properties": {"source": "VIIRS_SNPP", "date": "2026-10-09", "time": "408", "frp": "97.51", "confidence": "n"}}, {"type": "Feature", "geometry": {"type": "Point", "coordinates": [146.89375, -8.08228]}, "properties": {"source": "VIIRS_SNPP", "date": "2026-10-09", "time": "408", "frp": "97.51", "confidence": "h"}}, {"type": "Feature", "geometry": {"type": "Point", "coordinates": [146.89783, -8.08162]}, "properties": {"source": "VIIRS_SNPP", "date": "2026-10-09", "time": "408", "frp": "39.48", "confidence": "n"}}, {"type": "Feature", "geometry": {"type": "Point", "coordinates": [146.88168, -8.08048]}, "properties": {"source": "VIIRS_SNPP", "date": "2026-10-09", "time": "408", "frp": "89.91", "confidence": "l"}}, {"type": "Feature", "geometry": {"type": "Point", "coordinates": [146.8855, -8.07986]}, "properties": {"source": "VIIRS_SNPP", "date": "2026-10-09", "time": "408", "frp": "89.91", "confidence": "l"}}, {"type": "Feature", "geometry": {"type": "Point", "coordinates": [146.88939, -8.07923]}, "properties": {"source": "VIIRS_SNPP", "date": "2026-10-09", "time": "408", "frp": "97.51", "confidence": "h"}}, {"type": "Feature", "geometry": {"type": "Point", "coordinates": [146.8934, -8.07857]}, "properties": {"source": "VIIRS_SNPP", "date": "2026-10-09", "time": "408", "frp": "97.51", "confidence": "n"}}, {"type": "Feature", "geometry": {"type": "Point", "coordinates": [146.87759, -8.07738]}, "properties": {"source": "VIIRS_SNPP", "date": "2026-10-09", "time": "408", "frp": "20.18", "confidence": "n"}}, {"type": "Feature", "geometry": {"type": "Point", "coordinates": [146.88141, -8.07676]}, "properties": {"source": "VIIRS_SNPP", "date": "2026-10-09", "time": "408", "frp": "35.84", "confidence": "n"}}, {"type": "Feature", "geometry": {"type": "Point", "coordinates": [146.79095, -8.07653]}, "properties": {"source": "VIIRS_SNPP", "date": "2026-10-09", "time": "408", "frp": "6.01", "confidence": "n"}}, {"type": "Feature", "geometry": {"type": "Point", "coordinates": [146.88531, -8.07613]}, "properties": {"source": "VIIRS_SNPP", "date": "2026-10-09", "time": "408", "frp": "35.84", "confidence": "n"}}, {"type": "Feature", "geometry": {"type": "Point", "coordinates": [146.88928, -8.07548]}, "properties": {"source": "VIIRS_SNPP", "date": "2026-10-09", "time": "408", "frp": "72.83", "confidence": "n"}}, {"type": "Feature", "geometry": {"type": "Point", "coordinates": [146.87344, -8.07429]}, "properties": {"source": "VIIRS_SNPP", "date": "2026-10-09", "time": "408", "frp": "20.18", "confidence": "n"}}, {"type": "Feature", "geometry": {"type": "Point", "coordinates": [146.8773, -8.07367]}, "properties": {"source": "VIIRS_SNPP", "date": "2026-10-09", "time": "408", "frp": "20.18", "confidence": "l"}}, {"type": "Feature", "geometry": {"type": "Point", "coordinates": [146.88121, -8.07303]}, "properties": {"source": "VIIRS_SNPP", "date": "2026-10-09", "time": "408", "frp": "35.84", "confidence": "n"}}, {"type": "Feature", "geometry": {"type": "Point", "coordinates": [146.88519, -8.07238]}, "properties": {"source": "VIIRS_SNPP", "date": "2026-10-09", "time": "408", "frp": "35.84", "confidence": "n"}}, {"type": "Feature", "geometry": {"type": "Point", "coordinates": [146.87695, -8.06996]}, "properties": {"source": "VIIRS_SNPP", "date": "2026-10-09", "time": "408", "frp": "37.72", "confidence": "n"}}, {"type": "Feature", "geometry": {"type": "Point", "coordinates": [146.88097, -8.06931]}, "properties": {"source": "VIIRS_SNPP", "date": "2026-10-09", "time": "408", "frp": "9.61", "confidence": "n"}}, {"type": "Feature", "geometry": {"type": "Point", "coordinates": [146.88495, -8.06866]}, "properties": {"source": "VIIRS_SNPP", "date": "2026-10-09", "time": "408", "frp": "9.61", "confidence": "n"}}, {"type": "Feature", "geometry": {"type": "Point", "coordinates": [146.87958, -8.05824]}, "properties": {"source": "VIIRS_SNPP", "date": "2026-10-09", "time": "408", "frp": "24.94", "confidence": "n"}}, {"type": "Feature", "geometry": {"type": "Point", "coordinates": [146.88354, -8.05759]}, "properties": {"source": "VIIRS_SNPP", "date": "2026-10-09", "time": "408", "frp": "24.94", "confidence": "l"}}, {"type": "Feature", "geometry": {"type": "Point", "coordinates": [146.87889, -8.05459]}, "properties": {"source": "VIIRS_SNPP", "date": "2026-10-09", "time": "408", "frp": "50.36", "confidence": "n"}}, {"type": "Feature", "geometry": {"type": "Point", "coordinates": [146.89781, -8.04094]}, "properties": {"source": "VIIRS_SNPP", "date": "2026-10-09", "time": "408", "frp": "28.97", "confidence": "n"}}, {"type": "Feature", "geometry": {"type": "Point", "coordinates": [146.8961, -8.04049]}, "properties": {"source": "VIIRS_SNPP", "date": "2026-10-09", "time": "408", "frp": "12.27", "confidence": "n"}}, {"type": "Feature", "geometry": {"type": "Point", "coordinates": [146.89995, -8.03986]}, "properties": {"source": "VIIRS_SNPP", "date": "2026-10-09", "time": "408", "frp": "6.07", "confidence": "n"}}, {"type": "Feature", "geometry": {"type": "Point", "coordinates": [146.89703, -8.0373]}, "properties": {"source": "VIIRS_SNPP", "date": "2026-10-09", "time": "408", "frp": "28.97", "confidence": "l"}}, {"type": "Feature", "geometry": {"type": "Point", "coordinates": [146.89537, -8.03685]}, "properties": {"source": "VIIRS_SNPP", "date": "2026-10-09", "time": "408", "frp": "50.97", "confidence": "l"}}, {"type": "Feature", "geometry": {"type": "Point", "coordinates": [147.61948, -7.99466]}, "properties": {"source": "VIIRS_SNPP", "date": "2026-10-09", "time": "408", "frp": "3.54", "confidence": "n"}}, {"type": "Feature", "geometry": {"type": "Point", "coordinates": [146.90823, -7.97901]}, "properties": {"source": "VIIRS_SNPP", "date": "2026-10-09", "time": "408", "frp": "5.39", "confidence": "n"}}, {"type": "Feature", "geometry": {"type": "Point", "coordinates": [146.83435, -7.97602]}, "properties": {"source": "VIIRS_SNPP", "date": "2026-10-09", "time": "408", "frp": "7.43", "confidence": "n"}}, {"type": "Feature", "geometry": {"type": "Point", "coordinates": [146.82964, -7.97304]}, "properties": {"source": "VIIRS_SNPP", "date": "2026-10-09", "time": "408", "frp": "5.76", "confidence": "n"}}, {"type": "Feature", "geometry": {"type": "Point", "coordinates": [146.83362, -7.96863]}, "properties": {"source": "VIIRS_SNPP", "date": "2026-10-09", "time": "408", "frp": "7.21", "confidence": "n"}}, {"type": "Feature", "geometry": {"type": "Point", "coordinates": [146.8934, -7.96262]}, "properties": {"source": "VIIRS_SNPP", "date": "2026-10-09", "time": "408", "frp": "10.92", "confidence": "n"}}, {"type": "Feature", "geometry": {"type": "Point", "coordinates": [147.18604, -7.92987]}, "properties": {"source": "VIIRS_SNPP", "date": "2026-10-09", "time": "408", "frp": "5.26", "confidence": "n"}}, {"type": "Feature", "geometry": {"type": "Point", "coordinates": [146.83328, -7.96493]}, "properties": {"source": "VIIRS_SNPP", "date": "2026-10-09", "time": "410", "frp": "7.21", "confidence": "l"}}, {"type": "Feature", "geometry": {"type": "Point", "coordinates": [146.83195, -7.95013]}, "properties": {"source": "VIIRS_SNPP", "date": "2026-10-09", "time": "410", "frp": "5.31", "confidence": "n"}}, {"type": "Feature", "geometry": {"type": "Point", "coordinates": [146.82346, -7.94105]}, "properties": {"source": "VIIRS_SNPP", "date": "2026-10-09", "time": "410", "frp": "7.22", "confidence": "l"}}, {"type": "Feature", "geometry": {"type": "Point", "coordinates": [146.82741, -7.94042]}, "properties": {"source": "VIIRS_SNPP", "date": "2026-10-09", "time": "410", "frp": "7.22", "confidence": "l"}}, {"type": "Feature", "geometry": {"type": "Point", "coordinates": [146.82289, -7.94034]}, "properties": {"source": "VIIRS_SNPP", "date": "2026-10-09", "time": "410", "frp": "10.94", "confidence": "l"}}, {"type": "Feature", "geometry": {"type": "Point", "coordinates": [146.82683, -7.93969]}, "properties": {"source": "VIIRS_SNPP", "date": "2026-10-09", "time": "410", "frp": "10.94", "confidence": "n"}}, {"type": "Feature", "geometry": {"type": "Point", "coordinates": [146.82306, -7.93737]}, "properties": {"source": "VIIRS_SNPP", "date": "2026-10-09", "time": "410", "frp": "12.11", "confidence": "n"}}, {"type": "Feature", "geometry": {"type": "Point", "coordinates": [146.82712, -7.93672]}, "properties": {"source": "VIIRS_SNPP", "date": "2026-10-09", "time": "410", "frp": "12.11", "confidence": "l"}}, {"type": "Feature", "geometry": {"type": "Point", "coordinates": [146.82248, -7.93665]}, "properties": {"source": "VIIRS_SNPP", "date": "2026-10-09", "time": "410", "frp": "10.94", "confidence": "n"}}, {"type": "Feature", "geometry": {"type": "Point", "coordinates": [146.82655, -7.93598]}, "properties": {"source": "VIIRS_SNPP", "date": "2026-10-09", "time": "410", "frp": "10.94", "confidence": "n"}}, {"type": "Feature", "geometry": {"type": "Point", "coordinates": [146.8566, -7.93577]}, "properties": {"source": "VIIRS_SNPP", "date": "2026-10-09", "time": "410", "frp": "16.75", "confidence": "n"}}, {"type": "Feature", "geometry": {"type": "Point", "coordinates": [146.86008, -7.93421]}, "properties": {"source": "VIIRS_SNPP", "date": "2026-10-09", "time": "410", "frp": "17.98", "confidence": "n"}}, {"type": "Feature", "geometry": {"type": "Point", "coordinates": [146.82689, -7.93301]}, "properties": {"source": "VIIRS_SNPP", "date": "2026-10-09", "time": "410", "frp": "12.11", "confidence": "n"}}, {"type": "Feature", "geometry": {"type": "Point", "coordinates": [146.90192, -7.921]}, "properties": {"source": "VIIRS_SNPP", "date": "2026-10-09", "time": "410", "frp": "13", "confidence": "n"}}, {"type": "Feature", "geometry": {"type": "Point", "coordinates": [146.90643, -7.92028]}, "properties": {"source": "VIIRS_SNPP", "date": "2026-10-09", "time": "410", "frp": "8.93", "confidence": "n"}}, {"type": "Feature", "geometry": {"type": "Point", "coordinates": [146.81612, -7.91972]}, "properties": {"source": "VIIRS_SNPP", "date": "2026-10-09", "time": "410", "frp": "5.06", "confidence": "n"}}, {"type": "Feature", "geometry": {"type": "Point", "coordinates": [146.84143, -7.91941]}, "properties": {"source": "VIIRS_SNPP", "date": "2026-10-09", "time": "410", "frp": "7.98", "confidence": "n"}}, {"type": "Feature", "geometry": {"type": "Point", "coordinates": [146.89304, -7.91866]}, "properties": {"source": "VIIRS_SNPP", "date": "2026-10-09", "time": "410", "frp": "14.06", "confidence": "n"}}, {"type": "Feature", "geometry": {"type": "Point", "coordinates": [146.94322, -7.91819]}, "properties": {"source": "VIIRS_SNPP", "date": "2026-10-09", "time": "410", "frp": "66.44", "confidence": "n"}}, {"type": "Feature", "geometry": {"type": "Point", "coordinates": [146.90132, -7.91733]}, "properties": {"source": "VIIRS_SNPP", "date": "2026-10-09", "time": "410", "frp": "25.04", "confidence": "n"}}, {"type": "Feature", "geometry": {"type": "Point", "coordinates": [146.9422, -7.91683]}, "properties": {"source": "VIIRS_SNPP", "date": "2026-10-09", "time": "410", "frp": "60.93", "confidence": "n"}}, {"type": "Feature", "geometry": {"type": "Point", "coordinates": [146.83649, -7.91645]}, "properties": {"source": "VIIRS_SNPP", "date": "2026-10-09", "time": "410", "frp": "7.98", "confidence": "n"}}, {"type": "Feature", "geometry": {"type": "Point", "coordinates": [146.81552, -7.91606]}, "properties": {"source": "VIIRS_SNPP", "date": "2026-10-09", "time": "410", "frp": "51.04", "confidence": "l"}}, {"type": "Feature", "geometry": {"type": "Point", "coordinates": [146.93761, -7.91531]}, "properties": {"source": "VIIRS_SNPP", "date": "2026-10-09", "time": "410", "frp": "11.17", "confidence": "n"}}, {"type": "Feature", "geometry": {"type": "Point", "coordinates": [146.82033, -7.91529]}, "properties": {"source": "VIIRS_SNPP", "date": "2026-10-09", "time": "410", "frp": "61.51", "confidence": "n"}}, {"type": "Feature", "geometry": {"type": "Point", "coordinates": [146.94254, -7.91453]}, "properties": {"source": "VIIRS_SNPP", "date": "2026-10-09", "time": "410", "frp": "66.44", "confidence": "h"}}, {"type": "Feature", "geometry": {"type": "Point", "coordinates": [146.89661, -7.91432]}, "properties": {"source": "VIIRS_SNPP", "date": "2026-10-09", "time": "410", "frp": "25.04", "confidence": "n"}}, {"type": "Feature", "geometry": {"type": "Point", "coordinates": [146.94736, -7.91376]}, "properties": {"source": "VIIRS_SNPP", "date": "2026-10-09", "time": "410", "frp": "66.44", "confidence": "h"}}, {"type": "Feature", "geometry": {"type": "Point", "coordinates": [146.90076, -7.91365]}, "properties": {"source": "VIIRS_SNPP", "date": "2026-10-09", "time": "410", "frp": "25.04", "confidence": "h"}}, {"type": "Feature", "geometry": {"type": "Point", "coordinates": [146.95192, -7.91303]}, "properties": {"source": "VIIRS_SNPP", "date": "2026-10-09", "time": "410", "frp": "46.63", "confidence": "n"}}, {"type": "Feature", "geometry": {"type": "Point", "coordinates": [146.81493, -7.9124]}, "properties": {"source": "VIIRS_SNPP", "date": "2026-10-09", "time": "410", "frp": "51.04", "confidence": "n"}}, {"type": "Feature", "geometry": {"type": "Point", "coordinates": [146.81976, -7.91163]}, "properties": {"source": "VIIRS_SNPP", "date": "2026-10-09", "time": "410", "frp": "61.51", "confidence": "n"}}, {"type": "Feature", "geometry": {"type": "Point", "coordinates": [146.94193, -7.91085]}, "properties": {"source": "VIIRS_SNPP", "date": "2026-10-09", "time": "410", "frp": "24.93", "confidence": "n"}}, {"type": "Feature", "geometry": {"type": "Point", "coordinates": [146.89616, -7.91062]}, "properties": {"source": "VIIRS_SNPP", "date": "2026-10-09", "time": "410", "frp": "11.98", "confidence": "n"}}, {"type": "Feature", "geometry": {"type": "Point", "coordinates": [146.94681, -7.91007]}, "properties": {"source": "VIIRS_SNPP", "date": "2026-10-09", "time": "410", "frp": "24.93", "confidence": "n"}}, {"type": "Feature", "geometry": {"type": "Point", "coordinates": [146.95143, -7.90933]}, "properties": {"source": "VIIRS_SNPP", "date": "2026-10-09", "time": "410", "frp": "8.12", "confidence": "n"}}, {"type": "Feature", "geometry": {"type": "Point", "coordinates": [146.94629, -7.90637]}, "properties": {"source": "VIIRS_SNPP", "date": "2026-10-09", "time": "410", "frp": "24.93", "confidence": "l"}}, {"type": "Feature", "geometry": {"type": "Point", "coordinates": [146.85341, -7.90621]}, "properties": {"source": "VIIRS_SNPP", "date": "2026-10-09", "time": "410", "frp": "7.1", "confidence": "n"}}, {"type": "Feature", "geometry": {"type": "Point", "coordinates": [146.85789, -7.90549]}, "properties": {"source": "VIIRS_SNPP", "date": "2026-10-09", "time": "410", "frp": "7.1", "confidence": "n"}}, {"type": "Feature", "geometry": {"type": "Point", "coordinates": [146.8531, -7.9025]}, "properties": {"source": "VIIRS_SNPP", "date": "2026-10-09", "time": "410", "frp": "4.93", "confidence": "n"}}, {"type": "Feature", "geometry": {"type": "Point", "coordinates": [146.95039, -7.90194]}, "properties": {"source": "VIIRS_SNPP", "date": "2026-10-09", "time": "410", "frp": "5.65", "confidence": "n"}}, {"type": "Feature", "geometry": {"type": "Point", "coordinates": [146.87526, -7.8688]}, "properties": {"source": "VIIRS_SNPP", "date": "2026-10-09", "time": "410", "frp": "19.69", "confidence": "n"}}, {"type": "Feature", "geometry": {"type": "Point", "coordinates": [149.61691, -10.02962]}, "properties": {"source": "VIIRS_SNPP", "date": "2026-10-09", "time": "1514", "frp": "2.37", "confidence": "n"}}, {"type": "Feature", "geometry": {"type": "Point", "coordinates": [149.75124, -9.96078]}, "properties": {"source": "VIIRS_SNPP", "date": "2026-10-09", "time": "1514", "frp": "1.53", "confidence": "n"}}, {"type": "Feature", "geometry": {"type": "Point", "coordinates": [148.61809, -9.84077]}, "properties": {"source": "VIIRS_SNPP", "date": "2026-10-09", "time": "1514", "frp": "1.34", "confidence": "n"}}, {"type": "Feature", "geometry": {"type": "Point", "coordinates": [149.3387, -9.83122]}, "properties": {"source": "VIIRS_SNPP", "date": "2026-10-09", "time": "1514", "frp": "0.8", "confidence": "n"}}, {"type": "Feature", "geometry": {"type": "Point", "coordinates": [148.60474, -9.70987]}, "properties": {"source": "VIIRS_SNPP", "date": "2026-10-09", "time": "1514", "frp": "0.77", "confidence": "n"}}, {"type": "Feature", "geometry": {"type": "Point", "coordinates": [148.6055, -9.70816]}, "properties": {"source": "VIIRS_SNPP", "date": "2026-10-09", "time": "1514", "frp": "0.76", "confidence": "n"}}, {"type": "Feature", "geometry": {"type": "Point", "coordinates": [147.64769, -9.61891]}, "properties": {"source": "VIIRS_SNPP", "date": "2026-10-09", "time": "1514", "frp": "0.56", "confidence": "n"}}, {"type": "Feature", "geometry": {"type": "Point", "coordinates": [147.64853, -9.61437]}, "properties": {"source": "VIIRS_SNPP", "date": "2026-10-09", "time": "1514", "frp": "0.56", "confidence": "n"}}, {"type": "Feature", "geometry": {"type": "Point", "coordinates": [148.31845, -9.49389]}, "properties": {"source": "VIIRS_SNPP", "date": "2026-10-09", "time": "1514", "frp": "0.99", "confidence": "n"}}, {"type": "Feature", "geometry": {"type": "Point", "coordinates": [148.79001, -9.42979]}, "properties": {"source": "VIIRS_SNPP", "date": "2026-10-09", "time": "1514", "frp": "1.35", "confidence": "n"}}, {"type": "Feature", "geometry": {"type": "Point", "coordinates": [148.79079, -9.42558]}, "properties": {"source": "VIIRS_SNPP", "date": "2026-10-09", "time": "1514", "frp": "4.15", "confidence": "n"}}, {"type": "Feature", "geometry": {"type": "Point", "coordinates": [148.74849, -9.40577]}, "properties": {"source": "VIIRS_SNPP", "date": "2026-10-09", "time": "1514", "frp": "1.67", "confidence": "n"}}, {"type": "Feature", "geometry": {"type": "Point", "coordinates": [148.74974, -9.40513]}, "properties": {"source": "VIIRS_SNPP", "date": "2026-10-09", "time": "1514", "frp": "1.85", "confidence": "n"}}, {"type": "Feature", "geometry": {"type": "Point", "coordinates": [148.71664, -9.4003]}, "properties": {"source": "VIIRS_SNPP", "date": "2026-10-09", "time": "1514", "frp": "2.68", "confidence": "n"}}, {"type": "Feature", "geometry": {"type": "Point", "coordinates": [148.71796, -9.39943]}, "properties": {"source": "VIIRS_SNPP", "date": "2026-10-09", "time": "1514", "frp": "2.7", "confidence": "n"}}, {"type": "Feature", "geometry": {"type": "Point", "coordinates": [148.75702, -9.38103]}, "properties": {"source": "VIIRS_SNPP", "date": "2026-10-09", "time": "1514", "frp": "0.85", "confidence": "n"}}, {"type": "Feature", "geometry": {"type": "Point", "coordinates": [148.76572, -9.37817]}, "properties": {"source": "VIIRS_SNPP", "date": "2026-10-09", "time": "1514", "frp": "2.07", "confidence": "n"}}, {"type": "Feature", "geometry": {"type": "Point", "coordinates": [148.76176, -9.37748]}, "properties": {"source": "VIIRS_SNPP", "date": "2026-10-09", "time": "1514", "frp": "2.07", "confidence": "n"}}, {"type": "Feature", "geometry": {"type": "Point", "coordinates": [148.76648, -9.37393]}, "properties": {"source": "VIIRS_SNPP", "date": "2026-10-09", "time": "1514", "frp": "3.93", "confidence": "n"}}, {"type": "Feature", "geometry": {"type": "Point", "coordinates": [148.76253, -9.37324]}, "properties": {"source": "VIIRS_SNPP", "date": "2026-10-09", "time": "1514", "frp": "3.93", "confidence": "n"}}, {"type": "Feature", "geometry": {"type": "Point", "coordinates": [148.73073, -9.36771]}, "properties": {"source": "VIIRS_SNPP", "date": "2026-10-09", "time": "1514", "frp": "1.57", "confidence": "n"}}, {"type": "Feature", "geometry": {"type": "Point", "coordinates": [148.76479, -9.36053]}, "properties": {"source": "VIIRS_SNPP", "date": "2026-10-09", "time": "1514", "frp": "1.1", "confidence": "n"}}, {"type": "Feature", "geometry": {"type": "Point", "coordinates": [148.79781, -9.35759]}, "properties": {"source": "VIIRS_SNPP", "date": "2026-10-09", "time": "1514", "frp": "0.64", "confidence": "n"}}, {"type": "Feature", "geometry": {"type": "Point", "coordinates": [148.79501, -9.25792]}, "properties": {"source": "VIIRS_SNPP", "date": "2026-10-09", "time": "1514", "frp": "1.01", "confidence": "n"}}, {"type": "Feature", "geometry": {"type": "Point", "coordinates": [147.37703, -9.23771]}, "properties": {"source": "VIIRS_SNPP", "date": "2026-10-09", "time": "1514", "frp": "1.26", "confidence": "n"}}, {"type": "Feature", "geometry": {"type": "Point", "coordinates": [147.35765, -9.22945]}, "properties": {"source": "VIIRS_SNPP", "date": "2026-10-09", "time": "1514", "frp": "0.54", "confidence": "n"}}, {"type": "Feature", "geometry": {"type": "Point", "coordinates": [149.06952, -9.08098]}, "properties": {"source": "VIIRS_SNPP", "date": "2026-10-09", "time": "1514", "frp": "1.36", "confidence": "n"}}, {"type": "Feature", "geometry": {"type": "Point", "coordinates": [147.24066, -8.97809]}, "properties": {"source": "VIIRS_SNPP", "date": "2026-10-09", "time": "1514", "frp": "1.34", "confidence": "n"}}, {"type": "Feature", "geometry": {"type": "Point", "coordinates": [147.21588, -8.62521]}, "properties": {"source": "VIIRS_SNPP", "date": "2026-10-09", "time": "1514", "frp": "12.62", "confidence": "n"}}, {"type": "Feature", "geometry": {"type": "Point", "coordinates": [146.89311, -8.54978]}, "properties": {"source": "VIIRS_SNPP", "date": "2026-10-09", "time": "1514", "frp": "2.21", "confidence": "n"}}, {"type": "Feature", "geometry": {"type": "Point", "coordinates": [147.00299, -8.48408]}, "properties": {"source": "VIIRS_SNPP", "date": "2026-10-09", "time": "1514", "frp": "1.1", "confidence": "n"}}, {"type": "Feature", "geometry": {"type": "Point", "coordinates": [147.3414, -8.47105]}, "properties": {"source": "VIIRS_SNPP", "date": "2026-10-09", "time": "1514", "frp": "3.51", "confidence": "n"}}, {"type": "Feature", "geometry": {"type": "Point", "coordinates": [147.15813, -8.40891]}, "properties": {"source": "VIIRS_SNPP", "date": "2026-10-09", "time": "1514", "frp": "6.19", "confidence": "n"}}, {"type": "Feature", "geometry": {"type": "Point", "coordinates": [147.15295, -8.40798]}, "properties": {"source": "VIIRS_SNPP", "date": "2026-10-09", "time": "1514", "frp": "5.95", "confidence": "n"}}, {"type": "Feature", "geometry": {"type": "Point", "coordinates": [147.11613, -8.23538]}, "properties": {"source": "VIIRS_SNPP", "date": "2026-10-09", "time": "1514", "frp": "3.37", "confidence": "n"}}, {"type": "Feature", "geometry": {"type": "Point", "coordinates": [146.88333, -8.06663]}, "properties": {"source": "VIIRS_SNPP", "date": "2026-10-09", "time": "1514", "frp": "1.09", "confidence": "n"}}, {"type": "Feature", "geometry": {"type": "Point", "coordinates": [146.83337, -7.94973]}, "properties": {"source": "VIIRS_SNPP", "date": "2026-10-09", "time": "1514", "frp": "0.84", "confidence": "n"}}, {"type": "Feature", "geometry": {"type": "Point", "coordinates": [146.82721, -7.94354]}, "properties": {"source": "VIIRS_SNPP", "date": "2026-10-09", "time": "1514", "frp": "4.47", "confidence": "n"}}, {"type": "Feature", "geometry": {"type": "Point", "coordinates": [146.81956, -7.94218]}, "properties": {"source": "VIIRS_SNPP", "date": "2026-10-09", "time": "1514", "frp": "4.47", "confidence": "n"}}, {"type": "Feature", "geometry": {"type": "Point", "coordinates": [146.82019, -7.9372]}, "properties": {"source": "VIIRS_SNPP", "date": "2026-10-09", "time": "1514", "frp": "4.47", "confidence": "n"}}, {"type": "Feature", "geometry": {"type": "Point", "coordinates": [146.82054, -7.93216]}, "properties": {"source": "VIIRS_SNPP", "date": "2026-10-09", "time": "1514", "frp": "0.59", "confidence": "n"}}, {"type": "Feature", "geometry": {"type": "Point", "coordinates": [146.89949, -7.92088]}, "properties": {"source": "VIIRS_SNPP", "date": "2026-10-09", "time": "1514", "frp": "2.22", "confidence": "n"}}, {"type": "Feature", "geometry": {"type": "Point", "coordinates": [146.81227, -7.92047]}, "properties": {"source": "VIIRS_SNPP", "date": "2026-10-09", "time": "1514", "frp": "8.07", "confidence": "n"}}, {"type": "Feature", "geometry": {"type": "Point", "coordinates": [146.80785, -7.91967]}, "properties": {"source": "VIIRS_SNPP", "date": "2026-10-09", "time": "1514", "frp": "11.48", "confidence": "n"}}, {"type": "Feature", "geometry": {"type": "Point", "coordinates": [146.82239, -7.91718]}, "properties": {"source": "VIIRS_SNPP", "date": "2026-10-09", "time": "1514", "frp": "1.25", "confidence": "n"}}, {"type": "Feature", "geometry": {"type": "Point", "coordinates": [146.81725, -7.91625]}, "properties": {"source": "VIIRS_SNPP", "date": "2026-10-09", "time": "1514", "frp": "8.07", "confidence": "n"}}, {"type": "Feature", "geometry": {"type": "Point", "coordinates": [146.90028, -7.91595]}, "properties": {"source": "VIIRS_SNPP", "date": "2026-10-09", "time": "1514", "frp": "1.7", "confidence": "n"}}, {"type": "Feature", "geometry": {"type": "Point", "coordinates": [146.84346, -7.91587]}, "properties": {"source": "VIIRS_SNPP", "date": "2026-10-09", "time": "1514", "frp": "2.27", "confidence": "n"}}, {"type": "Feature", "geometry": {"type": "Point", "coordinates": [146.81274, -7.91544]}, "properties": {"source": "VIIRS_SNPP", "date": "2026-10-09", "time": "1514", "frp": "8.07", "confidence": "n"}}, {"type": "Feature", "geometry": {"type": "Point", "coordinates": [146.80811, -7.91461]}, "properties": {"source": "VIIRS_SNPP", "date": "2026-10-09", "time": "1514", "frp": "11.48", "confidence": "n"}}, {"type": "Feature", "geometry": {"type": "Point", "coordinates": [146.94749, -7.91437]}, "properties": {"source": "VIIRS_SNPP", "date": "2026-10-09", "time": "1514", "frp": "2.87", "confidence": "n"}}, {"type": "Feature", "geometry": {"type": "Point", "coordinates": [146.9536, -7.91418]}, "properties": {"source": "VIIRS_SNPP", "date": "2026-10-09", "time": "1514", "frp": "1.95", "confidence": "n"}}, {"type": "Feature", "geometry": {"type": "Point", "coordinates": [146.94293, -7.91354]}, "properties": {"source": "VIIRS_SNPP", "date": "2026-10-09", "time": "1514", "frp": "2.87", "confidence": "n"}}, {"type": "Feature", "geometry": {"type": "Point", "coordinates": [146.94836, -7.91327]}, "properties": {"source": "VIIRS_SNPP", "date": "2026-10-09", "time": "1514", "frp": "1.95", "confidence": "n"}}, {"type": "Feature", "geometry": {"type": "Point", "coordinates": [146.9437, -7.91246]}, "properties": {"source": "VIIRS_SNPP", "date": "2026-10-09", "time": "1514", "frp": "1.84", "confidence": "n"}}, {"type": "Feature", "geometry": {"type": "Point", "coordinates": [146.93925, -7.91168]}, "properties": {"source": "VIIRS_SNPP", "date": "2026-10-09", "time": "1514", "frp": "1.84", "confidence": "n"}}, {"type": "Feature", "geometry": {"type": "Point", "coordinates": [146.90112, -7.91103]}, "properties": {"source": "VIIRS_SNPP", "date": "2026-10-09", "time": "1514", "frp": "1.7", "confidence": "n"}}, {"type": "Feature", "geometry": {"type": "Point", "coordinates": [146.95303, -7.91032]}, "properties": {"source": "VIIRS_SNPP", "date": "2026-10-09", "time": "1514", "frp": "3.07", "confidence": "n"}}, {"type": "Feature", "geometry": {"type": "Point", "coordinates": [146.90211, -7.91029]}, "properties": {"source": "VIIRS_SNPP", "date": "2026-10-09", "time": "1514", "frp": "1.12", "confidence": "n"}}, {"type": "Feature", "geometry": {"type": "Point", "coordinates": [146.95399, -7.9092]}, "properties": {"source": "VIIRS_SNPP", "date": "2026-10-09", "time": "1514", "frp": "2.23", "confidence": "n"}}, {"type": "Feature", "geometry": {"type": "Point", "coordinates": [146.80803, -7.90438]}, "properties": {"source": "VIIRS_SNPP", "date": "2026-10-09", "time": "1514", "frp": "3.32", "confidence": "n"}}, {"type": "Feature", "geometry": {"type": "Point", "coordinates": [146.94908, -7.89947]}, "properties": {"source": "VIIRS_SNPP", "date": "2026-10-09", "time": "1514", "frp": "1.6", "confidence": "n"}}, {"type": "Feature", "geometry": {"type": "Point", "coordinates": [146.94998, -7.89839]}, "properties": {"source": "VIIRS_SNPP", "date": "2026-10-09", "time": "1514", "frp": "0.85", "confidence": "n"}}, {"type": "Feature", "geometry": {"type": "Point", "coordinates": [148.14279, -10.09502]}, "properties": {"source": "VIIRS_NOAA20", "date": "2026-10-06", "time": "345", "frp": "1.74", "confidence": "n"}}, {"type": "Feature", "geometry": {"type": "Point", "coordinates": [148.24609, -10.09285]}, "properties": {"source": "VIIRS_NOAA20", "date": "2026-10-06", "time": "345", "frp": "3.87", "confidence": "n"}}, {"type": "Feature", "geometry": {"type": "Point", "coordinates": [148.14227, -10.09171]}, "properties": {"source": "VIIRS_NOAA20", "date": "2026-10-06", "time": "345", "frp": "1.74", "confidence": "l"}}, {"type": "Feature", "geometry": {"type": "Point", "coordinates": [149.53979, -10.07655]}, "properties": {"source": "VIIRS_NOAA20", "date": "2026-10-06", "time": "345", "frp": "6.18", "confidence": "n"}}, {"type": "Feature", "geometry": {"type": "Point", "coordinates": [148.22052, -10.06626]}, "properties": {"source": "VIIRS_NOAA20", "date": "2026-10-06", "time": "345", "frp": "2.42", "confidence": "n"}}, {"type": "Feature", "geometry": {"type": "Point", "coordinates": [148.1022, -10.06392]}, "properties": {"source": "VIIRS_NOAA20", "date": "2026-10-06", "time": "345", "frp": "5.08", "confidence": "n"}}, {"type": "Feature", "geometry": {"type": "Point", "coordinates": [148.01419, -10.05014]}, "properties": {"source": "VIIRS_NOAA20", "date": "2026-10-06", "time": "345", "frp": "4.68", "confidence": "n"}}, {"type": "Feature", "geometry": {"type": "Point", "coordinates": [148.01332, -10.0467]}, "properties": {"source": "VIIRS_NOAA20", "date": "2026-10-06", "time": "345", "frp": "4.4", "confidence": "n"}}, {"type": "Feature", "geometry": {"type": "Point", "coordinates": [147.72958, -10.02177]}, "properties": {"source": "VIIRS_NOAA20", "date": "2026-10-06", "time": "345", "frp": "3.54", "confidence": "n"}}, {"type": "Feature", "geometry": {"type": "Point", "coordinates": [147.77632, -10.02152]}, "properties": {"source": "VIIRS_NOAA20", "date": "2026-10-06", "time": "345", "frp": "3.14", "confidence": "l"}}, {"type": "Feature", "geometry": {"type": "Point", "coordinates": [148.48119, -10.01971]}, "properties": {"source": "VIIRS_NOAA20", "date": "2026-10-06", "time": "345", "frp": "2.41", "confidence": "l"}}, {"type": "Feature", "geometry": {"type": "Point", "coordinates": [147.67572, -9.99928]}, "properties": {"source": "VIIRS_NOAA20", "date": "2026-10-06", "time": "345", "frp": "1.61", "confidence": "l"}}, {"type": "Feature", "geometry": {"type": "Point", "coordinates": [147.7868, -9.99617]}, "properties": {"source": "VIIRS_NOAA20", "date": "2026-10-06", "time": "345", "frp": "3.85", "confidence": "n"}}, {"type": "Feature", "geometry": {"type": "Point", "coordinates": [148.44966, -9.9802]}, "properties": {"source": "VIIRS_NOAA20", "date": "2026-10-06", "time": "345", "frp": "2.63", "confidence": "l"}}, {"type": "Feature", "geometry": {"type": "Point", "coordinates": [148.2058, -9.97339]}, "properties": {"source": "VIIRS_NOAA20", "date": "2026-10-06", "time": "345", "frp": "6.12", "confidence": "n"}}, {"type": "Feature", "geometry": {"type": "Point", "coordinates": [147.93013, -9.97117]}, "properties": {"source": "VIIRS_NOAA20", "date": "2026-10-06", "time": "345", "frp": "3.07", "confidence": "l"}}, {"type": "Feature", "geometry": {"type": "Point", "coordinates": [147.879, -9.96532]}, "properties": {"source": "VIIRS_NOAA20", "date": "2026-10-06", "time": "345", "frp": "27.56", "confidence": "n"}}, {"type": "Feature", "geometry": {"type": "Point", "coordinates": [147.80112, -9.95685]}, "properties": {"source": "VIIRS_NOAA20", "date": "2026-10-06", "time": "345", "frp": "5.02", "confidence": "n"}}, {"type": "Feature", "geometry": {"type": "Point", "coordinates": [148.42657, -9.94648]}, "properties": {"source": "VIIRS_NOAA20", "date": "2026-10-06", "time": "345", "frp": "3.94", "confidence": "n"}}, {"type": "Feature", "geometry": {"type": "Point", "coordinates": [149.56436, -9.93307]}, "properties": {"source": "VIIRS_NOAA20", "date": "2026-10-06", "time": "345", "frp": "1.88", "confidence": "n"}}, {"type": "Feature", "geometry": {"type": "Point", "coordinates": [149.4025, -9.93199]}, "properties": {"source": "VIIRS_NOAA20", "date": "2026-10-06", "time": "345", "frp": "7.24", "confidence": "n"}}, {"type": "Feature", "geometry": {"type": "Point", "coordinates": [149.40826, -9.92084]}, "properties": {"source": "VIIRS_NOAA20", "date": "2026-10-06", "time": "345", "frp": "9.8", "confidence": "n"}}, {"type": "Feature", "geometry": {"type": "Point", "coordinates": [149.32684, -9.91299]}, "properties": {"source": "VIIRS_NOAA20", "date": "2026-10-06", "time": "345", "frp": "1.69", "confidence": "n"}}, {"type": "Feature", "geometry": {"type": "Point", "coordinates": [147.76181, -9.8881]}, "properties": {"source": "VIIRS_NOAA20", "date": "2026-10-06", "time": "345", "frp": "2.17", "confidence": "l"}}, {"type": "Feature", "geometry": {"type": "Point", "coordinates": [147.76132, -9.88479]}, "properties": {"source": "VIIRS_NOAA20", "date": "2026-10-06", "time": "345", "frp": "2.17", "confidence": "n"}}, {"type": "Feature", "geometry": {"type": "Point", "coordinates": [147.99403, -9.85983]}, "properties": {"source": "VIIRS_NOAA20", "date": "2026-10-06", "time": "345", "frp": "2.59", "confidence": "n"}}, {"type": "Feature", "geometry": {"type": "Point", "coordinates": [149.32646, -9.85511]}, "properties": {"source": "VIIRS_NOAA20", "date": "2026-10-06", "time": "345", "frp": "3.7", "confidence": "n"}}, {"type": "Feature", "geometry": {"type": "Point", "coordinates": [147.81311, -9.84978]}, "properties": {"source": "VIIRS_NOAA20", "date": "2026-10-06", "time": "345", "frp": "3.45", "confidence": "n"}}, {"type": "Feature", "geometry": {"type": "Point", "coordinates": [149.33502, -9.84051]}, "properties": {"source": "VIIRS_NOAA20", "date": "2026-10-06", "time": "345", "frp": "5.77", "confidence": "n"}}, {"type": "Feature", "geometry": {"type": "Point", "coordinates": [149.33861, -9.83996]}, "properties": {"source": "VIIRS_NOAA20", "date": "2026-10-06", "time": "345", "frp": "5.77", "confidence": "n"}}, {"type": "Feature", "geometry": {"type": "Point", "coordinates": [149.33464, -9.83716]}, "properties": {"source": "VIIRS_NOAA20", "date": "2026-10-06", "time": "345", "frp": "80.57", "confidence": "n"}}, {"type": "Feature", "geometry": {"type": "Point", "coordinates": [147.65555, -9.82945]}, "properties": {"source": "VIIRS_NOAA20", "date": "2026-10-06", "time": "345", "frp": "3.17", "confidence": "n"}}, {"type": "Feature", "geometry": {"type": "Point", "coordinates": [147.65906, -9.82892]}, "properties": {"source": "VIIRS_NOAA20", "date": "2026-10-06", "time": "345", "frp": "3.17", "confidence": "n"}}, {"type": "Feature", "geometry": {"type": "Point", "coordinates": [148.57812, -9.82831]}, "properties": {"source": "VIIRS_NOAA20", "date": "2026-10-06", "time": "345", "frp": "4.27", "confidence": "n"}}, {"type": "Feature", "geometry": {"type": "Point", "coordinates": [147.77139, -9.81197]}, "properties": {"source": "VIIRS_NOAA20", "date": "2026-10-06", "time": "345", "frp": "4.87", "confidence": "n"}}, {"type": "Feature", "geometry": {"type": "Point", "coordinates": [149.25394, -9.80879]}, "properties": {"source": "VIIRS_NOAA20", "date": "2026-10-06", "time": "345", "frp": "6.83", "confidence": "n"}}, {"type": "Feature", "geometry": {"type": "Point", "coordinates": [149.35866, -9.80273]}, "properties": {"source": "VIIRS_NOAA20", "date": "2026-10-06", "time": "345", "frp": "5.28", "confidence": "n"}}, {"type": "Feature", "geometry": {"type": "Point", "coordinates": [149.35452, -9.79996]}, "properties": {"source": "VIIRS_NOAA20", "date": "2026-10-06", "time": "345", "frp": "8.01", "confidence": "n"}}, {"type": "Feature", "geometry": {"type": "Point", "coordinates": [147.76233, -9.79976]}, "properties": {"source": "VIIRS_NOAA20", "date": "2026-10-06", "time": "345", "frp": "3.72", "confidence": "n"}}, {"type": "Feature", "geometry": {"type": "Point", "coordinates": [149.34567, -9.7911]}, "properties": {"source": "VIIRS_NOAA20", "date": "2026-10-06", "time": "345", "frp": "5.08", "confidence": "n"}}, {"type": "Feature", "geometry": {"type": "Point", "coordinates": [149.33365, -9.78616]}, "properties": {"source": "VIIRS_NOAA20", "date": "2026-10-06", "time": "345", "frp": "10.67", "confidence": "l"}}, {"type": "Feature", "geometry": {"type": "Point", "coordinates": [149.33723, -9.7856]}, "properties": {"source": "VIIRS_NOAA20", "date": "2026-10-06", "time": "345", "frp": "10.67", "confidence": "n"}}, {"type": "Feature", "geometry": {"type": "Point", "coordinates": [149.3367, -9.78227]}, "properties": {"source": "VIIRS_NOAA20", "date": "2026-10-06", "time": "345", "frp": "11.34", "confidence": "n"}}, {"type": "Feature", "geometry": {"type": "Point", "coordinates": [149.32899, -9.78006]}, "properties": {"source": "VIIRS_NOAA20", "date": "2026-10-06", "time": "345", "frp": "5.2", "confidence": "n"}}, {"type": "Feature", "geometry": {"type": "Point", "coordinates": [149.33615, -9.77894]}, "properties": {"source": "VIIRS_NOAA20", "date": "2026-10-06", "time": "345", "frp": "11.34", "confidence": "n"}}, {"type": "Feature", "geometry": {"type": "Point", "coordinates": [149.21887, -9.76654]}, "properties": {"source": "VIIRS_NOAA20", "date": "2026-10-06", "time": "345", "frp": "10.81", "confidence": "n"}}, {"type": "Feature", "geometry": {"type": "Point", "coordinates": [149.21838, -9.76321]}, "properties": {"source": "VIIRS_NOAA20", "date": "2026-10-06", "time": "345", "frp": "10.81", "confidence": "n"}}, {"type": "Feature", "geometry": {"type": "Point", "coordinates": [149.60098, -9.76151]}, "properties": {"source": "VIIRS_NOAA20", "date": "2026-10-06", "time": "345", "frp": "2.93", "confidence": "n"}}, {"type": "Feature", "geometry": {"type": "Point", "coordinates": [147.81537, -9.75112]}, "properties": {"source": "VIIRS_NOAA20", "date": "2026-10-06", "time": "345", "frp": "2.04", "confidence": "n"}}, {"type": "Feature", "geometry": {"type": "Point", "coordinates": [149.5731, -9.74867]}, "properties": {"source": "VIIRS_NOAA20", "date": "2026-10-06", "time": "345", "frp": "6", "confidence": "n"}}, {"type": "Feature", "geometry": {"type": "Point", "coordinates": [147.9303, -9.73028]}, "properties": {"source": "VIIRS_NOAA20", "date": "2026-10-06", "time": "345", "frp": "2.25", "confidence": "n"}}, {"type": "Feature", "geometry": {"type": "Point", "coordinates": [148.53123, -9.71326]}, "properties": {"source": "VIIRS_NOAA20", "date": "2026-10-06", "time": "345", "frp": "6.78", "confidence": "n"}}, {"type": "Feature", "geometry": {"type": "Point", "coordinates": [147.6618, -9.70986]}, "properties": {"source": "VIIRS_NOAA20", "date": "2026-10-06", "time": "345", "frp": "1.79", "confidence": "n"}}, {"type": "Feature", "geometry": {"type": "Point", "coordinates": [149.79286, -9.70723]}, "properties": {"source": "VIIRS_NOAA20", "date": "2026-10-06", "time": "345", "frp": "1.19", "confidence": "n"}}, {"type": "Feature", "geometry": {"type": "Point", "coordinates": [147.71501, -9.70524]}, "properties": {"source": "VIIRS_NOAA20", "date": "2026-10-06", "time": "345", "frp": "2.76", "confidence": "n"}}, {"type": "Feature", "geometry": {"type": "Point", "coordinates": [147.74352, -9.70432]}, "properties": {"source": "VIIRS_NOAA20", "date": "2026-10-06", "time": "345", "frp": "3.06", "confidence": "n"}}, {"type": "Feature", "geometry": {"type": "Point", "coordinates": [149.55482, -9.70339]}, "properties": {"source": "VIIRS_NOAA20", "date": "2026-10-06", "time": "345", "frp": "19.05", "confidence": "n"}}, {"type": "Feature", "geometry": {"type": "Point", "coordinates": [147.68239, -9.70336]}, "properties": {"source": "VIIRS_NOAA20", "date": "2026-10-06", "time": "345", "frp": "4.06", "confidence": "n"}}, {"type": "Feature", "geometry": {"type": "Point", "coordinates": [147.73903, -9.69822]}, "properties": {"source": "VIIRS_NOAA20", "date": "2026-10-06", "time": "345", "frp": "10.86", "confidence": "n"}}, {"type": "Feature", "geometry": {"type": "Point", "coordinates": [147.88223, -9.69691]}, "properties": {"source": "VIIRS_NOAA20", "date": "2026-10-06", "time": "345", "frp": "2.96", "confidence": "n"}}, {"type": "Feature", "geometry": {"type": "Point", "coordinates": [147.7135, -9.69528]}, "properties": {"source": "VIIRS_NOAA20", "date": "2026-10-06", "time": "345", "frp": "2.89", "confidence": "l"}}, {"type": "Feature", "geometry": {"type": "Point", "coordinates": [148.57808, -9.69253]}, "properties": {"source": "VIIRS_NOAA20", "date": "2026-10-06", "time": "345", "frp": "3.73", "confidence": "n"}}, {"type": "Feature", "geometry": {"type": "Point", "coordinates": [147.84177, -9.68948]}, "properties": {"source": "VIIRS_NOAA20", "date": "2026-10-06", "time": "345", "frp": "2.44", "confidence": "n"}}, {"type": "Feature", "geometry": {"type": "Point", "coordinates": [147.65475, -9.68715]}, "properties": {"source": "VIIRS_NOAA20", "date": "2026-10-06", "time": "345", "frp": "1.96", "confidence": "n"}}, {"type": "Feature", "geometry": {"type": "Point", "coordinates": [147.79829, -9.68589]}, "properties": {"source": "VIIRS_NOAA20", "date": "2026-10-06", "time": "345", "frp": "2.93", "confidence": "n"}}, {"type": "Feature", "geometry": {"type": "Point", "coordinates": [147.87318, -9.68472]}, "properties": {"source": "VIIRS_NOAA20", "date": "2026-10-06", "time": "345", "frp": "2.53", "confidence": "l"}}, {"type": "Feature", "geometry": {"type": "Point", "coordinates": [147.75453, -9.68231]}, "properties": {"source": "VIIRS_NOAA20", "date": "2026-10-06", "time": "345", "frp": "1.5", "confidence": "n"}}, {"type": "Feature", "geometry": {"type": "Point", "coordinates": [147.77968, -9.68191]}, "properties": {"source": "VIIRS_NOAA20", "date": "2026-10-06", "time": "345", "frp": "1.74", "confidence": "n"}}, {"type": "Feature", "geometry": {"type": "Point", "coordinates": [147.85464, -9.68075]}, "properties": {"source": "VIIRS_NOAA20", "date": "2026-10-06", "time": "345", "frp": "2.88", "confidence": "l"}}, {"type": "Feature", "geometry": {"type": "Point", "coordinates": [147.75056, -9.67951]}, "properties": {"source": "VIIRS_NOAA20", "date": "2026-10-06", "time": "345", "frp": "1.14", "confidence": "n"}}, {"type": "Feature", "geometry": {"type": "Point", "coordinates": [147.81125, -9.67715]}, "properties": {"source": "VIIRS_NOAA20", "date": "2026-10-06", "time": "345", "frp": "3.09", "confidence": "n"}}, {"type": "Feature", "geometry": {"type": "Point", "coordinates": [148.61243, -9.66014]}, "properties": {"source": "VIIRS_NOAA20", "date": "2026-10-06", "time": "345", "frp": "2.63", "confidence": "n"}}, {"type": "Feature", "geometry": {"type": "Point", "coordinates": [147.68555, -9.65535]}, "properties": {"source": "VIIRS_NOAA20", "date": "2026-10-06", "time": "345", "frp": "3.53", "confidence": "n"}}, {"type": "Feature", "geometry": {"type": "Point", "coordinates": [147.80402, -9.65449]}, "properties": {"source": "VIIRS_NOAA20", "date": "2026-10-06", "time": "345", "frp": "2.16", "confidence": "n"}}, {"type": "Feature", "geometry": {"type": "Point", "coordinates": [147.82907, -9.6541]}, "properties": {"source": "VIIRS_NOAA20", "date": "2026-10-06", "time": "345", "frp": "3.66", "confidence": "n"}}, {"type": "Feature", "geometry": {"type": "Point", "coordinates": [147.66295, -9.64859]}, "properties": {"source": "VIIRS_NOAA20", "date": "2026-10-06", "time": "345", "frp": "3.55", "confidence": "l"}}, {"type": "Feature", "geometry": {"type": "Point", "coordinates": [147.66644, -9.64806]}, "properties": {"source": "VIIRS_NOAA20", "date": "2026-10-06", "time": "345", "frp": "3.55", "confidence": "n"}}, {"type": "Feature", "geometry": {"type": "Point", "coordinates": [147.66592, -9.64474]}, "properties": {"source": "VIIRS_NOAA20", "date": "2026-10-06", "time": "345", "frp": "5.61", "confidence": "n"}}, {"type": "Feature", "geometry": {"type": "Point", "coordinates": [148.69231, -9.64445]}, "properties": {"source": "VIIRS_NOAA20", "date": "2026-10-06", "time": "345", "frp": "4.07", "confidence": "n"}}, {"type": "Feature", "geometry": {"type": "Point", "coordinates": [148.68127, -9.64276]}, "properties": {"source": "VIIRS_NOAA20", "date": "2026-10-06", "time": "345", "frp": "3.03", "confidence": "n"}}, {"type": "Feature", "geometry": {"type": "Point", "coordinates": [147.97348, -9.63906]}, "properties": {"source": "VIIRS_NOAA20", "date": "2026-10-06", "time": "345", "frp": "4.1", "confidence": "n"}}, {"type": "Feature", "geometry": {"type": "Point", "coordinates": [148.72327, -9.63628]}, "properties": {"source": "VIIRS_NOAA20", "date": "2026-10-06", "time": "345", "frp": "6.25", "confidence": "l"}}, {"type": "Feature", "geometry": {"type": "Point", "coordinates": [147.97296, -9.63575]}, "properties": {"source": "VIIRS_NOAA20", "date": "2026-10-06", "time": "345", "frp": "4.1", "confidence": "n"}}, {"type": "Feature", "geometry": {"type": "Point", "coordinates": [147.68561, -9.63158]}, "properties": {"source": "VIIRS_NOAA20", "date": "2026-10-06", "time": "345", "frp": "5.49", "confidence": "n"}}, {"type": "Feature", "geometry": {"type": "Point", "coordinates": [147.90315, -9.62572]}, "properties": {"source": "VIIRS_NOAA20", "date": "2026-10-06", "time": "345", "frp": "6.72", "confidence": "n"}}, {"type": "Feature", "geometry": {"type": "Point", "coordinates": [148.58463, -9.62366]}, "properties": {"source": "VIIRS_NOAA20", "date": "2026-10-06", "time": "345", "frp": "2.92", "confidence": "l"}}, {"type": "Feature", "geometry": {"type": "Point", "coordinates": [149.34599, -9.5977]}, "properties": {"source": "VIIRS_NOAA20", "date": "2026-10-06", "time": "345", "frp": "12.95", "confidence": "n"}}, {"type": "Feature", "geometry": {"type": "Point", "coordinates": [149.34547, -9.59436]}, "properties": {"source": "VIIRS_NOAA20", "date": "2026-10-06", "time": "345", "frp": "12.95", "confidence": "n"}}, {"type": "Feature", "geometry": {"type": "Point", "coordinates": [148.53249, -9.5639]}, "properties": {"source": "VIIRS_NOAA20", "date": "2026-10-06", "time": "345", "frp": "3.03", "confidence": "l"}}, {"type": "Feature", "geometry": {"type": "Point", "coordinates": [148.51942, -9.52834]}, "properties": {"source": "VIIRS_NOAA20", "date": "2026-10-06", "time": "345", "frp": "10.26", "confidence": "n"}}, {"type": "Feature", "geometry": {"type": "Point", "coordinates": [147.59489, -9.51304]}, "properties": {"source": "VIIRS_NOAA20", "date": "2026-10-06", "time": "345", "frp": "5.47", "confidence": "n"}}, {"type": "Feature", "geometry": {"type": "Point", "coordinates": [148.3564, -9.51266]}, "properties": {"source": "VIIRS_NOAA20", "date": "2026-10-06", "time": "345", "frp": "1.82", "confidence": "n"}}, {"type": "Feature", "geometry": {"type": "Point", "coordinates": [147.5909, -9.51025]}, "properties": {"source": "VIIRS_NOAA20", "date": "2026-10-06", "time": "345", "frp": "5.47", "confidence": "n"}}, {"type": "Feature", "geometry": {"type": "Point", "coordinates": [148.31696, -9.48824]}, "properties": {"source": "VIIRS_NOAA20", "date": "2026-10-06", "time": "345", "frp": "36.98", "confidence": "l"}}, {"type": "Feature", "geometry": {"type": "Point", "coordinates": [148.32043, -9.4877]}, "properties": {"source": "VIIRS_NOAA20", "date": "2026-10-06", "time": "345", "frp": "36.98", "confidence": "n"}}, {"type": "Feature", "geometry": {"type": "Point", "coordinates": [148.54114, -9.48435]}, "properties": {"source": "VIIRS_NOAA20", "date": "2026-10-06", "time": "345", "frp": "2.23", "confidence": "l"}}, {"type": "Feature", "geometry": {"type": "Point", "coordinates": [148.42892, -9.47447]}, "properties": {"source": "VIIRS_NOAA20", "date": "2026-10-06", "time": "345", "frp": "12.16", "confidence": "n"}}, {"type": "Feature", "geometry": {"type": "Point", "coordinates": [148.43242, -9.47394]}, "properties": {"source": "VIIRS_NOAA20", "date": "2026-10-06", "time": "345", "frp": "12.16", "confidence": "n"}}, {"type": "Feature", "geometry": {"type": "Point", "coordinates": [148.42841, -9.47117]}, "properties": {"source": "VIIRS_NOAA20", "date": "2026-10-06", "time": "345", "frp": "12.16", "confidence": "n"}}, {"type": "Feature", "geometry": {"type": "Point", "coordinates": [148.77496, -9.46875]}, "properties": {"source": "VIIRS_NOAA20", "date": "2026-10-06", "time": "345", "frp": "3.2", "confidence": "n"}}, {"type": "Feature", "geometry": {"type": "Point", "coordinates": [148.84312, -9.46845]}, "properties": {"source": "VIIRS_NOAA20", "date": "2026-10-06", "time": "345", "frp": "2.67", "confidence": "n"}}, {"type": "Feature", "geometry": {"type": "Point", "coordinates": [148.7529, -9.46536]}, "properties": {"source": "VIIRS_NOAA20", "date": "2026-10-06", "time": "345", "frp": "2.42", "confidence": "n"}}, {"type": "Feature", "geometry": {"type": "Point", "coordinates": [148.30939, -9.46231]}, "properties": {"source": "VIIRS_NOAA20", "date": "2026-10-06", "time": "345", "frp": "6.55", "confidence": "n"}}, {"type": "Feature", "geometry": {"type": "Point", "coordinates": [148.7899, -9.44947]}, "properties": {"source": "VIIRS_NOAA20", "date": "2026-10-06", "time": "345", "frp": "6.32", "confidence": "n"}}, {"type": "Feature", "geometry": {"type": "Point", "coordinates": [148.7934, -9.44893]}, "properties": {"source": "VIIRS_NOAA20", "date": "2026-10-06", "time": "345", "frp": "6.32", "confidence": "n"}}, {"type": "Feature", "geometry": {"type": "Point", "coordinates": [148.51051, -9.4484]}, "properties": {"source": "VIIRS_NOAA20", "date": "2026-10-06", "time": "345", "frp": "5.18", "confidence": "n"}}, {"type": "Feature", "geometry": {"type": "Point", "coordinates": [147.96037, -9.44422]}, "properties": {"source": "VIIRS_NOAA20", "date": "2026-10-06", "time": "345", "frp": "3.06", "confidence": "n"}}, {"type": "Feature", "geometry": {"type": "Point", "coordinates": [147.4525, -9.43265]}, "properties": {"source": "VIIRS_NOAA20", "date": "2026-10-06", "time": "345", "frp": "4.34", "confidence": "n"}}, {"type": "Feature", "geometry": {"type": "Point", "coordinates": [147.28137, -9.42766]}, "properties": {"source": "VIIRS_NOAA20", "date": "2026-10-06", "time": "345", "frp": "1.15", "confidence": "n"}}, {"type": "Feature", "geometry": {"type": "Point", "coordinates": [148.34579, -9.42607]}, "properties": {"source": "VIIRS_NOAA20", "date": "2026-10-06", "time": "345", "frp": "2.48", "confidence": "n"}}, {"type": "Feature", "geometry": {"type": "Point", "coordinates": [148.78226, -9.42348]}, "properties": {"source": "VIIRS_NOAA20", "date": "2026-10-06", "time": "345", "frp": "2.7", "confidence": "n"}}, {"type": "Feature", "geometry": {"type": "Point", "coordinates": [148.78575, -9.42294]}, "properties": {"source": "VIIRS_NOAA20", "date": "2026-10-06", "time": "345", "frp": "3.88", "confidence": "n"}}, {"type": "Feature", "geometry": {"type": "Point", "coordinates": [147.46155, -9.42109]}, "properties": {"source": "VIIRS_NOAA20", "date": "2026-10-06", "time": "345", "frp": "3.71", "confidence": "n"}}, {"type": "Feature", "geometry": {"type": "Point", "coordinates": [148.67712, -9.41594]}, "properties": {"source": "VIIRS_NOAA20", "date": "2026-10-06", "time": "345", "frp": "1.74", "confidence": "n"}}, {"type": "Feature", "geometry": {"type": "Point", "coordinates": [147.5284, -9.41103]}, "properties": {"source": "VIIRS_NOAA20", "date": "2026-10-06", "time": "345", "frp": "3.8", "confidence": "n"}}, {"type": "Feature", "geometry": {"type": "Point", "coordinates": [148.79419, -9.40804]}, "properties": {"source": "VIIRS_NOAA20", "date": "2026-10-06", "time": "345", "frp": "3.93", "confidence": "n"}}, {"type": "Feature", "geometry": {"type": "Point", "coordinates": [147.44138, -9.40712]}, "properties": {"source": "VIIRS_NOAA20", "date": "2026-10-06", "time": "345", "frp": "1.85", "confidence": "n"}}, {"type": "Feature", "geometry": {"type": "Point", "coordinates": [148.7471, -9.40514]}, "properties": {"source": "VIIRS_NOAA20", "date": "2026-10-06", "time": "345", "frp": "4.17", "confidence": "n"}}, {"type": "Feature", "geometry": {"type": "Point", "coordinates": [148.79366, -9.40473]}, "properties": {"source": "VIIRS_NOAA20", "date": "2026-10-06", "time": "345", "frp": "2.41", "confidence": "n"}}, {"type": "Feature", "geometry": {"type": "Point", "coordinates": [148.71635, -9.39639]}, "properties": {"source": "VIIRS_NOAA20", "date": "2026-10-06", "time": "345", "frp": "4.77", "confidence": "n"}}, {"type": "Feature", "geometry": {"type": "Point", "coordinates": [148.71985, -9.39585]}, "properties": {"source": "VIIRS_NOAA20", "date": "2026-10-06", "time": "345", "frp": "4.77", "confidence": "n"}}, {"type": "Feature", "geometry": {"type": "Point", "coordinates": [147.05371, -9.39431]}, "properties": {"source": "VIIRS_NOAA20", "date": "2026-10-06", "time": "345", "frp": "4.17", "confidence": "l"}}, {"type": "Feature", "geometry": {"type": "Point", "coordinates": [147.0573, -9.39378]}, "properties": {"source": "VIIRS_NOAA20", "date": "2026-10-06", "time": "345", "frp": "2.73", "confidence": "l"}}, {"type": "Feature", "geometry": {"type": "Point", "coordinates": [148.73334, -9.39038]}, "properties": {"source": "VIIRS_NOAA20", "date": "2026-10-06", "time": "345", "frp": "21.59", "confidence": "n"}}, {"type": "Feature", "geometry": {"type": "Point", "coordinates": [148.77238, -9.38778]}, "properties": {"source": "VIIRS_NOAA20", "date": "2026-10-06", "time": "345", "frp": "6.74", "confidence": "n"}}, {"type": "Feature", "geometry": {"type": "Point", "coordinates": [147.37682, -9.38616]}, "properties": {"source": "VIIRS_NOAA20", "date": "2026-10-06", "time": "345", "frp": "3.95", "confidence": "l"}}, {"type": "Feature", "geometry": {"type": "Point", "coordinates": [148.77187, -9.38446]}, "properties": {"source": "VIIRS_NOAA20", "date": "2026-10-06", "time": "345", "frp": "6.74", "confidence": "n"}}, {"type": "Feature", "geometry": {"type": "Point", "coordinates": [147.36128, -9.38218]}, "properties": {"source": "VIIRS_NOAA20", "date": "2026-10-06", "time": "345", "frp": "4.17", "confidence": "n"}}, {"type": "Feature", "geometry": {"type": "Point", "coordinates": [147.36073, -9.37887]}, "properties": {"source": "VIIRS_NOAA20", "date": "2026-10-06", "time": "345", "frp": "6.6", "confidence": "n"}}, {"type": "Feature", "geometry": {"type": "Point", "coordinates": [148.76979, -9.3712]}, "properties": {"source": "VIIRS_NOAA20", "date": "2026-10-06", "time": "345", "frp": "2.16", "confidence": "n"}}, {"type": "Feature", "geometry": {"type": "Point", "coordinates": [148.73373, -9.36995]}, "properties": {"source": "VIIRS_NOAA20", "date": "2026-10-06", "time": "345", "frp": "1.39", "confidence": "n"}}, {"type": "Feature", "geometry": {"type": "Point", "coordinates": [148.76225, -9.36896]}, "properties": {"source": "VIIRS_NOAA20", "date": "2026-10-06", "time": "345", "frp": "6.81", "confidence": "n"}}, {"type": "Feature", "geometry": {"type": "Point", "coordinates": [148.74918, -9.35399]}, "properties": {"source": "VIIRS_NOAA20", "date": "2026-10-06", "time": "345", "frp": "5.49", "confidence": "n"}}, {"type": "Feature", "geometry": {"type": "Point", "coordinates": [148.79576, -9.35361]}, "properties": {"source": "VIIRS_NOAA20", "date": "2026-10-06", "time": "345", "frp": "2.19", "confidence": "n"}}, {"type": "Feature", "geometry": {"type": "Point", "coordinates": [149.08459, -9.35273]}, "properties": {"source": "VIIRS_NOAA20", "date": "2026-10-06", "time": "345", "frp": "2.13", "confidence": "n"}}, {"type": "Feature", "geometry": {"type": "Point", "coordinates": [148.24397, -9.34984]}, "properties": {"source": "VIIRS_NOAA20", "date": "2026-10-06", "time": "345", "frp": "8.22", "confidence": "n"}}, {"type": "Feature", "geometry": {"type": "Point", "coordinates": [148.58565, -9.33846]}, "properties": {"source": "VIIRS_NOAA20", "date": "2026-10-06", "time": "345", "frp": "2.11", "confidence": "n"}}, {"type": "Feature", "geometry": {"type": "Point", "coordinates": [148.97195, -9.32982]}, "properties": {"source": "VIIRS_NOAA20", "date": "2026-10-06", "time": "345", "frp": "2.73", "confidence": "n"}}, {"type": "Feature", "geometry": {"type": "Point", "coordinates": [149.04042, -9.32946]}, "properties": {"source": "VIIRS_NOAA20", "date": "2026-10-06", "time": "345", "frp": "3.67", "confidence": "n"}}, {"type": "Feature", "geometry": {"type": "Point", "coordinates": [149.14963, -9.30916]}, "properties": {"source": "VIIRS_NOAA20", "date": "2026-10-06", "time": "345", "frp": "2.31", "confidence": "n"}}, {"type": "Feature", "geometry": {"type": "Point", "coordinates": [147.25916, -9.30892]}, "properties": {"source": "VIIRS_NOAA20", "date": "2026-10-06", "time": "345", "frp": "2.93", "confidence": "n"}}, {"type": "Feature", "geometry": {"type": "Point", "coordinates": [147.26271, -9.30839]}, "properties": {"source": "VIIRS_NOAA20", "date": "2026-10-06", "time": "345", "frp": "1.86", "confidence": "n"}}, {"type": "Feature", "geometry": {"type": "Point", "coordinates": [149.15265, -9.30528]}, "properties": {"source": "VIIRS_NOAA20", "date": "2026-10-06", "time": "345", "frp": "2.31", "confidence": "n"}}, {"type": "Feature", "geometry": {"type": "Point", "coordinates": [147.12604, -9.29538]}, "properties": {"source": "VIIRS_NOAA20", "date": "2026-10-06", "time": "345", "frp": "3.62", "confidence": "n"}}, {"type": "Feature", "geometry": {"type": "Point", "coordinates": [147.12959, -9.29484]}, "properties": {"source": "VIIRS_NOAA20", "date": "2026-10-06", "time": "345", "frp": "3.59", "confidence": "l"}}, {"type": "Feature", "geometry": {"type": "Point", "coordinates": [149.19608, -9.25751]}, "properties": {"source": "VIIRS_NOAA20", "date": "2026-10-06", "time": "345", "frp": "4.35", "confidence": "n"}}, {"type": "Feature", "geometry": {"type": "Point", "coordinates": [148.62021, -9.24477]}, "properties": {"source": "VIIRS_NOAA20", "date": "2026-10-06", "time": "345", "frp": "5.18", "confidence": "n"}}, {"type": "Feature", "geometry": {"type": "Point", "coordinates": [148.61969, -9.24146]}, "properties": {"source": "VIIRS_NOAA20", "date": "2026-10-06", "time": "345", "frp": "2.73", "confidence": "n"}}, {"type": "Feature", "geometry": {"type": "Point", "coordinates": [147.32837, -9.24105]}, "properties": {"source": "VIIRS_NOAA20", "date": "2026-10-06", "time": "345", "frp": "1.61", "confidence": "n"}}, {"type": "Feature", "geometry": {"type": "Point", "coordinates": [147.37483, -9.23746]}, "properties": {"source": "VIIRS_NOAA20", "date": "2026-10-06", "time": "345", "frp": "3.65", "confidence": "n"}}, {"type": "Feature", "geometry": {"type": "Point", "coordinates": [147.21893, -9.23703]}, "properties": {"source": "VIIRS_NOAA20", "date": "2026-10-06", "time": "345", "frp": "2.31", "confidence": "l"}}, {"type": "Feature", "geometry": {"type": "Point", "coordinates": [148.6936, -9.23347]}, "properties": {"source": "VIIRS_NOAA20", "date": "2026-10-06", "time": "345", "frp": "3.31", "confidence": "n"}}, {"type": "Feature", "geometry": {"type": "Point", "coordinates": [148.63301, -9.21226]}, "properties": {"source": "VIIRS_NOAA20", "date": "2026-10-06", "time": "345", "frp": "2.49", "confidence": "n"}}, {"type": "Feature", "geometry": {"type": "Point", "coordinates": [147.00653, -9.20834]}, "properties": {"source": "VIIRS_NOAA20", "date": "2026-10-06", "time": "345", "frp": "2.41", "confidence": "l"}}, {"type": "Feature", "geometry": {"type": "Point", "coordinates": [147.24628, -9.20223]}, "properties": {"source": "VIIRS_NOAA20", "date": "2026-10-06", "time": "345", "frp": "2.81", "confidence": "n"}}, {"type": "Feature", "geometry": {"type": "Point", "coordinates": [149.24435, -9.19945]}, "properties": {"source": "VIIRS_NOAA20", "date": "2026-10-06", "time": "345", "frp": "12.15", "confidence": "n"}}, {"type": "Feature", "geometry": {"type": "Point", "coordinates": [147.32878, -9.19672]}, "properties": {"source": "VIIRS_NOAA20", "date": "2026-10-06", "time": "345", "frp": "1.79", "confidence": "l"}}, {"type": "Feature", "geometry": {"type": "Point", "coordinates": [148.61824, -9.19082]}, "properties": {"source": "VIIRS_NOAA20", "date": "2026-10-06", "time": "345", "frp": "5.21", "confidence": "n"}}, {"type": "Feature", "geometry": {"type": "Point", "coordinates": [147.80937, -9.18864]}, "properties": {"source": "VIIRS_NOAA20", "date": "2026-10-06", "time": "345", "frp": "21.68", "confidence": "n"}}, {"type": "Feature", "geometry": {"type": "Point", "coordinates": [147.28372, -9.18641]}, "properties": {"source": "VIIRS_NOAA20", "date": "2026-10-06", "time": "345", "frp": "3.64", "confidence": "n"}}, {"type": "Feature", "geometry": {"type": "Point", "coordinates": [148.85716, -9.17759]}, "properties": {"source": "VIIRS_NOAA20", "date": "2026-10-06", "time": "345", "frp": "4.61", "confidence": "l"}}, {"type": "Feature", "geometry": {"type": "Point", "coordinates": [147.27422, -9.17485]}, "properties": {"source": "VIIRS_NOAA20", "date": "2026-10-06", "time": "345", "frp": "5.06", "confidence": "n"}}, {"type": "Feature", "geometry": {"type": "Point", "coordinates": [147.28383, -9.16658]}, "properties": {"source": "VIIRS_NOAA20", "date": "2026-10-06", "time": "345", "frp": "2.06", "confidence": "l"}}, {"type": "Feature", "geometry": {"type": "Point", "coordinates": [149.28241, -9.16272]}, "properties": {"source": "VIIRS_NOAA20", "date": "2026-10-06", "time": "345", "frp": "3.32", "confidence": "n"}}, {"type": "Feature", "geometry": {"type": "Point", "coordinates": [147.27223, -9.16151]}, "properties": {"source": "VIIRS_NOAA20", "date": "2026-10-06", "time": "345", "frp": "2.44", "confidence": "n"}}, {"type": "Feature", "geometry": {"type": "Point", "coordinates": [147.2717, -9.15818]}, "properties": {"source": "VIIRS_NOAA20", "date": "2026-10-06", "time": "345", "frp": "2.44", "confidence": "l"}}, {"type": "Feature", "geometry": {"type": "Point", "coordinates": [147.27522, -9.15765]}, "properties": {"source": "VIIRS_NOAA20", "date": "2026-10-06", "time": "345", "frp": "4.4", "confidence": "n"}}, {"type": "Feature", "geometry": {"type": "Point", "coordinates": [147.19824, -9.15218]}, "properties": {"source": "VIIRS_NOAA20", "date": "2026-10-06", "time": "345", "frp": "2.58", "confidence": "n"}}, {"type": "Feature", "geometry": {"type": "Point", "coordinates": [148.8714, -9.13489]}, "properties": {"source": "VIIRS_NOAA20", "date": "2026-10-06", "time": "345", "frp": "11.5", "confidence": "n"}}, {"type": "Feature", "geometry": {"type": "Point", "coordinates": [148.87088, -9.13156]}, "properties": {"source": "VIIRS_NOAA20", "date": "2026-10-06", "time": "345", "frp": "11.5", "confidence": "n"}}, {"type": "Feature", "geometry": {"type": "Point", "coordinates": [147.22411, -9.13124]}, "properties": {"source": "VIIRS_NOAA20", "date": "2026-10-06", "time": "345", "frp": "3.33", "confidence": "n"}}, {"type": "Feature", "geometry": {"type": "Point", "coordinates": [147.00864, -9.12582]}, "properties": {"source": "VIIRS_NOAA20", "date": "2026-10-06", "time": "345", "frp": "3.97", "confidence": "n"}}, {"type": "Feature", "geometry": {"type": "Point", "coordinates": [148.33974, -9.12476]}, "properties": {"source": "VIIRS_NOAA20", "date": "2026-10-06", "time": "345", "frp": "3.24", "confidence": "n"}}, {"type": "Feature", "geometry": {"type": "Point", "coordinates": [147.00813, -9.12247]}, "properties": {"source": "VIIRS_NOAA20", "date": "2026-10-06", "time": "345", "frp": "3.97", "confidence": "n"}}, {"type": "Feature", "geometry": {"type": "Point", "coordinates": [147.23271, -9.11631]}, "properties": {"source": "VIIRS_NOAA20", "date": "2026-10-06", "time": "345", "frp": "4.13", "confidence": "n"}}, {"type": "Feature", "geometry": {"type": "Point", "coordinates": [148.58438, -9.11122]}, "properties": {"source": "VIIRS_NOAA20", "date": "2026-10-06", "time": "345", "frp": "5.12", "confidence": "n"}}, {"type": "Feature", "geometry": {"type": "Point", "coordinates": [147.11812, -9.1027]}, "properties": {"source": "VIIRS_NOAA20", "date": "2026-10-06", "time": "345", "frp": "3.06", "confidence": "n"}}, {"type": "Feature", "geometry": {"type": "Point", "coordinates": [147.119, -9.08963]}, "properties": {"source": "VIIRS_NOAA20", "date": "2026-10-06", "time": "345", "frp": "10.18", "confidence": "l"}}, {"type": "Feature", "geometry": {"type": "Point", "coordinates": [147.12206, -9.08576]}, "properties": {"source": "VIIRS_NOAA20", "date": "2026-10-06", "time": "345", "frp": "10.18", "confidence": "l"}}, {"type": "Feature", "geometry": {"type": "Point", "coordinates": [147.16869, -9.08214]}, "properties": {"source": "VIIRS_NOAA20", "date": "2026-10-06", "time": "345", "frp": "2.93", "confidence": "l"}}, {"type": "Feature", "geometry": {"type": "Point", "coordinates": [149.03639, -9.08211]}, "properties": {"source": "VIIRS_NOAA20", "date": "2026-10-06", "time": "345", "frp": "4.44", "confidence": "l"}}, {"type": "Feature", "geometry": {"type": "Point", "coordinates": [149.03992, -9.08156]}, "properties": {"source": "VIIRS_NOAA20", "date": "2026-10-06", "time": "345", "frp": "3.88", "confidence": "l"}}, {"type": "Feature", "geometry": {"type": "Point", "coordinates": [147.04787, -9.0764]}, "properties": {"source": "VIIRS_NOAA20", "date": "2026-10-06", "time": "345", "frp": "2.96", "confidence": "n"}}, {"type": "Feature", "geometry": {"type": "Point", "coordinates": [148.53789, -9.06731]}, "properties": {"source": "VIIRS_NOAA20", "date": "2026-10-06", "time": "345", "frp": "3.5", "confidence": "n"}}, {"type": "Feature", "geometry": {"type": "Point", "coordinates": [147.16924, -9.06158]}, "properties": {"source": "VIIRS_NOAA20", "date": "2026-10-06", "time": "345", "frp": "3.75", "confidence": "n"}}, {"type": "Feature", "geometry": {"type": "Point", "coordinates": [147.187, -9.0589]}, "properties": {"source": "VIIRS_NOAA20", "date": "2026-10-06", "time": "345", "frp": "4.85", "confidence": "n"}}, {"type": "Feature", "geometry": {"type": "Point", "coordinates": [147.19659, -9.05063]}, "properties": {"source": "VIIRS_NOAA20", "date": "2026-10-06", "time": "345", "frp": "2.47", "confidence": "n"}}, {"type": "Feature", "geometry": {"type": "Point", "coordinates": [147.22797, -9.04251]}, "properties": {"source": "VIIRS_NOAA20", "date": "2026-10-06", "time": "345", "frp": "2.77", "confidence": "n"}}, {"type": "Feature", "geometry": {"type": "Point", "coordinates": [149.20543, -9.02504]}, "properties": {"source": "VIIRS_NOAA20", "date": "2026-10-06", "time": "345", "frp": "1.91", "confidence": "n"}}, {"type": "Feature", "geometry": {"type": "Point", "coordinates": [147.28906, -9.01628]}, "properties": {"source": "VIIRS_NOAA20", "date": "2026-10-06", "time": "345", "frp": "3.53", "confidence": "n"}}, {"type": "Feature", "geometry": {"type": "Point", "coordinates": [146.73961, -8.95565]}, "properties": {"source": "VIIRS_NOAA20", "date": "2026-10-06", "time": "345", "frp": "3.57", "confidence": "n"}}, {"type": "Feature", "geometry": {"type": "Point", "coordinates": [146.75165, -8.9141]}, "properties": {"source": "VIIRS_NOAA20", "date": "2026-10-06", "time": "345", "frp": "6.59", "confidence": "n"}}, {"type": "Feature", "geometry": {"type": "Point", "coordinates": [146.64381, -8.90955]}, "properties": {"source": "VIIRS_NOAA20", "date": "2026-10-06", "time": "345", "frp": "1.96", "confidence": "n"}}, {"type": "Feature", "geometry": {"type": "Point", "coordinates": [146.60391, -8.89132]}, "properties": {"source": "VIIRS_NOAA20", "date": "2026-10-06", "time": "345", "frp": "4.53", "confidence": "l"}}, {"type": "Feature", "geometry": {"type": "Point", "coordinates": [146.77333, -8.88678]}, "properties": {"source": "VIIRS_NOAA20", "date": "2026-10-06", "time": "345", "frp": "2.29", "confidence": "n"}}, {"type": "Feature", "geometry": {"type": "Point", "coordinates": [146.81134, -8.8708]}, "properties": {"source": "VIIRS_NOAA20", "date": "2026-10-06", "time": "345", "frp": "3.43", "confidence": "n"}}, {"type": "Feature", "geometry": {"type": "Point", "coordinates": [146.81085, -8.86744]}, "properties": {"source": "VIIRS_NOAA20", "date": "2026-10-06", "time": "345", "frp": "3.43", "confidence": "n"}}, {"type": "Feature", "geometry": {"type": "Point", "coordinates": [146.78827, -8.86393]}, "properties": {"source": "VIIRS_NOAA20", "date": "2026-10-06", "time": "345", "frp": "3.24", "confidence": "l"}}, {"type": "Feature", "geometry": {"type": "Point", "coordinates": [146.76566, -8.86042]}, "properties": {"source": "VIIRS_NOAA20", "date": "2026-10-06", "time": "345", "frp": "3.77", "confidence": "n"}}, {"type": "Feature", "geometry": {"type": "Point", "coordinates": [146.76926, -8.85988]}, "properties": {"source": "VIIRS_NOAA20", "date": "2026-10-06", "time": "345", "frp": "4.92", "confidence": "n"}}, {"type": "Feature", "geometry": {"type": "Point", "coordinates": [146.84265, -8.85926]}, "properties": {"source": "VIIRS_NOAA20", "date": "2026-10-06", "time": "345", "frp": "12.1", "confidence": "n"}}, {"type": "Feature", "geometry": {"type": "Point", "coordinates": [146.84622, -8.85873]}, "properties": {"source": "VIIRS_NOAA20", "date": "2026-10-06", "time": "345", "frp": "12.1", "confidence": "n"}}, {"type": "Feature", "geometry": {"type": "Point", "coordinates": [147.27051, -8.58835]}, "properties": {"source": "VIIRS_NOAA20", "date": "2026-10-06", "time": "345", "frp": "10.47", "confidence": "n"}}, {"type": "Feature", "geometry": {"type": "Point", "coordinates": [147.14023, -8.56033]}, "properties": {"source": "VIIRS_NOAA20", "date": "2026-10-06", "time": "345", "frp": "3.82", "confidence": "n"}}, {"type": "Feature", "geometry": {"type": "Point", "coordinates": [146.93588, -8.54045]}, "properties": {"source": "VIIRS_NOAA20", "date": "2026-10-06", "time": "345", "frp": "5.06", "confidence": "n"}}, {"type": "Feature", "geometry": {"type": "Point", "coordinates": [146.63989, -8.4056]}, "properties": {"source": "VIIRS_NOAA20", "date": "2026-10-06", "time": "345", "frp": "5.28", "confidence": "n"}}, {"type": "Feature", "geometry": {"type": "Point", "coordinates": [147.02693, -8.36708]}, "properties": {"source": "VIIRS_NOAA20", "date": "2026-10-06", "time": "345", "frp": "23.55", "confidence": "n"}}, {"type": "Feature", "geometry": {"type": "Point", "coordinates": [146.97673, -8.35474]}, "properties": {"source": "VIIRS_NOAA20", "date": "2026-10-06", "time": "345", "frp": "2.74", "confidence": "n"}}, {"type": "Feature", "geometry": {"type": "Point", "coordinates": [147.03395, -8.29503]}, "properties": {"source": "VIIRS_NOAA20", "date": "2026-10-06", "time": "345", "frp": "14.78", "confidence": "n"}}, {"type": "Feature", "geometry": {"type": "Point", "coordinates": [147.03735, -8.29451]}, "properties": {"source": "VIIRS_NOAA20", "date": "2026-10-06", "time": "345", "frp": "14.78", "confidence": "n"}}, {"type": "Feature", "geometry": {"type": "Point", "coordinates": [147.09221, -8.27946]}, "properties": {"source": "VIIRS_NOAA20", "date": "2026-10-06", "time": "345", "frp": "16.28", "confidence": "n"}}, {"type": "Feature", "geometry": {"type": "Point", "coordinates": [147.14426, -8.24109]}, "properties": {"source": "VIIRS_NOAA20", "date": "2026-10-06", "time": "345", "frp": "51.87", "confidence": "n"}}, {"type": "Feature", "geometry": {"type": "Point", "coordinates": [147.14378, -8.23777]}, "properties": {"source": "VIIRS_NOAA20", "date": "2026-10-06", "time": "345", "frp": "32.75", "confidence": "n"}}, {"type": "Feature", "geometry": {"type": "Point", "coordinates": [146.93173, -7.82866]}, "properties": {"source": "VIIRS_NOAA20", "date": "2026-10-06", "time": "345", "frp": "5.37", "confidence": "n"}}, {"type": "Feature", "geometry": {"type": "Point", "coordinates": [146.86685, -7.80467]}, "properties": {"source": "VIIRS_NOAA20", "date": "2026-10-06", "time": "345", "frp": "4.21", "confidence": "n"}}, {"type": "Feature", "geometry": {"type": "Point", "coordinates": [149.31633, -9.85375]}, "properties": {"source": "VIIRS_NOAA20", "date": "2026-10-06", "time": "1450", "frp": "1.5", "confidence": "n"}}, {"type": "Feature", "geometry": {"type": "Point", "coordinates": [149.31886, -9.84862]}, "properties": {"source": "VIIRS_NOAA20", "date": "2026-10-06", "time": "1450", "frp": "1.5", "confidence": "n"}}, {"type": "Feature", "geometry": {"type": "Point", "coordinates": [149.3378, -9.83532]}, "properties": {"source": "VIIRS_NOAA20", "date": "2026-10-06", "time": "1450", "frp": "10.05", "confidence": "h"}}, {"type": "Feature", "geometry": {"type": "Point", "coordinates": [149.33379, -9.83457]}, "properties": {"source": "VIIRS_NOAA20", "date": "2026-10-06", "time": "1450", "frp": "8.2", "confidence": "n"}}, {"type": "Feature", "geometry": {"type": "Point", "coordinates": [148.71951, -9.79122]}, "properties": {"source": "VIIRS_NOAA20", "date": "2026-10-06", "time": "1450", "frp": "1.01", "confidence": "n"}}, {"type": "Feature", "geometry": {"type": "Point", "coordinates": [149.34047, -9.7909]}, "properties": {"source": "VIIRS_NOAA20", "date": "2026-10-06", "time": "1450", "frp": "0.84", "confidence": "n"}}, {"type": "Feature", "geometry": {"type": "Point", "coordinates": [149.34108, -9.7896]}, "properties": {"source": "VIIRS_NOAA20", "date": "2026-10-06", "time": "1450", "frp": "0.81", "confidence": "n"}}, {"type": "Feature", "geometry": {"type": "Point", "coordinates": [149.33836, -9.78909]}, "properties": {"source": "VIIRS_NOAA20", "date": "2026-10-06", "time": "1450", "frp": "0.79", "confidence": "n"}}, {"type": "Feature", "geometry": {"type": "Point", "coordinates": [148.7189, -9.78871]}, "properties": {"source": "VIIRS_NOAA20", "date": "2026-10-06", "time": "1450", "frp": "1.79", "confidence": "n"}}, {"type": "Feature", "geometry": {"type": "Point", "coordinates": [149.34384, -9.78593]}, "properties": {"source": "VIIRS_NOAA20", "date": "2026-10-06", "time": "1450", "frp": "0.84", "confidence": "n"}}, {"type": "Feature", "geometry": {"type": "Point", "coordinates": [148.72025, -9.7855]}, "properties": {"source": "VIIRS_NOAA20", "date": "2026-10-06", "time": "1450", "frp": "1.01", "confidence": "n"}}, {"type": "Feature", "geometry": {"type": "Point", "coordinates": [149.34126, -9.78543]}, "properties": {"source": "VIIRS_NOAA20", "date": "2026-10-06", "time": "1450", "frp": "0.84", "confidence": "n"}}, {"type": "Feature", "geometry": {"type": "Point", "coordinates": [149.34186, -9.78413]}, "properties": {"source": "VIIRS_NOAA20", "date": "2026-10-06", "time": "1450", "frp": "5.68", "confidence": "n"}}, {"type": "Feature", "geometry": {"type": "Point", "coordinates": [149.29939, -9.78305]}, "properties": {"source": "VIIRS_NOAA20", "date": "2026-10-06", "time": "1450", "frp": "0.74", "confidence": "n"}}, {"type": "Feature", "geometry": {"type": "Point", "coordinates": [149.29968, -9.78201]}, "properties": {"source": "VIIRS_NOAA20", "date": "2026-10-06", "time": "1450", "frp": "1.5", "confidence": "n"}}, {"type": "Feature", "geometry": {"type": "Point", "coordinates": [149.342, -9.77995]}, "properties": {"source": "VIIRS_NOAA20", "date": "2026-10-06", "time": "1450", "frp": "13.84", "confidence": "h"}}, {"type": "Feature", "geometry": {"type": "Point", "coordinates": [149.3394, -9.77946]}, "properties": {"source": "VIIRS_NOAA20", "date": "2026-10-06", "time": "1450", "frp": "6.2", "confidence": "n"}}, {"type": "Feature", "geometry": {"type": "Point", "coordinates": [149.34254, -9.77864]}, "properties": {"source": "VIIRS_NOAA20", "date": "2026-10-06", "time": "1450", "frp": "5.68", "confidence": "h"}}, {"type": "Feature", "geometry": {"type": "Point", "coordinates": [149.33994, -9.77815]}, "properties": {"source": "VIIRS_NOAA20", "date": "2026-10-06", "time": "1450", "frp": "8.8", "confidence": "n"}}, {"type": "Feature", "geometry": {"type": "Point", "coordinates": [149.29898, -9.77733]}, "properties": {"source": "VIIRS_NOAA20", "date": "2026-10-06", "time": "1450", "frp": "0.74", "confidence": "n"}}, {"type": "Feature", "geometry": {"type": "Point", "coordinates": [149.33971, -9.77389]}, "properties": {"source": "VIIRS_NOAA20", "date": "2026-10-06", "time": "1450", "frp": "6.2", "confidence": "n"}}, {"type": "Feature", "geometry": {"type": "Point", "coordinates": [149.33675, -9.77332]}, "properties": {"source": "VIIRS_NOAA20", "date": "2026-10-06", "time": "1450", "frp": "6.2", "confidence": "n"}}, {"type": "Feature", "geometry": {"type": "Point", "coordinates": [149.3336, -9.77272]}, "properties": {"source": "VIIRS_NOAA20", "date": "2026-10-06", "time": "1450", "frp": "9.34", "confidence": "n"}}, {"type": "Feature", "geometry": {"type": "Point", "coordinates": [149.34023, -9.7726]}, "properties": {"source": "VIIRS_NOAA20", "date": "2026-10-06", "time": "1450", "frp": "8.23", "confidence": "n"}}, {"type": "Feature", "geometry": {"type": "Point", "coordinates": [149.33026, -9.77208]}, "properties": {"source": "VIIRS_NOAA20", "date": "2026-10-06", "time": "1450", "frp": "9.34", "confidence": "n"}}, {"type": "Feature", "geometry": {"type": "Point", "coordinates": [149.33725, -9.77205]}, "properties": {"source": "VIIRS_NOAA20", "date": "2026-10-06", "time": "1450", "frp": "8.23", "confidence": "h"}}, {"type": "Feature", "geometry": {"type": "Point", "coordinates": [149.33411, -9.77146]}, "properties": {"source": "VIIRS_NOAA20", "date": "2026-10-06", "time": "1450", "frp": "11.21", "confidence": "h"}}, {"type": "Feature", "geometry": {"type": "Point", "coordinates": [149.3308, -9.77085]}, "properties": {"source": "VIIRS_NOAA20", "date": "2026-10-06", "time": "1450", "frp": "11.21", "confidence": "n"}}, {"type": "Feature", "geometry": {"type": "Point", "coordinates": [149.2162, -9.76103]}, "properties": {"source": "VIIRS_NOAA20", "date": "2026-10-06", "time": "1450", "frp": "0.46", "confidence": "n"}}, {"type": "Feature", "geometry": {"type": "Point", "coordinates": [147.87148, -9.63921]}, "properties": {"source": "VIIRS_NOAA20", "date": "2026-10-06", "time": "1450", "frp": "0.36", "confidence": "n"}}, {"type": "Feature", "geometry": {"type": "Point", "coordinates": [147.01454, -9.33791]}, "properties": {"source": "VIIRS_NOAA20", "date": "2026-10-06", "time": "1450", "frp": "0.76", "confidence": "n"}}, {"type": "Feature", "geometry": {"type": "Point", "coordinates": [148.81975, -9.32361]}, "properties": {"source": "VIIRS_NOAA20", "date": "2026-10-06", "time": "1450", "frp": "1.75", "confidence": "n"}}, {"type": "Feature", "geometry": {"type": "Point", "coordinates": [146.94199, -7.90778]}, "properties": {"source": "VIIRS_NOAA20", "date": "2026-10-06", "time": "1450", "frp": "4.99", "confidence": "n"}}, {"type": "Feature", "geometry": {"type": "Point", "coordinates": [146.94127, -7.90698]}, "properties": {"source": "VIIRS_NOAA20", "date": "2026-10-06", "time": "1450", "frp": "5.7", "confidence": "n"}}, {"type": "Feature", "geometry": {"type": "Point", "coordinates": [146.84621, -7.9068]}, "properties": {"source": "VIIRS_NOAA20", "date": "2026-10-06", "time": "1630", "frp": "1.26", "confidence": "n"}}, {"type": "Feature", "geometry": {"type": "Point", "coordinates": [146.94991, -7.90631]}, "properties": {"source": "VIIRS_NOAA20", "date": "2026-10-06", "time": "1630", "frp": "10.88", "confidence": "n"}}, {"type": "Feature", "geometry": {"type": "Point", "coordinates": [146.94061, -7.90513]}, "properties": {"source": "VIIRS_NOAA20", "date": "2026-10-06", "time": "1630", "frp": "18.13", "confidence": "h"}}, {"type": "Feature", "geometry": {"type": "Point", "coordinates": [146.94485, -7.90348]}, "properties": {"source": "VIIRS_NOAA20", "date": "2026-10-06", "time": "1630", "frp": "14.31", "confidence": "n"}}, {"type": "Feature", "geometry": {"type": "Point", "coordinates": [146.93517, -7.90217]}, "properties": {"source": "VIIRS_NOAA20", "date": "2026-10-06", "time": "1630", "frp": "7.83", "confidence": "n"}}, {"type": "Feature", "geometry": {"type": "Point", "coordinates": [148.00014, -10.09492]}, "properties": {"source": "VIIRS_NOAA20", "date": "2026-10-07", "time": "325", "frp": "3.66", "confidence": "n"}}, {"type": "Feature", "geometry": {"type": "Point", "coordinates": [148.00374, -10.09443]}, "properties": {"source": "VIIRS_NOAA20", "date": "2026-10-07", "time": "325", "frp": "3.95", "confidence": "n"}}, {"type": "Feature", "geometry": {"type": "Point", "coordinates": [147.99957, -10.09086]}, "properties": {"source": "VIIRS_NOAA20", "date": "2026-10-07", "time": "325", "frp": "3.44", "confidence": "n"}}, {"type": "Feature", "geometry": {"type": "Point", "coordinates": [147.81201, -9.89656]}, "properties": {"source": "VIIRS_NOAA20", "date": "2026-10-07", "time": "325", "frp": "2.76", "confidence": "n"}}, {"type": "Feature", "geometry": {"type": "Point", "coordinates": [147.77762, -9.89285]}, "properties": {"source": "VIIRS_NOAA20", "date": "2026-10-07", "time": "325", "frp": "3.83", "confidence": "n"}}, {"type": "Feature", "geometry": {"type": "Point", "coordinates": [147.77826, -9.83916]}, "properties": {"source": "VIIRS_NOAA20", "date": "2026-10-07", "time": "325", "frp": "3.41", "confidence": "n"}}, {"type": "Feature", "geometry": {"type": "Point", "coordinates": [147.77768, -9.83506]}, "properties": {"source": "VIIRS_NOAA20", "date": "2026-10-07", "time": "325", "frp": "3.41", "confidence": "n"}}, {"type": "Feature", "geometry": {"type": "Point", "coordinates": [147.79591, -9.80335]}, "properties": {"source": "VIIRS_NOAA20", "date": "2026-10-07", "time": "325", "frp": "2.91", "confidence": "n"}}, {"type": "Feature", "geometry": {"type": "Point", "coordinates": [147.81773, -9.7879]}, "properties": {"source": "VIIRS_NOAA20", "date": "2026-10-07", "time": "325", "frp": "3.93", "confidence": "n"}}, {"type": "Feature", "geometry": {"type": "Point", "coordinates": [149.47369, -9.78272]}, "properties": {"source": "VIIRS_NOAA20", "date": "2026-10-07", "time": "325", "frp": "10.25", "confidence": "n"}}, {"type": "Feature", "geometry": {"type": "Point", "coordinates": [149.47307, -9.77904]}, "properties": {"source": "VIIRS_NOAA20", "date": "2026-10-07", "time": "325", "frp": "7.62", "confidence": "n"}}, {"type": "Feature", "geometry": {"type": "Point", "coordinates": [147.66599, -9.70919]}, "properties": {"source": "VIIRS_NOAA20", "date": "2026-10-07", "time": "325", "frp": "4.85", "confidence": "n"}}, {"type": "Feature", "geometry": {"type": "Point", "coordinates": [147.83298, -9.70722]}, "properties": {"source": "VIIRS_NOAA20", "date": "2026-10-07", "time": "325", "frp": "3.37", "confidence": "n"}}, {"type": "Feature", "geometry": {"type": "Point", "coordinates": [149.62718, -9.68282]}, "properties": {"source": "VIIRS_NOAA20", "date": "2026-10-07", "time": "325", "frp": "8", "confidence": "l"}}, {"type": "Feature", "geometry": {"type": "Point", "coordinates": [149.55589, -9.67805]}, "properties": {"source": "VIIRS_NOAA20", "date": "2026-10-07", "time": "325", "frp": "4.79", "confidence": "l"}}, {"type": "Feature", "geometry": {"type": "Point", "coordinates": [147.89493, -9.67801]}, "properties": {"source": "VIIRS_NOAA20", "date": "2026-10-07", "time": "325", "frp": "2.15", "confidence": "n"}}, {"type": "Feature", "geometry": {"type": "Point", "coordinates": [149.55531, -9.67439]}, "properties": {"source": "VIIRS_NOAA20", "date": "2026-10-07", "time": "325", "frp": "8.43", "confidence": "l"}}, {"type": "Feature", "geometry": {"type": "Point", "coordinates": [149.50645, -9.67381]}, "properties": {"source": "VIIRS_NOAA20", "date": "2026-10-07", "time": "325", "frp": "61.94", "confidence": "l"}}, {"type": "Feature", "geometry": {"type": "Point", "coordinates": [147.43584, -9.38579]}, "properties": {"source": "VIIRS_NOAA20", "date": "2026-10-07", "time": "325", "frp": "6.11", "confidence": "n"}}, {"type": "Feature", "geometry": {"type": "Point", "coordinates": [147.00822, -9.20869]}, "properties": {"source": "VIIRS_NOAA20", "date": "2026-10-07", "time": "325", "frp": "3.57", "confidence": "n"}}, {"type": "Feature", "geometry": {"type": "Point", "coordinates": [147.28444, -9.19149]}, "properties": {"source": "VIIRS_NOAA20", "date": "2026-10-07", "time": "325", "frp": "4.43", "confidence": "n"}}, {"type": "Feature", "geometry": {"type": "Point", "coordinates": [147.28786, -9.18673]}, "properties": {"source": "VIIRS_NOAA20", "date": "2026-10-07", "time": "325", "frp": "6.87", "confidence": "n"}}, {"type": "Feature", "geometry": {"type": "Point", "coordinates": [147.00632, -9.16541]}, "properties": {"source": "VIIRS_NOAA20", "date": "2026-10-07", "time": "325", "frp": "9.4", "confidence": "n"}}, {"type": "Feature", "geometry": {"type": "Point", "coordinates": [146.72372, -9.02399]}, "properties": {"source": "VIIRS_NOAA20", "date": "2026-10-07", "time": "325", "frp": "5.04", "confidence": "n"}}, {"type": "Feature", "geometry": {"type": "Point", "coordinates": [146.72313, -9.01964]}, "properties": {"source": "VIIRS_NOAA20", "date": "2026-10-07", "time": "325", "frp": "5.04", "confidence": "n"}}, {"type": "Feature", "geometry": {"type": "Point", "coordinates": [147.25844, -8.73817]}, "properties": {"source": "VIIRS_NOAA20", "date": "2026-10-07", "time": "325", "frp": "11.2", "confidence": "n"}}, {"type": "Feature", "geometry": {"type": "Point", "coordinates": [147.26175, -8.73771]}, "properties": {"source": "VIIRS_NOAA20", "date": "2026-10-07", "time": "325", "frp": "11.2", "confidence": "n"}}, {"type": "Feature", "geometry": {"type": "Point", "coordinates": [147.2585, -8.73391]}, "properties": {"source": "VIIRS_NOAA20", "date": "2026-10-07", "time": "325", "frp": "66.44", "confidence": "n"}}, {"type": "Feature", "geometry": {"type": "Point", "coordinates": [147.22484, -8.71309]}, "properties": {"source": "VIIRS_NOAA20", "date": "2026-10-07", "time": "325", "frp": "9.31", "confidence": "n"}}, {"type": "Feature", "geometry": {"type": "Point", "coordinates": [147.09502, -8.6403]}, "properties": {"source": "VIIRS_NOAA20", "date": "2026-10-07", "time": "325", "frp": "11.67", "confidence": "n"}}, {"type": "Feature", "geometry": {"type": "Point", "coordinates": [147.14619, -8.55962]}, "properties": {"source": "VIIRS_NOAA20", "date": "2026-10-07", "time": "325", "frp": "8.07", "confidence": "n"}}, {"type": "Feature", "geometry": {"type": "Point", "coordinates": [146.96251, -8.40002]}, "properties": {"source": "VIIRS_NOAA20", "date": "2026-10-07", "time": "325", "frp": "10.4", "confidence": "n"}}, {"type": "Feature", "geometry": {"type": "Point", "coordinates": [147.00813, -8.3895]}, "properties": {"source": "VIIRS_NOAA20", "date": "2026-10-07", "time": "325", "frp": "5.83", "confidence": "n"}}, {"type": "Feature", "geometry": {"type": "Point", "coordinates": [146.79881, -8.16024]}, "properties": {"source": "VIIRS_NOAA20", "date": "2026-10-07", "time": "325", "frp": "14.23", "confidence": "n"}}, {"type": "Feature", "geometry": {"type": "Point", "coordinates": [146.94702, -7.91065]}, "properties": {"source": "VIIRS_NOAA20", "date": "2026-10-07", "time": "1609", "frp": "1.42", "confidence": "n"}}, {"type": "Feature", "geometry": {"type": "Point", "coordinates": [146.94336, -7.91015]}, "properties": {"source": "VIIRS_NOAA20", "date": "2026-10-07", "time": "1609", "frp": "1.42", "confidence": "n"}}, {"type": "Feature", "geometry": {"type": "Point", "coordinates": [146.94833, -7.90574]}, "properties": {"source": "VIIRS_NOAA20", "date": "2026-10-07", "time": "1609", "frp": "3.17", "confidence": "n"}}, {"type": "Feature", "geometry": {"type": "Point", "coordinates": [146.94493, -7.90528]}, "properties": {"source": "VIIRS_NOAA20", "date": "2026-10-07", "time": "1609", "frp": "3.17", "confidence": "n"}}, {"type": "Feature", "geometry": {"type": "Point", "coordinates": [146.94942, -7.90079]}, "properties": {"source": "VIIRS_NOAA20", "date": "2026-10-07", "time": "1609", "frp": "3.17", "confidence": "n"}}, {"type": "Feature", "geometry": {"type": "Point", "coordinates": [146.94617, -7.90036]}, "properties": {"source": "VIIRS_NOAA20", "date": "2026-10-07", "time": "1609", "frp": "3.17", "confidence": "h"}}, {"type": "Feature", "geometry": {"type": "Point", "coordinates": [146.94832, -7.90012]}, "properties": {"source": "VIIRS_NOAA20", "date": "2026-10-07", "time": "1609", "frp": "5.61", "confidence": "n"}}, {"type": "Feature", "geometry": {"type": "Point", "coordinates": [146.94493, -7.89963]}, "properties": {"source": "VIIRS_NOAA20", "date": "2026-10-07", "time": "1609", "frp": "6.69", "confidence": "n"}}, {"type": "Feature", "geometry": {"type": "Point", "coordinates": [146.81857, -7.89818]}, "properties": {"source": "VIIRS_NOAA20", "date": "2026-10-07", "time": "1609", "frp": "1.3", "confidence": "n"}}, {"type": "Feature", "geometry": {"type": "Point", "coordinates": [149.31674, -9.85476]}, "properties": {"source": "VIIRS_NOAA20", "date": "2026-10-07", "time": "1611", "frp": "1.86", "confidence": "n"}}, {"type": "Feature", "geometry": {"type": "Point", "coordinates": [149.31229, -9.8542]}, "properties": {"source": "VIIRS_NOAA20", "date": "2026-10-07", "time": "1611", "frp": "1.8", "confidence": "n"}}, {"type": "Feature", "geometry": {"type": "Point", "coordinates": [149.31967, -9.84902]}, "properties": {"source": "VIIRS_NOAA20", "date": "2026-10-07", "time": "1611", "frp": "2.06", "confidence": "n"}}, {"type": "Feature", "geometry": {"type": "Point", "coordinates": [149.31567, -9.84852]}, "properties": {"source": "VIIRS_NOAA20", "date": "2026-10-07", "time": "1611", "frp": "2.55", "confidence": "n"}}, {"type": "Feature", "geometry": {"type": "Point", "coordinates": [149.3376, -9.75753]}, "properties": {"source": "VIIRS_NOAA20", "date": "2026-10-07", "time": "1611", "frp": "7.08", "confidence": "n"}}, {"type": "Feature", "geometry": {"type": "Point", "coordinates": [149.33224, -9.75685]}, "properties": {"source": "VIIRS_NOAA20", "date": "2026-10-07", "time": "1611", "frp": "7.08", "confidence": "n"}}, {"type": "Feature", "geometry": {"type": "Point", "coordinates": [149.33971, -9.75169]}, "properties": {"source": "VIIRS_NOAA20", "date": "2026-10-07", "time": "1611", "frp": "7.08", "confidence": "n"}}, {"type": "Feature", "geometry": {"type": "Point", "coordinates": [148.10922, -10.09911]}, "properties": {"source": "VIIRS_NOAA20", "date": "2026-10-08", "time": "306", "frp": "8.3", "confidence": "h"}}, {"type": "Feature", "geometry": {"type": "Point", "coordinates": [149.62253, -9.96954]}, "properties": {"source": "VIIRS_NOAA20", "date": "2026-10-08", "time": "306", "frp": "6.09", "confidence": "n"}}, {"type": "Feature", "geometry": {"type": "Point", "coordinates": [149.62512, -9.9692]}, "properties": {"source": "VIIRS_NOAA20", "date": "2026-10-08", "time": "306", "frp": "4.96", "confidence": "n"}}, {"type": "Feature", "geometry": {"type": "Point", "coordinates": [149.31255, -9.85249]}, "properties": {"source": "VIIRS_NOAA20", "date": "2026-10-08", "time": "306", "frp": "8.44", "confidence": "n"}}, {"type": "Feature", "geometry": {"type": "Point", "coordinates": [149.31541, -9.85211]}, "properties": {"source": "VIIRS_NOAA20", "date": "2026-10-08", "time": "306", "frp": "8.44", "confidence": "h"}}, {"type": "Feature", "geometry": {"type": "Point", "coordinates": [149.48045, -9.84985]}, "properties": {"source": "VIIRS_NOAA20", "date": "2026-10-08", "time": "306", "frp": "4.58", "confidence": "n"}}, {"type": "Feature", "geometry": {"type": "Point", "coordinates": [149.3112, -9.80599]}, "properties": {"source": "VIIRS_NOAA20", "date": "2026-10-08", "time": "306", "frp": "9.53", "confidence": "n"}}, {"type": "Feature", "geometry": {"type": "Point", "coordinates": [149.31383, -9.80565]}, "properties": {"source": "VIIRS_NOAA20", "date": "2026-10-08", "time": "306", "frp": "9.53", "confidence": "h"}}, {"type": "Feature", "geometry": {"type": "Point", "coordinates": [147.96973, -9.7917]}, "properties": {"source": "VIIRS_NOAA20", "date": "2026-10-08", "time": "306", "frp": "3.47", "confidence": "n"}}, {"type": "Feature", "geometry": {"type": "Point", "coordinates": [147.60385, -9.71419]}, "properties": {"source": "VIIRS_NOAA20", "date": "2026-10-08", "time": "306", "frp": "6.51", "confidence": "n"}}, {"type": "Feature", "geometry": {"type": "Point", "coordinates": [148.52586, -9.70388]}, "properties": {"source": "VIIRS_NOAA20", "date": "2026-10-08", "time": "306", "frp": "3.06", "confidence": "n"}}, {"type": "Feature", "geometry": {"type": "Point", "coordinates": [148.52437, -9.69861]}, "properties": {"source": "VIIRS_NOAA20", "date": "2026-10-08", "time": "306", "frp": "3.06", "confidence": "n"}}, {"type": "Feature", "geometry": {"type": "Point", "coordinates": [148.69148, -9.66641]}, "properties": {"source": "VIIRS_NOAA20", "date": "2026-10-08", "time": "306", "frp": "1.96", "confidence": "n"}}, {"type": "Feature", "geometry": {"type": "Point", "coordinates": [148.72398, -9.65148]}, "properties": {"source": "VIIRS_NOAA20", "date": "2026-10-08", "time": "306", "frp": "7.61", "confidence": "l"}}, {"type": "Feature", "geometry": {"type": "Point", "coordinates": [148.62271, -9.552]}, "properties": {"source": "VIIRS_NOAA20", "date": "2026-10-08", "time": "306", "frp": "2.95", "confidence": "n"}}, {"type": "Feature", "geometry": {"type": "Point", "coordinates": [148.34578, -9.46389]}, "properties": {"source": "VIIRS_NOAA20", "date": "2026-10-08", "time": "306", "frp": "9.48", "confidence": "l"}}, {"type": "Feature", "geometry": {"type": "Point", "coordinates": [148.34258, -9.46218]}, "properties": {"source": "VIIRS_NOAA20", "date": "2026-10-08", "time": "306", "frp": "6.42", "confidence": "n"}}, {"type": "Feature", "geometry": {"type": "Point", "coordinates": [148.34619, -9.4617]}, "properties": {"source": "VIIRS_NOAA20", "date": "2026-10-08", "time": "306", "frp": "6.42", "confidence": "h"}}, {"type": "Feature", "geometry": {"type": "Point", "coordinates": [148.34201, -9.45885]}, "properties": {"source": "VIIRS_NOAA20", "date": "2026-10-08", "time": "306", "frp": "3.38", "confidence": "n"}}, {"type": "Feature", "geometry": {"type": "Point", "coordinates": [147.38519, -9.41099]}, "properties": {"source": "VIIRS_NOAA20", "date": "2026-10-08", "time": "306", "frp": "2.42", "confidence": "n"}}, {"type": "Feature", "geometry": {"type": "Point", "coordinates": [148.71881, -9.39606]}, "properties": {"source": "VIIRS_NOAA20", "date": "2026-10-08", "time": "306", "frp": "6.22", "confidence": "n"}}, {"type": "Feature", "geometry": {"type": "Point", "coordinates": [147.42256, -9.3829]}, "properties": {"source": "VIIRS_NOAA20", "date": "2026-10-08", "time": "306", "frp": "5.79", "confidence": "n"}}, {"type": "Feature", "geometry": {"type": "Point", "coordinates": [147.42001, -9.38193]}, "properties": {"source": "VIIRS_NOAA20", "date": "2026-10-08", "time": "306", "frp": "7.35", "confidence": "n"}}, {"type": "Feature", "geometry": {"type": "Point", "coordinates": [147.42401, -9.3814]}, "properties": {"source": "VIIRS_NOAA20", "date": "2026-10-08", "time": "306", "frp": "7.35", "confidence": "n"}}, {"type": "Feature", "geometry": {"type": "Point", "coordinates": [147.42154, -9.37717]}, "properties": {"source": "VIIRS_NOAA20", "date": "2026-10-08", "time": "306", "frp": "5.79", "confidence": "n"}}, {"type": "Feature", "geometry": {"type": "Point", "coordinates": [147.27211, -9.31275]}, "properties": {"source": "VIIRS_NOAA20", "date": "2026-10-08", "time": "306", "frp": "2.1", "confidence": "n"}}, {"type": "Feature", "geometry": {"type": "Point", "coordinates": [148.68466, -9.23469]}, "properties": {"source": "VIIRS_NOAA20", "date": "2026-10-08", "time": "306", "frp": "3.01", "confidence": "n"}}, {"type": "Feature", "geometry": {"type": "Point", "coordinates": [148.58409, -9.20974]}, "properties": {"source": "VIIRS_NOAA20", "date": "2026-10-08", "time": "306", "frp": "7.75", "confidence": "h"}}, {"type": "Feature", "geometry": {"type": "Point", "coordinates": [147.20786, -9.20873]}, "properties": {"source": "VIIRS_NOAA20", "date": "2026-10-08", "time": "306", "frp": "4.33", "confidence": "n"}}, {"type": "Feature", "geometry": {"type": "Point", "coordinates": [148.58363, -9.20558]}, "properties": {"source": "VIIRS_NOAA20", "date": "2026-10-08", "time": "306", "frp": "4.89", "confidence": "n"}}, {"type": "Feature", "geometry": {"type": "Point", "coordinates": [147.56662, -9.20417]}, "properties": {"source": "VIIRS_NOAA20", "date": "2026-10-08", "time": "306", "frp": "4.31", "confidence": "n"}}, {"type": "Feature", "geometry": {"type": "Point", "coordinates": [148.8737, -9.17323]}, "properties": {"source": "VIIRS_NOAA20", "date": "2026-10-08", "time": "306", "frp": "3.05", "confidence": "n"}}, {"type": "Feature", "geometry": {"type": "Point", "coordinates": [148.87334, -9.17224]}, "properties": {"source": "VIIRS_NOAA20", "date": "2026-10-08", "time": "306", "frp": "3.01", "confidence": "n"}}, {"type": "Feature", "geometry": {"type": "Point", "coordinates": [148.86884, -9.16224]}, "properties": {"source": "VIIRS_NOAA20", "date": "2026-10-08", "time": "306", "frp": "3.66", "confidence": "n"}}, {"type": "Feature", "geometry": {"type": "Point", "coordinates": [147.03259, -9.16007]}, "properties": {"source": "VIIRS_NOAA20", "date": "2026-10-08", "time": "306", "frp": "3.61", "confidence": "n"}}, {"type": "Feature", "geometry": {"type": "Point", "coordinates": [149.15001, -9.03329]}, "properties": {"source": "VIIRS_NOAA20", "date": "2026-10-08", "time": "306", "frp": "2.71", "confidence": "n"}}, {"type": "Feature", "geometry": {"type": "Point", "coordinates": [149.15089, -9.03098]}, "properties": {"source": "VIIRS_NOAA20", "date": "2026-10-08", "time": "306", "frp": "3.06", "confidence": "n"}}, {"type": "Feature", "geometry": {"type": "Point", "coordinates": [147.26076, -8.73574]}, "properties": {"source": "VIIRS_NOAA20", "date": "2026-10-08", "time": "306", "frp": "4.83", "confidence": "n"}}, {"type": "Feature", "geometry": {"type": "Point", "coordinates": [147.10228, -8.66097]}, "properties": {"source": "VIIRS_NOAA20", "date": "2026-10-08", "time": "306", "frp": "2.09", "confidence": "n"}}, {"type": "Feature", "geometry": {"type": "Point", "coordinates": [147.10602, -8.63682]}, "properties": {"source": "VIIRS_NOAA20", "date": "2026-10-08", "time": "306", "frp": "6.06", "confidence": "n"}}, {"type": "Feature", "geometry": {"type": "Point", "coordinates": [147.11485, -8.58253]}, "properties": {"source": "VIIRS_NOAA20", "date": "2026-10-08", "time": "306", "frp": "1.92", "confidence": "n"}}, {"type": "Feature", "geometry": {"type": "Point", "coordinates": [147.1088, -8.52395]}, "properties": {"source": "VIIRS_NOAA20", "date": "2026-10-08", "time": "306", "frp": "4.63", "confidence": "n"}}, {"type": "Feature", "geometry": {"type": "Point", "coordinates": [147.07599, -8.52232]}, "properties": {"source": "VIIRS_NOAA20", "date": "2026-10-08", "time": "306", "frp": "4.64", "confidence": "n"}}, {"type": "Feature", "geometry": {"type": "Point", "coordinates": [147.09557, -8.51387]}, "properties": {"source": "VIIRS_NOAA20", "date": "2026-10-08", "time": "306", "frp": "3.61", "confidence": "n"}}, {"type": "Feature", "geometry": {"type": "Point", "coordinates": [147.03751, -8.50953]}, "properties": {"source": "VIIRS_NOAA20", "date": "2026-10-08", "time": "306", "frp": "11.14", "confidence": "h"}}, {"type": "Feature", "geometry": {"type": "Point", "coordinates": [147.08957, -8.49692]}, "properties": {"source": "VIIRS_NOAA20", "date": "2026-10-08", "time": "306", "frp": "5.97", "confidence": "n"}}, {"type": "Feature", "geometry": {"type": "Point", "coordinates": [147.33987, -8.49373]}, "properties": {"source": "VIIRS_NOAA20", "date": "2026-10-08", "time": "306", "frp": "13.94", "confidence": "n"}}, {"type": "Feature", "geometry": {"type": "Point", "coordinates": [147.33011, -8.4892]}, "properties": {"source": "VIIRS_NOAA20", "date": "2026-10-08", "time": "306", "frp": "9.82", "confidence": "n"}}, {"type": "Feature", "geometry": {"type": "Point", "coordinates": [147.33472, -8.48859]}, "properties": {"source": "VIIRS_NOAA20", "date": "2026-10-08", "time": "306", "frp": "13.94", "confidence": "h"}}, {"type": "Feature", "geometry": {"type": "Point", "coordinates": [147.33913, -8.48802]}, "properties": {"source": "VIIRS_NOAA20", "date": "2026-10-08", "time": "306", "frp": "13.94", "confidence": "n"}}, {"type": "Feature", "geometry": {"type": "Point", "coordinates": [147.343, -8.48751]}, "properties": {"source": "VIIRS_NOAA20", "date": "2026-10-08", "time": "306", "frp": "56.55", "confidence": "n"}}, {"type": "Feature", "geometry": {"type": "Point", "coordinates": [147.33347, -8.48295]}, "properties": {"source": "VIIRS_NOAA20", "date": "2026-10-08", "time": "306", "frp": "14.58", "confidence": "n"}}, {"type": "Feature", "geometry": {"type": "Point", "coordinates": [147.33809, -8.48235]}, "properties": {"source": "VIIRS_NOAA20", "date": "2026-10-08", "time": "306", "frp": "14.58", "confidence": "h"}}, {"type": "Feature", "geometry": {"type": "Point", "coordinates": [147.34229, -8.4818]}, "properties": {"source": "VIIRS_NOAA20", "date": "2026-10-08", "time": "306", "frp": "20.17", "confidence": "n"}}, {"type": "Feature", "geometry": {"type": "Point", "coordinates": [147.3463, -8.48127]}, "properties": {"source": "VIIRS_NOAA20", "date": "2026-10-08", "time": "306", "frp": "20.17", "confidence": "h"}}, {"type": "Feature", "geometry": {"type": "Point", "coordinates": [146.9231, -8.47777]}, "properties": {"source": "VIIRS_NOAA20", "date": "2026-10-08", "time": "306", "frp": "3.51", "confidence": "n"}}, {"type": "Feature", "geometry": {"type": "Point", "coordinates": [146.92365, -8.4764]}, "properties": {"source": "VIIRS_NOAA20", "date": "2026-10-08", "time": "306", "frp": "3.94", "confidence": "n"}}, {"type": "Feature", "geometry": {"type": "Point", "coordinates": [147.14619, -8.4069]}, "properties": {"source": "VIIRS_NOAA20", "date": "2026-10-08", "time": "306", "frp": "9.12", "confidence": "n"}}, {"type": "Feature", "geometry": {"type": "Point", "coordinates": [146.95676, -8.40183]}, "properties": {"source": "VIIRS_NOAA20", "date": "2026-10-08", "time": "306", "frp": "4.07", "confidence": "n"}}, {"type": "Feature", "geometry": {"type": "Point", "coordinates": [147.02951, -8.37476]}, "properties": {"source": "VIIRS_NOAA20", "date": "2026-10-08", "time": "306", "frp": "5.8", "confidence": "n"}}, {"type": "Feature", "geometry": {"type": "Point", "coordinates": [147.12729, -8.35644]}, "properties": {"source": "VIIRS_NOAA20", "date": "2026-10-08", "time": "306", "frp": "27.2", "confidence": "n"}}, {"type": "Feature", "geometry": {"type": "Point", "coordinates": [147.1248, -8.356]}, "properties": {"source": "VIIRS_NOAA20", "date": "2026-10-08", "time": "306", "frp": "19.29", "confidence": "n"}}, {"type": "Feature", "geometry": {"type": "Point", "coordinates": [147.12842, -8.35552]}, "properties": {"source": "VIIRS_NOAA20", "date": "2026-10-08", "time": "306", "frp": "19.67", "confidence": "h"}}, {"type": "Feature", "geometry": {"type": "Point", "coordinates": [147.10216, -8.33609]}, "properties": {"source": "VIIRS_NOAA20", "date": "2026-10-08", "time": "306", "frp": "30.86", "confidence": "n"}}, {"type": "Feature", "geometry": {"type": "Point", "coordinates": [147.1055, -8.33567]}, "properties": {"source": "VIIRS_NOAA20", "date": "2026-10-08", "time": "306", "frp": "30.86", "confidence": "n"}}, {"type": "Feature", "geometry": {"type": "Point", "coordinates": [147.10345, -8.33531]}, "properties": {"source": "VIIRS_NOAA20", "date": "2026-10-08", "time": "306", "frp": "49.71", "confidence": "n"}}, {"type": "Feature", "geometry": {"type": "Point", "coordinates": [147.10858, -8.33528]}, "properties": {"source": "VIIRS_NOAA20", "date": "2026-10-08", "time": "306", "frp": "56.06", "confidence": "h"}}, {"type": "Feature", "geometry": {"type": "Point", "coordinates": [147.10672, -8.33488]}, "properties": {"source": "VIIRS_NOAA20", "date": "2026-10-08", "time": "306", "frp": "49.71", "confidence": "n"}}, {"type": "Feature", "geometry": {"type": "Point", "coordinates": [147.10973, -8.33448]}, "properties": {"source": "VIIRS_NOAA20", "date": "2026-10-08", "time": "306", "frp": "31.3", "confidence": "n"}}, {"type": "Feature", "geometry": {"type": "Point", "coordinates": [146.90254, -8.26167]}, "properties": {"source": "VIIRS_NOAA20", "date": "2026-10-08", "time": "306", "frp": "8.25", "confidence": "n"}}, {"type": "Feature", "geometry": {"type": "Point", "coordinates": [146.9061, -8.2612]}, "properties": {"source": "VIIRS_NOAA20", "date": "2026-10-08", "time": "306", "frp": "9.15", "confidence": "n"}}, {"type": "Feature", "geometry": {"type": "Point", "coordinates": [146.90515, -8.26028]}, "properties": {"source": "VIIRS_NOAA20", "date": "2026-10-08", "time": "306", "frp": "10.83", "confidence": "h"}}, {"type": "Feature", "geometry": {"type": "Point", "coordinates": [146.89047, -8.04443]}, "properties": {"source": "VIIRS_NOAA20", "date": "2026-10-08", "time": "308", "frp": "5.44", "confidence": "n"}}, {"type": "Feature", "geometry": {"type": "Point", "coordinates": [146.897, -8.04356]}, "properties": {"source": "VIIRS_NOAA20", "date": "2026-10-08", "time": "308", "frp": "5.44", "confidence": "n"}}, {"type": "Feature", "geometry": {"type": "Point", "coordinates": [146.89561, -8.04296]}, "properties": {"source": "VIIRS_NOAA20", "date": "2026-10-08", "time": "308", "frp": "7.12", "confidence": "n"}}, {"type": "Feature", "geometry": {"type": "Point", "coordinates": [146.8985, -8.03742]}, "properties": {"source": "VIIRS_NOAA20", "date": "2026-10-08", "time": "308", "frp": "5.44", "confidence": "n"}}, {"type": "Feature", "geometry": {"type": "Point", "coordinates": [146.89673, -8.03688]}, "properties": {"source": "VIIRS_NOAA20", "date": "2026-10-08", "time": "308", "frp": "7.12", "confidence": "n"}}, {"type": "Feature", "geometry": {"type": "Point", "coordinates": [146.83107, -7.97483]}, "properties": {"source": "VIIRS_NOAA20", "date": "2026-10-08", "time": "308", "frp": "4.8", "confidence": "n"}}, {"type": "Feature", "geometry": {"type": "Point", "coordinates": [147.21648, -7.95421]}, "properties": {"source": "VIIRS_NOAA20", "date": "2026-10-08", "time": "308", "frp": "2.3", "confidence": "n"}}, {"type": "Feature", "geometry": {"type": "Point", "coordinates": [146.83147, -7.93377]}, "properties": {"source": "VIIRS_NOAA20", "date": "2026-10-08", "time": "308", "frp": "2.61", "confidence": "n"}}, {"type": "Feature", "geometry": {"type": "Point", "coordinates": [146.83649, -7.92119]}, "properties": {"source": "VIIRS_NOAA20", "date": "2026-10-08", "time": "308", "frp": "13.65", "confidence": "n"}}, {"type": "Feature", "geometry": {"type": "Point", "coordinates": [146.84102, -7.92058]}, "properties": {"source": "VIIRS_NOAA20", "date": "2026-10-08", "time": "308", "frp": "11.14", "confidence": "n"}}, {"type": "Feature", "geometry": {"type": "Point", "coordinates": [146.94345, -7.91295]}, "properties": {"source": "VIIRS_NOAA20", "date": "2026-10-08", "time": "308", "frp": "19.48", "confidence": "n"}}, {"type": "Feature", "geometry": {"type": "Point", "coordinates": [146.94652, -7.91254]}, "properties": {"source": "VIIRS_NOAA20", "date": "2026-10-08", "time": "308", "frp": "19.48", "confidence": "h"}}, {"type": "Feature", "geometry": {"type": "Point", "coordinates": [146.95, -7.91208]}, "properties": {"source": "VIIRS_NOAA20", "date": "2026-10-08", "time": "308", "frp": "13.22", "confidence": "n"}}, {"type": "Feature", "geometry": {"type": "Point", "coordinates": [146.94881, -7.90632]}, "properties": {"source": "VIIRS_NOAA20", "date": "2026-10-08", "time": "308", "frp": "12.17", "confidence": "n"}}, {"type": "Feature", "geometry": {"type": "Point", "coordinates": [146.95236, -7.90585]}, "properties": {"source": "VIIRS_NOAA20", "date": "2026-10-08", "time": "308", "frp": "12.17", "confidence": "h"}}, {"type": "Feature", "geometry": {"type": "Point", "coordinates": [146.95137, -7.90007]}, "properties": {"source": "VIIRS_NOAA20", "date": "2026-10-08", "time": "308", "frp": "12.17", "confidence": "l"}}, {"type": "Feature", "geometry": {"type": "Point", "coordinates": [147.68169, -7.89292]}, "properties": {"source": "VIIRS_NOAA20", "date": "2026-10-08", "time": "308", "frp": "17.55", "confidence": "h"}}, {"type": "Feature", "geometry": {"type": "Point", "coordinates": [147.68535, -7.89243]}, "properties": {"source": "VIIRS_NOAA20", "date": "2026-10-08", "time": "308", "frp": "7.97", "confidence": "n"}}, {"type": "Feature", "geometry": {"type": "Point", "coordinates": [147.68456, -7.8869]}, "properties": {"source": "VIIRS_NOAA20", "date": "2026-10-08", "time": "308", "frp": "7.97", "confidence": "n"}}, {"type": "Feature", "geometry": {"type": "Point", "coordinates": [146.81445, -7.81187]}, "properties": {"source": "VIIRS_NOAA20", "date": "2026-10-08", "time": "308", "frp": "3.99", "confidence": "n"}}, {"type": "Feature", "geometry": {"type": "Point", "coordinates": [146.85313, -7.80081]}, "properties": {"source": "VIIRS_NOAA20", "date": "2026-10-08", "time": "308", "frp": "5.26", "confidence": "n"}}, {"type": "Feature", "geometry": {"type": "Point", "coordinates": [149.30962, -9.85593]}, "properties": {"source": "VIIRS_NOAA20", "date": "2026-10-08", "time": "1552", "frp": "2.48", "confidence": "n"}}, {"type": "Feature", "geometry": {"type": "Point", "coordinates": [149.31056, -9.85162]}, "properties": {"source": "VIIRS_NOAA20", "date": "2026-10-08", "time": "1552", "frp": "2.33", "confidence": "n"}}, {"type": "Feature", "geometry": {"type": "Point", "coordinates": [149.31241, -9.84743]}, "properties": {"source": "VIIRS_NOAA20", "date": "2026-10-08", "time": "1552", "frp": "2.33", "confidence": "n"}}, {"type": "Feature", "geometry": {"type": "Point", "coordinates": [149.31378, -9.84317]}, "properties": {"source": "VIIRS_NOAA20", "date": "2026-10-08", "time": "1552", "frp": "4.87", "confidence": "n"}}, {"type": "Feature", "geometry": {"type": "Point", "coordinates": [149.30853, -9.80123]}, "properties": {"source": "VIIRS_NOAA20", "date": "2026-10-08", "time": "1552", "frp": "1.35", "confidence": "n"}}, {"type": "Feature", "geometry": {"type": "Point", "coordinates": [149.28603, -9.78476]}, "properties": {"source": "VIIRS_NOAA20", "date": "2026-10-08", "time": "1552", "frp": "2.24", "confidence": "n"}}, {"type": "Feature", "geometry": {"type": "Point", "coordinates": [148.68921, -9.17379]}, "properties": {"source": "VIIRS_NOAA20", "date": "2026-10-08", "time": "1552", "frp": "3.83", "confidence": "n"}}, {"type": "Feature", "geometry": {"type": "Point", "coordinates": [147.36388, -8.60501]}, "properties": {"source": "VIIRS_NOAA20", "date": "2026-10-08", "time": "1552", "frp": "1.89", "confidence": "n"}}, {"type": "Feature", "geometry": {"type": "Point", "coordinates": [147.32933, -8.48041]}, "properties": {"source": "VIIRS_NOAA20", "date": "2026-10-08", "time": "1552", "frp": "1.85", "confidence": "n"}}, {"type": "Feature", "geometry": {"type": "Point", "coordinates": [147.33414, -8.47728]}, "properties": {"source": "VIIRS_NOAA20", "date": "2026-10-08", "time": "1552", "frp": "3.38", "confidence": "n"}}, {"type": "Feature", "geometry": {"type": "Point", "coordinates": [147.33682, -8.4768]}, "properties": {"source": "VIIRS_NOAA20", "date": "2026-10-08", "time": "1552", "frp": "2.16", "confidence": "n"}}, {"type": "Feature", "geometry": {"type": "Point", "coordinates": [147.33247, -8.47615]}, "properties": {"source": "VIIRS_NOAA20", "date": "2026-10-08", "time": "1552", "frp": "4.21", "confidence": "n"}}, {"type": "Feature", "geometry": {"type": "Point", "coordinates": [147.34151, -8.47367]}, "properties": {"source": "VIIRS_NOAA20", "date": "2026-10-08", "time": "1552", "frp": "2.16", "confidence": "n"}}, {"type": "Feature", "geometry": {"type": "Point", "coordinates": [147.33443, -8.47348]}, "properties": {"source": "VIIRS_NOAA20", "date": "2026-10-08", "time": "1552", "frp": "3.38", "confidence": "n"}}, {"type": "Feature", "geometry": {"type": "Point", "coordinates": [147.34352, -8.47097]}, "properties": {"source": "VIIRS_NOAA20", "date": "2026-10-08", "time": "1552", "frp": "1.08", "confidence": "n"}}, {"type": "Feature", "geometry": {"type": "Point", "coordinates": [147.3418, -8.46987]}, "properties": {"source": "VIIRS_NOAA20", "date": "2026-10-08", "time": "1552", "frp": "0.43", "confidence": "n"}}, {"type": "Feature", "geometry": {"type": "Point", "coordinates": [147.12291, -8.41022]}, "properties": {"source": "VIIRS_NOAA20", "date": "2026-10-08", "time": "1552", "frp": "6.59", "confidence": "n"}}, {"type": "Feature", "geometry": {"type": "Point", "coordinates": [147.11951, -8.33184]}, "properties": {"source": "VIIRS_NOAA20", "date": "2026-10-08", "time": "1552", "frp": "0.82", "confidence": "n"}}, {"type": "Feature", "geometry": {"type": "Point", "coordinates": [147.12195, -8.33044]}, "properties": {"source": "VIIRS_NOAA20", "date": "2026-10-08", "time": "1552", "frp": "1.65", "confidence": "n"}}, {"type": "Feature", "geometry": {"type": "Point", "coordinates": [147.11473, -8.28186]}, "properties": {"source": "VIIRS_NOAA20", "date": "2026-10-08", "time": "1552", "frp": "4.65", "confidence": "n"}}, {"type": "Feature", "geometry": {"type": "Point", "coordinates": [146.89835, -8.03653]}, "properties": {"source": "VIIRS_NOAA20", "date": "2026-10-08", "time": "1552", "frp": "1.76", "confidence": "n"}}, {"type": "Feature", "geometry": {"type": "Point", "coordinates": [146.82393, -7.93912]}, "properties": {"source": "VIIRS_NOAA20", "date": "2026-10-08", "time": "1552", "frp": "6.39", "confidence": "n"}}, {"type": "Feature", "geometry": {"type": "Point", "coordinates": [146.81996, -7.93851]}, "properties": {"source": "VIIRS_NOAA20", "date": "2026-10-08", "time": "1552", "frp": "6.39", "confidence": "n"}}, {"type": "Feature", "geometry": {"type": "Point", "coordinates": [146.85757, -7.93678]}, "properties": {"source": "VIIRS_NOAA20", "date": "2026-10-08", "time": "1552", "frp": "0.79", "confidence": "n"}}, {"type": "Feature", "geometry": {"type": "Point", "coordinates": [146.82466, -7.93551]}, "properties": {"source": "VIIRS_NOAA20", "date": "2026-10-08", "time": "1552", "frp": "5.96", "confidence": "n"}}, {"type": "Feature", "geometry": {"type": "Point", "coordinates": [146.82062, -7.9349]}, "properties": {"source": "VIIRS_NOAA20", "date": "2026-10-08", "time": "1552", "frp": "5.96", "confidence": "n"}}, {"type": "Feature", "geometry": {"type": "Point", "coordinates": [146.90245, -7.92123]}, "properties": {"source": "VIIRS_NOAA20", "date": "2026-10-08", "time": "1552", "frp": "0.81", "confidence": "n"}}, {"type": "Feature", "geometry": {"type": "Point", "coordinates": [146.89818, -7.92059]}, "properties": {"source": "VIIRS_NOAA20", "date": "2026-10-08", "time": "1552", "frp": "0.81", "confidence": "n"}}, {"type": "Feature", "geometry": {"type": "Point", "coordinates": [146.90298, -7.91759]}, "properties": {"source": "VIIRS_NOAA20", "date": "2026-10-08", "time": "1552", "frp": "1.03", "confidence": "n"}}, {"type": "Feature", "geometry": {"type": "Point", "coordinates": [146.89879, -7.91696]}, "properties": {"source": "VIIRS_NOAA20", "date": "2026-10-08", "time": "1552", "frp": "1.03", "confidence": "n"}}, {"type": "Feature", "geometry": {"type": "Point", "coordinates": [146.89095, -7.91579]}, "properties": {"source": "VIIRS_NOAA20", "date": "2026-10-08", "time": "1552", "frp": "2.04", "confidence": "n"}}, {"type": "Feature", "geometry": {"type": "Point", "coordinates": [146.89938, -7.91333]}, "properties": {"source": "VIIRS_NOAA20", "date": "2026-10-08", "time": "1552", "frp": "1.03", "confidence": "n"}}, {"type": "Feature", "geometry": {"type": "Point", "coordinates": [146.89534, -7.91272]}, "properties": {"source": "VIIRS_NOAA20", "date": "2026-10-08", "time": "1552", "frp": "2.04", "confidence": "n"}}, {"type": "Feature", "geometry": {"type": "Point", "coordinates": [146.94478, -7.91266]}, "properties": {"source": "VIIRS_NOAA20", "date": "2026-10-08", "time": "1552", "frp": "1.52", "confidence": "n"}}, {"type": "Feature", "geometry": {"type": "Point", "coordinates": [146.93999, -7.91195]}, "properties": {"source": "VIIRS_NOAA20", "date": "2026-10-08", "time": "1552", "frp": "0.91", "confidence": "n"}}, {"type": "Feature", "geometry": {"type": "Point", "coordinates": [146.94551, -7.90904]}, "properties": {"source": "VIIRS_NOAA20", "date": "2026-10-08", "time": "1552", "frp": "1.53", "confidence": "n"}}, {"type": "Feature", "geometry": {"type": "Point", "coordinates": [146.94078, -7.90834]}, "properties": {"source": "VIIRS_NOAA20", "date": "2026-10-08", "time": "1552", "frp": "0.8", "confidence": "n"}}, {"type": "Feature", "geometry": {"type": "Point", "coordinates": [146.94624, -7.90542]}, "properties": {"source": "VIIRS_NOAA20", "date": "2026-10-08", "time": "1552", "frp": "1.53", "confidence": "n"}}, {"type": "Feature", "geometry": {"type": "Point", "coordinates": [146.95143, -7.90245]}, "properties": {"source": "VIIRS_NOAA20", "date": "2026-10-08", "time": "1552", "frp": "1.9", "confidence": "n"}}, {"type": "Feature", "geometry": {"type": "Point", "coordinates": [146.94691, -7.90178]}, "properties": {"source": "VIIRS_NOAA20", "date": "2026-10-08", "time": "1552", "frp": "1.9", "confidence": "n"}}, {"type": "Feature", "geometry": {"type": "Point", "coordinates": [149.6174, -10.02401]}, "properties": {"source": "VIIRS_NOAA20", "date": "2026-10-09", "time": "247", "frp": "13.17", "confidence": "n"}}, {"type": "Feature", "geometry": {"type": "Point", "coordinates": [149.30768, -9.85699]}, "properties": {"source": "VIIRS_NOAA20", "date": "2026-10-09", "time": "247", "frp": "38.39", "confidence": "n"}}, {"type": "Feature", "geometry": {"type": "Point", "coordinates": [149.3062, -9.85015]}, "properties": {"source": "VIIRS_NOAA20", "date": "2026-10-09", "time": "247", "frp": "38.39", "confidence": "n"}}, {"type": "Feature", "geometry": {"type": "Point", "coordinates": [149.31125, -9.84956]}, "properties": {"source": "VIIRS_NOAA20", "date": "2026-10-09", "time": "247", "frp": "38.39", "confidence": "h"}}, {"type": "Feature", "geometry": {"type": "Point", "coordinates": [149.11249, -9.33342]}, "properties": {"source": "VIIRS_NOAA20", "date": "2026-10-09", "time": "247", "frp": "8.7", "confidence": "n"}}, {"type": "Feature", "geometry": {"type": "Point", "coordinates": [149.11261, -9.32677]}, "properties": {"source": "VIIRS_NOAA20", "date": "2026-10-09", "time": "247", "frp": "11.11", "confidence": "n"}}, {"type": "Feature", "geometry": {"type": "Point", "coordinates": [148.21138, -9.99591]}, "properties": {"source": "VIIRS_NOAA20", "date": "2026-10-09", "time": "427", "frp": "5.93", "confidence": "n"}}, {"type": "Feature", "geometry": {"type": "Point", "coordinates": [148.2099, -9.99255]}, "properties": {"source": "VIIRS_NOAA20", "date": "2026-10-09", "time": "427", "frp": "7.86", "confidence": "n"}}, {"type": "Feature", "geometry": {"type": "Point", "coordinates": [148.21428, -9.99173]}, "properties": {"source": "VIIRS_NOAA20", "date": "2026-10-09", "time": "427", "frp": "5.75", "confidence": "n"}}, {"type": "Feature", "geometry": {"type": "Point", "coordinates": [148.45877, -9.9914]}, "properties": {"source": "VIIRS_NOAA20", "date": "2026-10-09", "time": "427", "frp": "4.68", "confidence": "n"}}, {"type": "Feature", "geometry": {"type": "Point", "coordinates": [149.30646, -9.86026]}, "properties": {"source": "VIIRS_NOAA20", "date": "2026-10-09", "time": "427", "frp": "9.02", "confidence": "n"}}, {"type": "Feature", "geometry": {"type": "Point", "coordinates": [149.30775, -9.8557]}, "properties": {"source": "VIIRS_NOAA20", "date": "2026-10-09", "time": "427", "frp": "16.92", "confidence": "h"}}, {"type": "Feature", "geometry": {"type": "Point", "coordinates": [149.30333, -9.8543]}, "properties": {"source": "VIIRS_NOAA20", "date": "2026-10-09", "time": "427", "frp": "9.02", "confidence": "n"}}, {"type": "Feature", "geometry": {"type": "Point", "coordinates": [149.30865, -9.85326]}, "properties": {"source": "VIIRS_NOAA20", "date": "2026-10-09", "time": "427", "frp": "22.03", "confidence": "n"}}, {"type": "Feature", "geometry": {"type": "Point", "coordinates": [149.2773, -9.80029]}, "properties": {"source": "VIIRS_NOAA20", "date": "2026-10-09", "time": "427", "frp": "9.9", "confidence": "l"}}, {"type": "Feature", "geometry": {"type": "Point", "coordinates": [149.28154, -9.79945]}, "properties": {"source": "VIIRS_NOAA20", "date": "2026-10-09", "time": "427", "frp": "9.9", "confidence": "n"}}, {"type": "Feature", "geometry": {"type": "Point", "coordinates": [149.27812, -9.79758]}, "properties": {"source": "VIIRS_NOAA20", "date": "2026-10-09", "time": "427", "frp": "12.87", "confidence": "n"}}, {"type": "Feature", "geometry": {"type": "Point", "coordinates": [149.28229, -9.79678]}, "properties": {"source": "VIIRS_NOAA20", "date": "2026-10-09", "time": "427", "frp": "12.87", "confidence": "n"}}, {"type": "Feature", "geometry": {"type": "Point", "coordinates": [147.60823, -9.75759]}, "properties": {"source": "VIIRS_NOAA20", "date": "2026-10-09", "time": "427", "frp": "2.41", "confidence": "n"}}, {"type": "Feature", "geometry": {"type": "Point", "coordinates": [147.58841, -9.73763]}, "properties": {"source": "VIIRS_NOAA20", "date": "2026-10-09", "time": "427", "frp": "4.89", "confidence": "n"}}, {"type": "Feature", "geometry": {"type": "Point", "coordinates": [148.5325, -9.6919]}, "properties": {"source": "VIIRS_NOAA20", "date": "2026-10-09", "time": "427", "frp": "4.12", "confidence": "n"}}, {"type": "Feature", "geometry": {"type": "Point", "coordinates": [147.80841, -9.69033]}, "properties": {"source": "VIIRS_NOAA20", "date": "2026-10-09", "time": "427", "frp": "4.33", "confidence": "n"}}, {"type": "Feature", "geometry": {"type": "Point", "coordinates": [147.58907, -9.69015]}, "properties": {"source": "VIIRS_NOAA20", "date": "2026-10-09", "time": "427", "frp": "2.31", "confidence": "n"}}, {"type": "Feature", "geometry": {"type": "Point", "coordinates": [147.81238, -9.68958]}, "properties": {"source": "VIIRS_NOAA20", "date": "2026-10-09", "time": "427", "frp": "4.33", "confidence": "n"}}, {"type": "Feature", "geometry": {"type": "Point", "coordinates": [147.80693, -9.6846]}, "properties": {"source": "VIIRS_NOAA20", "date": "2026-10-09", "time": "427", "frp": "4.33", "confidence": "n"}}, {"type": "Feature", "geometry": {"type": "Point", "coordinates": [147.81113, -9.68381]}, "properties": {"source": "VIIRS_NOAA20", "date": "2026-10-09", "time": "427", "frp": "4.33", "confidence": "n"}}, {"type": "Feature", "geometry": {"type": "Point", "coordinates": [148.61858, -9.67562]}, "properties": {"source": "VIIRS_NOAA20", "date": "2026-10-09", "time": "427", "frp": "5.21", "confidence": "n"}}, {"type": "Feature", "geometry": {"type": "Point", "coordinates": [148.62128, -9.67539]}, "properties": {"source": "VIIRS_NOAA20", "date": "2026-10-09", "time": "427", "frp": "4.73", "confidence": "n"}}, {"type": "Feature", "geometry": {"type": "Point", "coordinates": [147.42958, -9.4496]}, "properties": {"source": "VIIRS_NOAA20", "date": "2026-10-09", "time": "427", "frp": "3.35", "confidence": "n"}}, {"type": "Feature", "geometry": {"type": "Point", "coordinates": [147.42625, -9.38961]}, "properties": {"source": "VIIRS_NOAA20", "date": "2026-10-09", "time": "427", "frp": "5.73", "confidence": "l"}}, {"type": "Feature", "geometry": {"type": "Point", "coordinates": [147.42218, -9.38627]}, "properties": {"source": "VIIRS_NOAA20", "date": "2026-10-09", "time": "427", "frp": "4.37", "confidence": "n"}}, {"type": "Feature", "geometry": {"type": "Point", "coordinates": [147.42622, -9.3855]}, "properties": {"source": "VIIRS_NOAA20", "date": "2026-10-09", "time": "427", "frp": "4.37", "confidence": "n"}}, {"type": "Feature", "geometry": {"type": "Point", "coordinates": [147.42122, -9.38465]}, "properties": {"source": "VIIRS_NOAA20", "date": "2026-10-09", "time": "427", "frp": "5.73", "confidence": "l"}}, {"type": "Feature", "geometry": {"type": "Point", "coordinates": [147.4451, -9.38029]}, "properties": {"source": "VIIRS_NOAA20", "date": "2026-10-09", "time": "427", "frp": "7.15", "confidence": "n"}}, {"type": "Feature", "geometry": {"type": "Point", "coordinates": [147.41638, -9.37965]}, "properties": {"source": "VIIRS_NOAA20", "date": "2026-10-09", "time": "427", "frp": "3.32", "confidence": "n"}}, {"type": "Feature", "geometry": {"type": "Point", "coordinates": [147.44484, -9.37606]}, "properties": {"source": "VIIRS_NOAA20", "date": "2026-10-09", "time": "427", "frp": "5.58", "confidence": "n"}}, {"type": "Feature", "geometry": {"type": "Point", "coordinates": [147.0822, -9.25203]}, "properties": {"source": "VIIRS_NOAA20", "date": "2026-10-09", "time": "427", "frp": "3.54", "confidence": "n"}}, {"type": "Feature", "geometry": {"type": "Point", "coordinates": [147.06241, -9.24997]}, "properties": {"source": "VIIRS_NOAA20", "date": "2026-10-09", "time": "427", "frp": "5.99", "confidence": "n"}}, {"type": "Feature", "geometry": {"type": "Point", "coordinates": [147.19359, -9.21063]}, "properties": {"source": "VIIRS_NOAA20", "date": "2026-10-09", "time": "427", "frp": "3.18", "confidence": "l"}}, {"type": "Feature", "geometry": {"type": "Point", "coordinates": [147.32431, -9.19485]}, "properties": {"source": "VIIRS_NOAA20", "date": "2026-10-09", "time": "427", "frp": "1.93", "confidence": "n"}}, {"type": "Feature", "geometry": {"type": "Point", "coordinates": [147.27661, -9.17459]}, "properties": {"source": "VIIRS_NOAA20", "date": "2026-10-09", "time": "427", "frp": "1.42", "confidence": "n"}}, {"type": "Feature", "geometry": {"type": "Point", "coordinates": [146.8481, -9.00052]}, "properties": {"source": "VIIRS_NOAA20", "date": "2026-10-09", "time": "427", "frp": "2.42", "confidence": "n"}}, {"type": "Feature", "geometry": {"type": "Point", "coordinates": [146.7937, -8.86833]}, "properties": {"source": "VIIRS_NOAA20", "date": "2026-10-09", "time": "427", "frp": "6.75", "confidence": "n"}}, {"type": "Feature", "geometry": {"type": "Point", "coordinates": [146.78902, -8.86351]}, "properties": {"source": "VIIRS_NOAA20", "date": "2026-10-09", "time": "427", "frp": "3.34", "confidence": "n"}}, {"type": "Feature", "geometry": {"type": "Point", "coordinates": [146.77449, -8.80965]}, "properties": {"source": "VIIRS_NOAA20", "date": "2026-10-09", "time": "427", "frp": "9.34", "confidence": "n"}}, {"type": "Feature", "geometry": {"type": "Point", "coordinates": [147.36757, -8.68909]}, "properties": {"source": "VIIRS_NOAA20", "date": "2026-10-09", "time": "427", "frp": "5.58", "confidence": "n"}}, {"type": "Feature", "geometry": {"type": "Point", "coordinates": [146.69168, -8.609]}, "properties": {"source": "VIIRS_NOAA20", "date": "2026-10-09", "time": "427", "frp": "3.2", "confidence": "n"}}, {"type": "Feature", "geometry": {"type": "Point", "coordinates": [146.69511, -8.60838]}, "properties": {"source": "VIIRS_NOAA20", "date": "2026-10-09", "time": "427", "frp": "3.2", "confidence": "n"}}, {"type": "Feature", "geometry": {"type": "Point", "coordinates": [147.25108, -8.58506]}, "properties": {"source": "VIIRS_NOAA20", "date": "2026-10-09", "time": "427", "frp": "21.59", "confidence": "h"}}, {"type": "Feature", "geometry": {"type": "Point", "coordinates": [147.25595, -8.58415]}, "properties": {"source": "VIIRS_NOAA20", "date": "2026-10-09", "time": "427", "frp": "6.4", "confidence": "n"}}, {"type": "Feature", "geometry": {"type": "Point", "coordinates": [147.25444, -8.57854]}, "properties": {"source": "VIIRS_NOAA20", "date": "2026-10-09", "time": "427", "frp": "6.4", "confidence": "n"}}, {"type": "Feature", "geometry": {"type": "Point", "coordinates": [147.25888, -8.57772]}, "properties": {"source": "VIIRS_NOAA20", "date": "2026-10-09", "time": "427", "frp": "6.4", "confidence": "n"}}, {"type": "Feature", "geometry": {"type": "Point", "coordinates": [147.13899, -8.57073]}, "properties": {"source": "VIIRS_NOAA20", "date": "2026-10-09", "time": "427", "frp": "9.72", "confidence": "n"}}, {"type": "Feature", "geometry": {"type": "Point", "coordinates": [147.13857, -8.56847]}, "properties": {"source": "VIIRS_NOAA20", "date": "2026-10-09", "time": "427", "frp": "19.36", "confidence": "h"}}, {"type": "Feature", "geometry": {"type": "Point", "coordinates": [147.13971, -8.56475]}, "properties": {"source": "VIIRS_NOAA20", "date": "2026-10-09", "time": "427", "frp": "9.72", "confidence": "h"}}, {"type": "Feature", "geometry": {"type": "Point", "coordinates": [147.13206, -8.55211]}, "properties": {"source": "VIIRS_NOAA20", "date": "2026-10-09", "time": "427", "frp": "5.91", "confidence": "n"}}, {"type": "Feature", "geometry": {"type": "Point", "coordinates": [147.16464, -8.5286]}, "properties": {"source": "VIIRS_NOAA20", "date": "2026-10-09", "time": "427", "frp": "3.01", "confidence": "n"}}, {"type": "Feature", "geometry": {"type": "Point", "coordinates": [146.94475, -8.52244]}, "properties": {"source": "VIIRS_NOAA20", "date": "2026-10-09", "time": "427", "frp": "8.11", "confidence": "h"}}, {"type": "Feature", "geometry": {"type": "Point", "coordinates": [147.05106, -8.51439]}, "properties": {"source": "VIIRS_NOAA20", "date": "2026-10-09", "time": "427", "frp": "3.13", "confidence": "n"}}, {"type": "Feature", "geometry": {"type": "Point", "coordinates": [147.15219, -8.31545]}, "properties": {"source": "VIIRS_NOAA20", "date": "2026-10-09", "time": "427", "frp": "8.51", "confidence": "n"}}, {"type": "Feature", "geometry": {"type": "Point", "coordinates": [147.11613, -8.28681]}, "properties": {"source": "VIIRS_NOAA20", "date": "2026-10-09", "time": "427", "frp": "19.65", "confidence": "h"}}, {"type": "Feature", "geometry": {"type": "Point", "coordinates": [147.11925, -8.28623]}, "properties": {"source": "VIIRS_NOAA20", "date": "2026-10-09", "time": "427", "frp": "19.65", "confidence": "h"}}, {"type": "Feature", "geometry": {"type": "Point", "coordinates": [146.84868, -8.28581]}, "properties": {"source": "VIIRS_NOAA20", "date": "2026-10-09", "time": "427", "frp": "2.54", "confidence": "n"}}, {"type": "Feature", "geometry": {"type": "Point", "coordinates": [147.12183, -8.28576]}, "properties": {"source": "VIIRS_NOAA20", "date": "2026-10-09", "time": "427", "frp": "34.54", "confidence": "n"}}, {"type": "Feature", "geometry": {"type": "Point", "coordinates": [147.12428, -8.28531]}, "properties": {"source": "VIIRS_NOAA20", "date": "2026-10-09", "time": "427", "frp": "34.54", "confidence": "h"}}, {"type": "Feature", "geometry": {"type": "Point", "coordinates": [147.12663, -8.28487]}, "properties": {"source": "VIIRS_NOAA20", "date": "2026-10-09", "time": "427", "frp": "46.55", "confidence": "n"}}, {"type": "Feature", "geometry": {"type": "Point", "coordinates": [147.12924, -8.2844]}, "properties": {"source": "VIIRS_NOAA20", "date": "2026-10-09", "time": "427", "frp": "46.55", "confidence": "n"}}, {"type": "Feature", "geometry": {"type": "Point", "coordinates": [146.8479, -8.28425]}, "properties": {"source": "VIIRS_NOAA20", "date": "2026-10-09", "time": "427", "frp": "2.95", "confidence": "n"}}, {"type": "Feature", "geometry": {"type": "Point", "coordinates": [146.86038, -8.2837]}, "properties": {"source": "VIIRS_NOAA20", "date": "2026-10-09", "time": "427", "frp": "3.67", "confidence": "n"}}, {"type": "Feature", "geometry": {"type": "Point", "coordinates": [147.11978, -8.28027]}, "properties": {"source": "VIIRS_NOAA20", "date": "2026-10-09", "time": "427", "frp": "34.54", "confidence": "n"}}, {"type": "Feature", "geometry": {"type": "Point", "coordinates": [147.13622, -8.27724]}, "properties": {"source": "VIIRS_NOAA20", "date": "2026-10-09", "time": "427", "frp": "7.69", "confidence": "n"}}, {"type": "Feature", "geometry": {"type": "Point", "coordinates": [147.1409, -8.27637]}, "properties": {"source": "VIIRS_NOAA20", "date": "2026-10-09", "time": "427", "frp": "7.69", "confidence": "h"}}, {"type": "Feature", "geometry": {"type": "Point", "coordinates": [147.12207, -8.27397]}, "properties": {"source": "VIIRS_NOAA20", "date": "2026-10-09", "time": "427", "frp": "7.35", "confidence": "n"}}, {"type": "Feature", "geometry": {"type": "Point", "coordinates": [147.12445, -8.27354]}, "properties": {"source": "VIIRS_NOAA20", "date": "2026-10-09", "time": "427", "frp": "7.35", "confidence": "n"}}, {"type": "Feature", "geometry": {"type": "Point", "coordinates": [147.11543, -8.24586]}, "properties": {"source": "VIIRS_NOAA20", "date": "2026-10-09", "time": "427", "frp": "4.44", "confidence": "n"}}, {"type": "Feature", "geometry": {"type": "Point", "coordinates": [147.11516, -8.24374]}, "properties": {"source": "VIIRS_NOAA20", "date": "2026-10-09", "time": "427", "frp": "9.67", "confidence": "n"}}, {"type": "Feature", "geometry": {"type": "Point", "coordinates": [147.11659, -8.23977]}, "properties": {"source": "VIIRS_NOAA20", "date": "2026-10-09", "time": "427", "frp": "12.51", "confidence": "h"}}, {"type": "Feature", "geometry": {"type": "Point", "coordinates": [147.11354, -8.23446]}, "properties": {"source": "VIIRS_NOAA20", "date": "2026-10-09", "time": "427", "frp": "10.81", "confidence": "n"}}, {"type": "Feature", "geometry": {"type": "Point", "coordinates": [147.07088, -8.23414]}, "properties": {"source": "VIIRS_NOAA20", "date": "2026-10-09", "time": "427", "frp": "7.21", "confidence": "n"}}, {"type": "Feature", "geometry": {"type": "Point", "coordinates": [146.88974, -8.08622]}, "properties": {"source": "VIIRS_NOAA20", "date": "2026-10-09", "time": "427", "frp": "78.77", "confidence": "n"}}, {"type": "Feature", "geometry": {"type": "Point", "coordinates": [146.89273, -8.08569]}, "properties": {"source": "VIIRS_NOAA20", "date": "2026-10-09", "time": "427", "frp": "78.77", "confidence": "n"}}, {"type": "Feature", "geometry": {"type": "Point", "coordinates": [146.89604, -8.0851]}, "properties": {"source": "VIIRS_NOAA20", "date": "2026-10-09", "time": "427", "frp": "40.4", "confidence": "n"}}, {"type": "Feature", "geometry": {"type": "Point", "coordinates": [146.89978, -8.08444]}, "properties": {"source": "VIIRS_NOAA20", "date": "2026-10-09", "time": "427", "frp": "40.4", "confidence": "n"}}, {"type": "Feature", "geometry": {"type": "Point", "coordinates": [146.88669, -8.08443]}, "properties": {"source": "VIIRS_NOAA20", "date": "2026-10-09", "time": "427", "frp": "128.57", "confidence": "l"}}, {"type": "Feature", "geometry": {"type": "Point", "coordinates": [146.88948, -8.08392]}, "properties": {"source": "VIIRS_NOAA20", "date": "2026-10-09", "time": "427", "frp": "130.05", "confidence": "h"}}, {"type": "Feature", "geometry": {"type": "Point", "coordinates": [146.89247, -8.08337]}, "properties": {"source": "VIIRS_NOAA20", "date": "2026-10-09", "time": "427", "frp": "130.05", "confidence": "n"}}, {"type": "Feature", "geometry": {"type": "Point", "coordinates": [146.89563, -8.08278]}, "properties": {"source": "VIIRS_NOAA20", "date": "2026-10-09", "time": "427", "frp": "57.99", "confidence": "n"}}, {"type": "Feature", "geometry": {"type": "Point", "coordinates": [146.89899, -8.08216]}, "properties": {"source": "VIIRS_NOAA20", "date": "2026-10-09", "time": "427", "frp": "57.99", "confidence": "n"}}, {"type": "Feature", "geometry": {"type": "Point", "coordinates": [146.88397, -8.08146]}, "properties": {"source": "VIIRS_NOAA20", "date": "2026-10-09", "time": "427", "frp": "110.01", "confidence": "n"}}, {"type": "Feature", "geometry": {"type": "Point", "coordinates": [146.88669, -8.08097]}, "properties": {"source": "VIIRS_NOAA20", "date": "2026-10-09", "time": "427", "frp": "110.01", "confidence": "l"}}, {"type": "Feature", "geometry": {"type": "Point", "coordinates": [146.87611, -8.08058]}, "properties": {"source": "VIIRS_NOAA20", "date": "2026-10-09", "time": "427", "frp": "10.57", "confidence": "n"}}, {"type": "Feature", "geometry": {"type": "Point", "coordinates": [146.88951, -8.08047]}, "properties": {"source": "VIIRS_NOAA20", "date": "2026-10-09", "time": "427", "frp": "78.77", "confidence": "h"}}, {"type": "Feature", "geometry": {"type": "Point", "coordinates": [146.8786, -8.08012]}, "properties": {"source": "VIIRS_NOAA20", "date": "2026-10-09", "time": "427", "frp": "20.8", "confidence": "n"}}, {"type": "Feature", "geometry": {"type": "Point", "coordinates": [146.89255, -8.07993]}, "properties": {"source": "VIIRS_NOAA20", "date": "2026-10-09", "time": "427", "frp": "78.77", "confidence": "n"}}, {"type": "Feature", "geometry": {"type": "Point", "coordinates": [146.88115, -8.07965]}, "properties": {"source": "VIIRS_NOAA20", "date": "2026-10-09", "time": "427", "frp": "20.8", "confidence": "h"}}, {"type": "Feature", "geometry": {"type": "Point", "coordinates": [146.89561, -8.07938]}, "properties": {"source": "VIIRS_NOAA20", "date": "2026-10-09", "time": "427", "frp": "40.4", "confidence": "h"}}, {"type": "Feature", "geometry": {"type": "Point", "coordinates": [146.88383, -8.07916]}, "properties": {"source": "VIIRS_NOAA20", "date": "2026-10-09", "time": "427", "frp": "51.64", "confidence": "n"}}, {"type": "Feature", "geometry": {"type": "Point", "coordinates": [146.88663, -8.07864]}, "properties": {"source": "VIIRS_NOAA20", "date": "2026-10-09", "time": "427", "frp": "51.64", "confidence": "h"}}, {"type": "Feature", "geometry": {"type": "Point", "coordinates": [146.88956, -8.0781]}, "properties": {"source": "VIIRS_NOAA20", "date": "2026-10-09", "time": "427", "frp": "64.33", "confidence": "l"}}, {"type": "Feature", "geometry": {"type": "Point", "coordinates": [146.89267, -8.07752]}, "properties": {"source": "VIIRS_NOAA20", "date": "2026-10-09", "time": "427", "frp": "64.33", "confidence": "h"}}, {"type": "Feature", "geometry": {"type": "Point", "coordinates": [146.87611, -8.07706]}, "properties": {"source": "VIIRS_NOAA20", "date": "2026-10-09", "time": "427", "frp": "25.48", "confidence": "n"}}, {"type": "Feature", "geometry": {"type": "Point", "coordinates": [146.89581, -8.07694]}, "properties": {"source": "VIIRS_NOAA20", "date": "2026-10-09", "time": "427", "frp": "28.26", "confidence": "n"}}, {"type": "Feature", "geometry": {"type": "Point", "coordinates": [146.87878, -8.07659]}, "properties": {"source": "VIIRS_NOAA20", "date": "2026-10-09", "time": "427", "frp": "22.99", "confidence": "h"}}, {"type": "Feature", "geometry": {"type": "Point", "coordinates": [146.88152, -8.0761]}, "properties": {"source": "VIIRS_NOAA20", "date": "2026-10-09", "time": "427", "frp": "22.99", "confidence": "h"}}, {"type": "Feature", "geometry": {"type": "Point", "coordinates": [146.8844, -8.07558]}, "properties": {"source": "VIIRS_NOAA20", "date": "2026-10-09", "time": "427", "frp": "39.67", "confidence": "h"}}, {"type": "Feature", "geometry": {"type": "Point", "coordinates": [146.88736, -8.07506]}, "properties": {"source": "VIIRS_NOAA20", "date": "2026-10-09", "time": "427", "frp": "39.67", "confidence": "h"}}, {"type": "Feature", "geometry": {"type": "Point", "coordinates": [146.87604, -8.07479]}, "properties": {"source": "VIIRS_NOAA20", "date": "2026-10-09", "time": "427", "frp": "10.57", "confidence": "n"}}, {"type": "Feature", "geometry": {"type": "Point", "coordinates": [146.89043, -8.07451]}, "properties": {"source": "VIIRS_NOAA20", "date": "2026-10-09", "time": "427", "frp": "111.73", "confidence": "l"}}, {"type": "Feature", "geometry": {"type": "Point", "coordinates": [146.87881, -8.07428]}, "properties": {"source": "VIIRS_NOAA20", "date": "2026-10-09", "time": "427", "frp": "20.8", "confidence": "h"}}, {"type": "Feature", "geometry": {"type": "Point", "coordinates": [146.89355, -8.07395]}, "properties": {"source": "VIIRS_NOAA20", "date": "2026-10-09", "time": "427", "frp": "111.73", "confidence": "h"}}, {"type": "Feature", "geometry": {"type": "Point", "coordinates": [146.88168, -8.07375]}, "properties": {"source": "VIIRS_NOAA20", "date": "2026-10-09", "time": "427", "frp": "20.8", "confidence": "n"}}, {"type": "Feature", "geometry": {"type": "Point", "coordinates": [146.88466, -8.07319]}, "properties": {"source": "VIIRS_NOAA20", "date": "2026-10-09", "time": "427", "frp": "51.64", "confidence": "n"}}, {"type": "Feature", "geometry": {"type": "Point", "coordinates": [146.88774, -8.07263]}, "properties": {"source": "VIIRS_NOAA20", "date": "2026-10-09", "time": "427", "frp": "51.64", "confidence": "h"}}, {"type": "Feature", "geometry": {"type": "Point", "coordinates": [146.89084, -8.07205]}, "properties": {"source": "VIIRS_NOAA20", "date": "2026-10-09", "time": "427", "frp": "64.33", "confidence": "n"}}, {"type": "Feature", "geometry": {"type": "Point", "coordinates": [146.89394, -8.07148]}, "properties": {"source": "VIIRS_NOAA20", "date": "2026-10-09", "time": "427", "frp": "64.33", "confidence": "h"}}, {"type": "Feature", "geometry": {"type": "Point", "coordinates": [146.87915, -8.07073]}, "properties": {"source": "VIIRS_NOAA20", "date": "2026-10-09", "time": "427", "frp": "22.99", "confidence": "h"}}, {"type": "Feature", "geometry": {"type": "Point", "coordinates": [146.88219, -8.07019]}, "properties": {"source": "VIIRS_NOAA20", "date": "2026-10-09", "time": "427", "frp": "22.99", "confidence": "n"}}, {"type": "Feature", "geometry": {"type": "Point", "coordinates": [146.88521, -8.06964]}, "properties": {"source": "VIIRS_NOAA20", "date": "2026-10-09", "time": "427", "frp": "39.67", "confidence": "n"}}, {"type": "Feature", "geometry": {"type": "Point", "coordinates": [146.88824, -8.0691]}, "properties": {"source": "VIIRS_NOAA20", "date": "2026-10-09", "time": "427", "frp": "39.67", "confidence": "h"}}, {"type": "Feature", "geometry": {"type": "Point", "coordinates": [146.87907, -8.06842]}, "properties": {"source": "VIIRS_NOAA20", "date": "2026-10-09", "time": "427", "frp": "14.64", "confidence": "l"}}, {"type": "Feature", "geometry": {"type": "Point", "coordinates": [146.78725, -8.05832]}, "properties": {"source": "VIIRS_NOAA20", "date": "2026-10-09", "time": "427", "frp": "3.95", "confidence": "n"}}, {"type": "Feature", "geometry": {"type": "Point", "coordinates": [146.88443, -8.05818]}, "properties": {"source": "VIIRS_NOAA20", "date": "2026-10-09", "time": "427", "frp": "64.34", "confidence": "n"}}, {"type": "Feature", "geometry": {"type": "Point", "coordinates": [146.88718, -8.05769]}, "properties": {"source": "VIIRS_NOAA20", "date": "2026-10-09", "time": "427", "frp": "64.34", "confidence": "l"}}, {"type": "Feature", "geometry": {"type": "Point", "coordinates": [146.88989, -8.0572]}, "properties": {"source": "VIIRS_NOAA20", "date": "2026-10-09", "time": "427", "frp": "91.92", "confidence": "l"}}, {"type": "Feature", "geometry": {"type": "Point", "coordinates": [146.89258, -8.05672]}, "properties": {"source": "VIIRS_NOAA20", "date": "2026-10-09", "time": "427", "frp": "91.92", "confidence": "n"}}, {"type": "Feature", "geometry": {"type": "Point", "coordinates": [146.88588, -8.05212]}, "properties": {"source": "VIIRS_NOAA20", "date": "2026-10-09", "time": "427", "frp": "14.07", "confidence": "h"}}, {"type": "Feature", "geometry": {"type": "Point", "coordinates": [146.8885, -8.05165]}, "properties": {"source": "VIIRS_NOAA20", "date": "2026-10-09", "time": "427", "frp": "8.87", "confidence": "n"}}, {"type": "Feature", "geometry": {"type": "Point", "coordinates": [146.89389, -8.03907]}, "properties": {"source": "VIIRS_NOAA20", "date": "2026-10-09", "time": "427", "frp": "24.5", "confidence": "h"}}, {"type": "Feature", "geometry": {"type": "Point", "coordinates": [146.89561, -7.96324]}, "properties": {"source": "VIIRS_NOAA20", "date": "2026-10-09", "time": "427", "frp": "12.95", "confidence": "h"}}, {"type": "Feature", "geometry": {"type": "Point", "coordinates": [146.89348, -7.96059]}, "properties": {"source": "VIIRS_NOAA20", "date": "2026-10-09", "time": "427", "frp": "29.14", "confidence": "n"}}, {"type": "Feature", "geometry": {"type": "Point", "coordinates": [146.89836, -7.95972]}, "properties": {"source": "VIIRS_NOAA20", "date": "2026-10-09", "time": "427", "frp": "14.91", "confidence": "n"}}, {"type": "Feature", "geometry": {"type": "Point", "coordinates": [146.89375, -7.95778]}, "properties": {"source": "VIIRS_NOAA20", "date": "2026-10-09", "time": "427", "frp": "14.97", "confidence": "h"}}, {"type": "Feature", "geometry": {"type": "Point", "coordinates": [146.91513, -7.95091]}, "properties": {"source": "VIIRS_NOAA20", "date": "2026-10-09", "time": "427", "frp": "7.13", "confidence": "n"}}, {"type": "Feature", "geometry": {"type": "Point", "coordinates": [146.91612, -7.94777]}, "properties": {"source": "VIIRS_NOAA20", "date": "2026-10-09", "time": "427", "frp": "8.49", "confidence": "n"}}, {"type": "Feature", "geometry": {"type": "Point", "coordinates": [146.82637, -7.94364]}, "properties": {"source": "VIIRS_NOAA20", "date": "2026-10-09", "time": "427", "frp": "16.23", "confidence": "n"}}, {"type": "Feature", "geometry": {"type": "Point", "coordinates": [146.82356, -7.93836]}, "properties": {"source": "VIIRS_NOAA20", "date": "2026-10-09", "time": "427", "frp": "15.37", "confidence": "n"}}, {"type": "Feature", "geometry": {"type": "Point", "coordinates": [146.85783, -7.93797]}, "properties": {"source": "VIIRS_NOAA20", "date": "2026-10-09", "time": "427", "frp": "9.74", "confidence": "n"}}, {"type": "Feature", "geometry": {"type": "Point", "coordinates": [146.82663, -7.9378]}, "properties": {"source": "VIIRS_NOAA20", "date": "2026-10-09", "time": "427", "frp": "16.23", "confidence": "h"}}, {"type": "Feature", "geometry": {"type": "Point", "coordinates": [146.86098, -7.9374]}, "properties": {"source": "VIIRS_NOAA20", "date": "2026-10-09", "time": "427", "frp": "11.71", "confidence": "n"}}, {"type": "Feature", "geometry": {"type": "Point", "coordinates": [146.90378, -7.92386]}, "properties": {"source": "VIIRS_NOAA20", "date": "2026-10-09", "time": "427", "frp": "11.76", "confidence": "n"}}, {"type": "Feature", "geometry": {"type": "Point", "coordinates": [146.90828, -7.92305]}, "properties": {"source": "VIIRS_NOAA20", "date": "2026-10-09", "time": "427", "frp": "11.76", "confidence": "h"}}, {"type": "Feature", "geometry": {"type": "Point", "coordinates": [146.89215, -7.92015]}, "properties": {"source": "VIIRS_NOAA20", "date": "2026-10-09", "time": "427", "frp": "13.13", "confidence": "n"}}, {"type": "Feature", "geometry": {"type": "Point", "coordinates": [146.89525, -7.91959]}, "properties": {"source": "VIIRS_NOAA20", "date": "2026-10-09", "time": "427", "frp": "13.31", "confidence": "n"}}, {"type": "Feature", "geometry": {"type": "Point", "coordinates": [146.90242, -7.91829]}, "properties": {"source": "VIIRS_NOAA20", "date": "2026-10-09", "time": "427", "frp": "9.15", "confidence": "h"}}, {"type": "Feature", "geometry": {"type": "Point", "coordinates": [146.84123, -7.91778]}, "properties": {"source": "VIIRS_NOAA20", "date": "2026-10-09", "time": "427", "frp": "7.71", "confidence": "n"}}, {"type": "Feature", "geometry": {"type": "Point", "coordinates": [146.90674, -7.91751]}, "properties": {"source": "VIIRS_NOAA20", "date": "2026-10-09", "time": "427", "frp": "9.15", "confidence": "n"}}, {"type": "Feature", "geometry": {"type": "Point", "coordinates": [146.94305, -7.91676]}, "properties": {"source": "VIIRS_NOAA20", "date": "2026-10-09", "time": "427", "frp": "31.33", "confidence": "h"}}, {"type": "Feature", "geometry": {"type": "Point", "coordinates": [146.81805, -7.9162]}, "properties": {"source": "VIIRS_NOAA20", "date": "2026-10-09", "time": "427", "frp": "15.47", "confidence": "n"}}, {"type": "Feature", "geometry": {"type": "Point", "coordinates": [146.82196, -7.91549]}, "properties": {"source": "VIIRS_NOAA20", "date": "2026-10-09", "time": "427", "frp": "15.47", "confidence": "n"}}, {"type": "Feature", "geometry": {"type": "Point", "coordinates": [146.95236, -7.91507]}, "properties": {"source": "VIIRS_NOAA20", "date": "2026-10-09", "time": "427", "frp": "104.91", "confidence": "h"}}, {"type": "Feature", "geometry": {"type": "Point", "coordinates": [146.89496, -7.91382]}, "properties": {"source": "VIIRS_NOAA20", "date": "2026-10-09", "time": "427", "frp": "13.31", "confidence": "n"}}, {"type": "Feature", "geometry": {"type": "Point", "coordinates": [146.8981, -7.91325]}, "properties": {"source": "VIIRS_NOAA20", "date": "2026-10-09", "time": "427", "frp": "13.31", "confidence": "h"}}, {"type": "Feature", "geometry": {"type": "Point", "coordinates": [146.90154, -7.91263]}, "properties": {"source": "VIIRS_NOAA20", "date": "2026-10-09", "time": "427", "frp": "9.15", "confidence": "n"}}, {"type": "Feature", "geometry": {"type": "Point", "coordinates": [146.90533, -7.91194]}, "properties": {"source": "VIIRS_NOAA20", "date": "2026-10-09", "time": "427", "frp": "9.15", "confidence": "n"}}, {"type": "Feature", "geometry": {"type": "Point", "coordinates": [146.94171, -7.91116]}, "properties": {"source": "VIIRS_NOAA20", "date": "2026-10-09", "time": "427", "frp": "35.98", "confidence": "n"}}, {"type": "Feature", "geometry": {"type": "Point", "coordinates": [146.94751, -7.91011]}, "properties": {"source": "VIIRS_NOAA20", "date": "2026-10-09", "time": "427", "frp": "14.87", "confidence": "n"}}, {"type": "Feature", "geometry": {"type": "Point", "coordinates": [146.85779, -7.90896]}, "properties": {"source": "VIIRS_NOAA20", "date": "2026-10-09", "time": "427", "frp": "6.07", "confidence": "n"}}, {"type": "Feature", "geometry": {"type": "Point", "coordinates": [146.95166, -7.90352]}, "properties": {"source": "VIIRS_NOAA20", "date": "2026-10-09", "time": "427", "frp": "14.87", "confidence": "n"}}, {"type": "Feature", "geometry": {"type": "Point", "coordinates": [146.87595, -7.87075]}, "properties": {"source": "VIIRS_NOAA20", "date": "2026-10-09", "time": "427", "frp": "4.48", "confidence": "n"}}, {"type": "Feature", "geometry": {"type": "Point", "coordinates": [148.18849, -10.06725]}, "properties": {"source": "VIIRS_NOAA20", "date": "2026-10-09", "time": "1533", "frp": "0.93", "confidence": "n"}}, {"type": "Feature", "geometry": {"type": "Point", "coordinates": [148.45932, -10.0621]}, "properties": {"source": "VIIRS_NOAA20", "date": "2026-10-09", "time": "1533", "frp": "0.6", "confidence": "n"}}, {"type": "Feature", "geometry": {"type": "Point", "coordinates": [149.74675, -10.04045]}, "properties": {"source": "VIIRS_NOAA20", "date": "2026-10-09", "time": "1533", "frp": "0.87", "confidence": "n"}}, {"type": "Feature", "geometry": {"type": "Point", "coordinates": [149.61559, -10.03085]}, "properties": {"source": "VIIRS_NOAA20", "date": "2026-10-09", "time": "1533", "frp": "0.67", "confidence": "n"}}, {"type": "Feature", "geometry": {"type": "Point", "coordinates": [149.77573, -10.00277]}, "properties": {"source": "VIIRS_NOAA20", "date": "2026-10-09", "time": "1533", "frp": "0.89", "confidence": "n"}}, {"type": "Feature", "geometry": {"type": "Point", "coordinates": [149.74622, -9.96347]}, "properties": {"source": "VIIRS_NOAA20", "date": "2026-10-09", "time": "1533", "frp": "0.46", "confidence": "n"}}, {"type": "Feature", "geometry": {"type": "Point", "coordinates": [149.75063, -9.96064]}, "properties": {"source": "VIIRS_NOAA20", "date": "2026-10-09", "time": "1533", "frp": "0.5", "confidence": "n"}}, {"type": "Feature", "geometry": {"type": "Point", "coordinates": [149.75127, -9.95724]}, "properties": {"source": "VIIRS_NOAA20", "date": "2026-10-09", "time": "1533", "frp": "0.5", "confidence": "n"}}, {"type": "Feature", "geometry": {"type": "Point", "coordinates": [149.74757, -9.95667]}, "properties": {"source": "VIIRS_NOAA20", "date": "2026-10-09", "time": "1533", "frp": "0.5", "confidence": "n"}}, {"type": "Feature", "geometry": {"type": "Point", "coordinates": [148.61597, -9.84202]}, "properties": {"source": "VIIRS_NOAA20", "date": "2026-10-09", "time": "1533", "frp": "1.08", "confidence": "n"}}, {"type": "Feature", "geometry": {"type": "Point", "coordinates": [149.34001, -9.83166]}, "properties": {"source": "VIIRS_NOAA20", "date": "2026-10-09", "time": "1533", "frp": "3.38", "confidence": "n"}}, {"type": "Feature", "geometry": {"type": "Point", "coordinates": [147.93938, -9.79006]}, "properties": {"source": "VIIRS_NOAA20", "date": "2026-10-09", "time": "1533", "frp": "0.45", "confidence": "n"}}, {"type": "Feature", "geometry": {"type": "Point", "coordinates": [148.60497, -9.70791]}, "properties": {"source": "VIIRS_NOAA20", "date": "2026-10-09", "time": "1533", "frp": "0.85", "confidence": "n"}}, {"type": "Feature", "geometry": {"type": "Point", "coordinates": [147.51466, -9.67512]}, "properties": {"source": "VIIRS_NOAA20", "date": "2026-10-09", "time": "1533", "frp": "0.76", "confidence": "n"}}, {"type": "Feature", "geometry": {"type": "Point", "coordinates": [147.78307, -9.67361]}, "properties": {"source": "VIIRS_NOAA20", "date": "2026-10-09", "time": "1533", "frp": "0.55", "confidence": "n"}}, {"type": "Feature", "geometry": {"type": "Point", "coordinates": [147.74689, -9.65431]}, "properties": {"source": "VIIRS_NOAA20", "date": "2026-10-09", "time": "1533", "frp": "1.12", "confidence": "n"}}, {"type": "Feature", "geometry": {"type": "Point", "coordinates": [148.59155, -9.63453]}, "properties": {"source": "VIIRS_NOAA20", "date": "2026-10-09", "time": "1533", "frp": "0.73", "confidence": "n"}}, {"type": "Feature", "geometry": {"type": "Point", "coordinates": [148.58801, -9.63398]}, "properties": {"source": "VIIRS_NOAA20", "date": "2026-10-09", "time": "1533", "frp": "0.53", "confidence": "n"}}, {"type": "Feature", "geometry": {"type": "Point", "coordinates": [147.64607, -9.61455]}, "properties": {"source": "VIIRS_NOAA20", "date": "2026-10-09", "time": "1533", "frp": "0.98", "confidence": "n"}}, {"type": "Feature", "geometry": {"type": "Point", "coordinates": [147.53154, -9.59292]}, "properties": {"source": "VIIRS_NOAA20", "date": "2026-10-09", "time": "1533", "frp": "0.42", "confidence": "n"}}, {"type": "Feature", "geometry": {"type": "Point", "coordinates": [147.65248, -9.57486]}, "properties": {"source": "VIIRS_NOAA20", "date": "2026-10-09", "time": "1533", "frp": "1.15", "confidence": "n"}}, {"type": "Feature", "geometry": {"type": "Point", "coordinates": [147.84732, -9.56481]}, "properties": {"source": "VIIRS_NOAA20", "date": "2026-10-09", "time": "1533", "frp": "0.54", "confidence": "n"}}, {"type": "Feature", "geometry": {"type": "Point", "coordinates": [148.43504, -9.55583]}, "properties": {"source": "VIIRS_NOAA20", "date": "2026-10-09", "time": "1533", "frp": "1.34", "confidence": "n"}}, {"type": "Feature", "geometry": {"type": "Point", "coordinates": [148.77776, -9.48385]}, "properties": {"source": "VIIRS_NOAA20", "date": "2026-10-09", "time": "1533", "frp": "1.07", "confidence": "n"}}, {"type": "Feature", "geometry": {"type": "Point", "coordinates": [148.77122, -9.47941]}, "properties": {"source": "VIIRS_NOAA20", "date": "2026-10-09", "time": "1533", "frp": "1.27", "confidence": "n"}}, {"type": "Feature", "geometry": {"type": "Point", "coordinates": [148.83914, -9.46271]}, "properties": {"source": "VIIRS_NOAA20", "date": "2026-10-09", "time": "1533", "frp": "1.07", "confidence": "n"}}, {"type": "Feature", "geometry": {"type": "Point", "coordinates": [148.70248, -9.43457]}, "properties": {"source": "VIIRS_NOAA20", "date": "2026-10-09", "time": "1533", "frp": "0.75", "confidence": "n"}}, {"type": "Feature", "geometry": {"type": "Point", "coordinates": [148.69896, -9.43402]}, "properties": {"source": "VIIRS_NOAA20", "date": "2026-10-09", "time": "1533", "frp": "0.93", "confidence": "n"}}, {"type": "Feature", "geometry": {"type": "Point", "coordinates": [148.7903, -9.42779]}, "properties": {"source": "VIIRS_NOAA20", "date": "2026-10-09", "time": "1533", "frp": "1.43", "confidence": "n"}}, {"type": "Feature", "geometry": {"type": "Point", "coordinates": [148.78677, -9.42724]}, "properties": {"source": "VIIRS_NOAA20", "date": "2026-10-09", "time": "1533", "frp": "1.22", "confidence": "n"}}, {"type": "Feature", "geometry": {"type": "Point", "coordinates": [148.79083, -9.42446]}, "properties": {"source": "VIIRS_NOAA20", "date": "2026-10-09", "time": "1533", "frp": "3.61", "confidence": "n"}}, {"type": "Feature", "geometry": {"type": "Point", "coordinates": [148.78729, -9.42391]}, "properties": {"source": "VIIRS_NOAA20", "date": "2026-10-09", "time": "1533", "frp": "2.47", "confidence": "n"}}, {"type": "Feature", "geometry": {"type": "Point", "coordinates": [148.66229, -9.41467]}, "properties": {"source": "VIIRS_NOAA20", "date": "2026-10-09", "time": "1533", "frp": "0.97", "confidence": "n"}}, {"type": "Feature", "geometry": {"type": "Point", "coordinates": [148.75658, -9.41231]}, "properties": {"source": "VIIRS_NOAA20", "date": "2026-10-09", "time": "1533", "frp": "1.02", "confidence": "n"}}, {"type": "Feature", "geometry": {"type": "Point", "coordinates": [148.74651, -9.40734]}, "properties": {"source": "VIIRS_NOAA20", "date": "2026-10-09", "time": "1533", "frp": "1.27", "confidence": "n"}}, {"type": "Feature", "geometry": {"type": "Point", "coordinates": [148.75056, -9.40456]}, "properties": {"source": "VIIRS_NOAA20", "date": "2026-10-09", "time": "1533", "frp": "1.91", "confidence": "n"}}, {"type": "Feature", "geometry": {"type": "Point", "coordinates": [148.74704, -9.40401]}, "properties": {"source": "VIIRS_NOAA20", "date": "2026-10-09", "time": "1533", "frp": "1.31", "confidence": "n"}}, {"type": "Feature", "geometry": {"type": "Point", "coordinates": [148.71884, -9.39962]}, "properties": {"source": "VIIRS_NOAA20", "date": "2026-10-09", "time": "1533", "frp": "0.61", "confidence": "n"}}, {"type": "Feature", "geometry": {"type": "Point", "coordinates": [148.71532, -9.39908]}, "properties": {"source": "VIIRS_NOAA20", "date": "2026-10-09", "time": "1533", "frp": "0.61", "confidence": "n"}}, {"type": "Feature", "geometry": {"type": "Point", "coordinates": [148.74896, -9.39124]}, "properties": {"source": "VIIRS_NOAA20", "date": "2026-10-09", "time": "1533", "frp": "0.67", "confidence": "n"}}, {"type": "Feature", "geometry": {"type": "Point", "coordinates": [148.7717, -9.38457]}, "properties": {"source": "VIIRS_NOAA20", "date": "2026-10-09", "time": "1533", "frp": "1.1", "confidence": "n"}}, {"type": "Feature", "geometry": {"type": "Point", "coordinates": [148.75406, -9.38181]}, "properties": {"source": "VIIRS_NOAA20", "date": "2026-10-09", "time": "1533", "frp": "0.6", "confidence": "n"}}, {"type": "Feature", "geometry": {"type": "Point", "coordinates": [148.76517, -9.38014]}, "properties": {"source": "VIIRS_NOAA20", "date": "2026-10-09", "time": "1533", "frp": "1.1", "confidence": "n"}}, {"type": "Feature", "geometry": {"type": "Point", "coordinates": [148.76569, -9.37681]}, "properties": {"source": "VIIRS_NOAA20", "date": "2026-10-09", "time": "1533", "frp": "1.1", "confidence": "n"}}, {"type": "Feature", "geometry": {"type": "Point", "coordinates": [148.76216, -9.37626]}, "properties": {"source": "VIIRS_NOAA20", "date": "2026-10-09", "time": "1533", "frp": "1.1", "confidence": "n"}}, {"type": "Feature", "geometry": {"type": "Point", "coordinates": [148.76622, -9.37348]}, "properties": {"source": "VIIRS_NOAA20", "date": "2026-10-09", "time": "1533", "frp": "1.27", "confidence": "n"}}, {"type": "Feature", "geometry": {"type": "Point", "coordinates": [148.76268, -9.37293]}, "properties": {"source": "VIIRS_NOAA20", "date": "2026-10-09", "time": "1533", "frp": "1.27", "confidence": "n"}}, {"type": "Feature", "geometry": {"type": "Point", "coordinates": [148.75916, -9.37238]}, "properties": {"source": "VIIRS_NOAA20", "date": "2026-10-09", "time": "1533", "frp": "0.73", "confidence": "n"}}, {"type": "Feature", "geometry": {"type": "Point", "coordinates": [147.32748, -9.37008]}, "properties": {"source": "VIIRS_NOAA20", "date": "2026-10-09", "time": "1533", "frp": "1.21", "confidence": "n"}}, {"type": "Feature", "geometry": {"type": "Point", "coordinates": [148.73097, -9.36796]}, "properties": {"source": "VIIRS_NOAA20", "date": "2026-10-09", "time": "1533", "frp": "1.3", "confidence": "n"}}, {"type": "Feature", "geometry": {"type": "Point", "coordinates": [148.79408, -9.35737]}, "properties": {"source": "VIIRS_NOAA20", "date": "2026-10-09", "time": "1533", "frp": "1.25", "confidence": "n"}}, {"type": "Feature", "geometry": {"type": "Point", "coordinates": [148.79462, -9.35404]}, "properties": {"source": "VIIRS_NOAA20", "date": "2026-10-09", "time": "1533", "frp": "1.25", "confidence": "n"}}, {"type": "Feature", "geometry": {"type": "Point", "coordinates": [148.77045, -9.34685]}, "properties": {"source": "VIIRS_NOAA20", "date": "2026-10-09", "time": "1533", "frp": "1.67", "confidence": "n"}}, {"type": "Feature", "geometry": {"type": "Point", "coordinates": [147.01839, -9.33694]}, "properties": {"source": "VIIRS_NOAA20", "date": "2026-10-09", "time": "1533", "frp": "1.34", "confidence": "n"}}, {"type": "Feature", "geometry": {"type": "Point", "coordinates": [149.03853, -9.32785]}, "properties": {"source": "VIIRS_NOAA20", "date": "2026-10-09", "time": "1533", "frp": "1.99", "confidence": "n"}}, {"type": "Feature", "geometry": {"type": "Point", "coordinates": [149.06953, -9.31555]}, "properties": {"source": "VIIRS_NOAA20", "date": "2026-10-09", "time": "1533", "frp": "0.82", "confidence": "n"}}, {"type": "Feature", "geometry": {"type": "Point", "coordinates": [147.26128, -9.3118]}, "properties": {"source": "VIIRS_NOAA20", "date": "2026-10-09", "time": "1533", "frp": "0.74", "confidence": "n"}}, {"type": "Feature", "geometry": {"type": "Point", "coordinates": [149.07259, -9.29546]}, "properties": {"source": "VIIRS_NOAA20", "date": "2026-10-09", "time": "1533", "frp": "1.42", "confidence": "n"}}, {"type": "Feature", "geometry": {"type": "Point", "coordinates": [147.68039, -9.29371]}, "properties": {"source": "VIIRS_NOAA20", "date": "2026-10-09", "time": "1533", "frp": "0.64", "confidence": "n"}}, {"type": "Feature", "geometry": {"type": "Point", "coordinates": [147.52711, -9.28968]}, "properties": {"source": "VIIRS_NOAA20", "date": "2026-10-09", "time": "1533", "frp": "1.31", "confidence": "n"}}, {"type": "Feature", "geometry": {"type": "Point", "coordinates": [147.63113, -9.28926]}, "properties": {"source": "VIIRS_NOAA20", "date": "2026-10-09", "time": "1533", "frp": "0.8", "confidence": "n"}}, {"type": "Feature", "geometry": {"type": "Point", "coordinates": [147.52417, -9.28582]}, "properties": {"source": "VIIRS_NOAA20", "date": "2026-10-09", "time": "1533", "frp": "0.79", "confidence": "n"}}, {"type": "Feature", "geometry": {"type": "Point", "coordinates": [147.47404, -9.28464]}, "properties": {"source": "VIIRS_NOAA20", "date": "2026-10-09", "time": "1533", "frp": "0.4", "confidence": "n"}}, {"type": "Feature", "geometry": {"type": "Point", "coordinates": [147.5247, -9.2825]}, "properties": {"source": "VIIRS_NOAA20", "date": "2026-10-09", "time": "1533", "frp": "0.79", "confidence": "n"}}, {"type": "Feature", "geometry": {"type": "Point", "coordinates": [147.52925, -9.27644]}, "properties": {"source": "VIIRS_NOAA20", "date": "2026-10-09", "time": "1533", "frp": "0.93", "confidence": "n"}}, {"type": "Feature", "geometry": {"type": "Point", "coordinates": [148.77721, -9.25962]}, "properties": {"source": "VIIRS_NOAA20", "date": "2026-10-09", "time": "1533", "frp": "0.42", "confidence": "n"}}, {"type": "Feature", "geometry": {"type": "Point", "coordinates": [148.79536, -9.25906]}, "properties": {"source": "VIIRS_NOAA20", "date": "2026-10-09", "time": "1533", "frp": "1.71", "confidence": "n"}}, {"type": "Feature", "geometry": {"type": "Point", "coordinates": [148.83524, -9.25846]}, "properties": {"source": "VIIRS_NOAA20", "date": "2026-10-09", "time": "1533", "frp": "0.65", "confidence": "n"}}, {"type": "Feature", "geometry": {"type": "Point", "coordinates": [147.30511, -9.24065]}, "properties": {"source": "VIIRS_NOAA20", "date": "2026-10-09", "time": "1533", "frp": "0.77", "confidence": "n"}}, {"type": "Feature", "geometry": {"type": "Point", "coordinates": [147.30562, -9.23733]}, "properties": {"source": "VIIRS_NOAA20", "date": "2026-10-09", "time": "1533", "frp": "0.55", "confidence": "n"}}, {"type": "Feature", "geometry": {"type": "Point", "coordinates": [147.30211, -9.23677]}, "properties": {"source": "VIIRS_NOAA20", "date": "2026-10-09", "time": "1533", "frp": "0.55", "confidence": "n"}}, {"type": "Feature", "geometry": {"type": "Point", "coordinates": [147.37796, -9.23529]}, "properties": {"source": "VIIRS_NOAA20", "date": "2026-10-09", "time": "1533", "frp": "1.74", "confidence": "n"}}, {"type": "Feature", "geometry": {"type": "Point", "coordinates": [147.35396, -9.22804]}, "properties": {"source": "VIIRS_NOAA20", "date": "2026-10-09", "time": "1533", "frp": "1.46", "confidence": "n"}}, {"type": "Feature", "geometry": {"type": "Point", "coordinates": [147.35611, -9.21477]}, "properties": {"source": "VIIRS_NOAA20", "date": "2026-10-09", "time": "1533", "frp": "1.26", "confidence": "n"}}, {"type": "Feature", "geometry": {"type": "Point", "coordinates": [147.28387, -9.19296]}, "properties": {"source": "VIIRS_NOAA20", "date": "2026-10-09", "time": "1533", "frp": "0.97", "confidence": "n"}}, {"type": "Feature", "geometry": {"type": "Point", "coordinates": [147.30659, -9.18639]}, "properties": {"source": "VIIRS_NOAA20", "date": "2026-10-09", "time": "1533", "frp": "1.1", "confidence": "n"}}, {"type": "Feature", "geometry": {"type": "Point", "coordinates": [147.28905, -9.18357]}, "properties": {"source": "VIIRS_NOAA20", "date": "2026-10-09", "time": "1533", "frp": "0.68", "confidence": "n"}}, {"type": "Feature", "geometry": {"type": "Point", "coordinates": [147.28554, -9.183]}, "properties": {"source": "VIIRS_NOAA20", "date": "2026-10-09", "time": "1533", "frp": "0.98", "confidence": "n"}}, {"type": "Feature", "geometry": {"type": "Point", "coordinates": [147.28772, -9.16972]}, "properties": {"source": "VIIRS_NOAA20", "date": "2026-10-09", "time": "1533", "frp": "1.29", "confidence": "n"}}, {"type": "Feature", "geometry": {"type": "Point", "coordinates": [147.28827, -9.1664]}, "properties": {"source": "VIIRS_NOAA20", "date": "2026-10-09", "time": "1533", "frp": "0.82", "confidence": "n"}}, {"type": "Feature", "geometry": {"type": "Point", "coordinates": [147.28882, -9.16309]}, "properties": {"source": "VIIRS_NOAA20", "date": "2026-10-09", "time": "1533", "frp": "0.82", "confidence": "n"}}, {"type": "Feature", "geometry": {"type": "Point", "coordinates": [147.30679, -9.16293]}, "properties": {"source": "VIIRS_NOAA20", "date": "2026-10-09", "time": "1533", "frp": "0.68", "confidence": "n"}}, {"type": "Feature", "geometry": {"type": "Point", "coordinates": [148.96176, -9.12181]}, "properties": {"source": "VIIRS_NOAA20", "date": "2026-10-09", "time": "1533", "frp": "0.71", "confidence": "n"}}, {"type": "Feature", "geometry": {"type": "Point", "coordinates": [149.07005, -9.08125]}, "properties": {"source": "VIIRS_NOAA20", "date": "2026-10-09", "time": "1533", "frp": "1.33", "confidence": "n"}}, {"type": "Feature", "geometry": {"type": "Point", "coordinates": [149.07057, -9.07791]}, "properties": {"source": "VIIRS_NOAA20", "date": "2026-10-09", "time": "1533", "frp": "1.33", "confidence": "n"}}, {"type": "Feature", "geometry": {"type": "Point", "coordinates": [147.16956, -9.05223]}, "properties": {"source": "VIIRS_NOAA20", "date": "2026-10-09", "time": "1533", "frp": "0.67", "confidence": "n"}}, {"type": "Feature", "geometry": {"type": "Point", "coordinates": [147.17767, -9.04671]}, "properties": {"source": "VIIRS_NOAA20", "date": "2026-10-09", "time": "1533", "frp": "0.52", "confidence": "n"}}, {"type": "Feature", "geometry": {"type": "Point", "coordinates": [147.32515, -9.02977]}, "properties": {"source": "VIIRS_NOAA20", "date": "2026-10-09", "time": "1533", "frp": "0.38", "confidence": "n"}}, {"type": "Feature", "geometry": {"type": "Point", "coordinates": [146.79994, -8.99237]}, "properties": {"source": "VIIRS_NOAA20", "date": "2026-10-09", "time": "1533", "frp": "0.69", "confidence": "n"}}, {"type": "Feature", "geometry": {"type": "Point", "coordinates": [147.23993, -8.97861]}, "properties": {"source": "VIIRS_NOAA20", "date": "2026-10-09", "time": "1533", "frp": "1.23", "confidence": "n"}}, {"type": "Feature", "geometry": {"type": "Point", "coordinates": [146.89708, -8.91645]}, "properties": {"source": "VIIRS_NOAA20", "date": "2026-10-09", "time": "1533", "frp": "1.06", "confidence": "n"}}, {"type": "Feature", "geometry": {"type": "Point", "coordinates": [147.30777, -8.74817]}, "properties": {"source": "VIIRS_NOAA20", "date": "2026-10-09", "time": "1533", "frp": "1.04", "confidence": "n"}}, {"type": "Feature", "geometry": {"type": "Point", "coordinates": [147.3251, -8.72736]}, "properties": {"source": "VIIRS_NOAA20", "date": "2026-10-09", "time": "1533", "frp": "0.58", "confidence": "n"}}, {"type": "Feature", "geometry": {"type": "Point", "coordinates": [147.32152, -8.72679]}, "properties": {"source": "VIIRS_NOAA20", "date": "2026-10-09", "time": "1533", "frp": "0.58", "confidence": "n"}}, {"type": "Feature", "geometry": {"type": "Point", "coordinates": [147.36754, -8.68653]}, "properties": {"source": "VIIRS_NOAA20", "date": "2026-10-09", "time": "1533", "frp": "0.48", "confidence": "n"}}, {"type": "Feature", "geometry": {"type": "Point", "coordinates": [146.67764, -8.63562]}, "properties": {"source": "VIIRS_NOAA20", "date": "2026-10-09", "time": "1533", "frp": "0.78", "confidence": "n"}}, {"type": "Feature", "geometry": {"type": "Point", "coordinates": [146.67401, -8.63502]}, "properties": {"source": "VIIRS_NOAA20", "date": "2026-10-09", "time": "1533", "frp": "1.47", "confidence": "n"}}, {"type": "Feature", "geometry": {"type": "Point", "coordinates": [147.21552, -8.62463]}, "properties": {"source": "VIIRS_NOAA20", "date": "2026-10-09", "time": "1533", "frp": "5.38", "confidence": "n"}}, {"type": "Feature", "geometry": {"type": "Point", "coordinates": [147.21205, -8.62406]}, "properties": {"source": "VIIRS_NOAA20", "date": "2026-10-09", "time": "1533", "frp": "2.99", "confidence": "n"}}, {"type": "Feature", "geometry": {"type": "Point", "coordinates": [146.69475, -8.61615]}, "properties": {"source": "VIIRS_NOAA20", "date": "2026-10-09", "time": "1533", "frp": "0.96", "confidence": "n"}}, {"type": "Feature", "geometry": {"type": "Point", "coordinates": [146.939, -8.54998]}, "properties": {"source": "VIIRS_NOAA20", "date": "2026-10-09", "time": "1533", "frp": "0.73", "confidence": "n"}}, {"type": "Feature", "geometry": {"type": "Point", "coordinates": [146.89447, -8.54974]}, "properties": {"source": "VIIRS_NOAA20", "date": "2026-10-09", "time": "1533", "frp": "1.1", "confidence": "n"}}, {"type": "Feature", "geometry": {"type": "Point", "coordinates": [146.93936, -8.54661]}, "properties": {"source": "VIIRS_NOAA20", "date": "2026-10-09", "time": "1533", "frp": "1.02", "confidence": "n"}}, {"type": "Feature", "geometry": {"type": "Point", "coordinates": [146.918, -8.53977]}, "properties": {"source": "VIIRS_NOAA20", "date": "2026-10-09", "time": "1533", "frp": "1.3", "confidence": "n"}}, {"type": "Feature", "geometry": {"type": "Point", "coordinates": [146.97562, -8.50438]}, "properties": {"source": "VIIRS_NOAA20", "date": "2026-10-09", "time": "1533", "frp": "1.49", "confidence": "n"}}, {"type": "Feature", "geometry": {"type": "Point", "coordinates": [147.00429, -8.48499]}, "properties": {"source": "VIIRS_NOAA20", "date": "2026-10-09", "time": "1533", "frp": "1.09", "confidence": "n"}}, {"type": "Feature", "geometry": {"type": "Point", "coordinates": [147.33937, -8.47128]}, "properties": {"source": "VIIRS_NOAA20", "date": "2026-10-09", "time": "1533", "frp": "2.16", "confidence": "n"}}, {"type": "Feature", "geometry": {"type": "Point", "coordinates": [147.15681, -8.40784]}, "properties": {"source": "VIIRS_NOAA20", "date": "2026-10-09", "time": "1533", "frp": "4.52", "confidence": "n"}}, {"type": "Feature", "geometry": {"type": "Point", "coordinates": [147.15329, -8.40727]}, "properties": {"source": "VIIRS_NOAA20", "date": "2026-10-09", "time": "1533", "frp": "12.43", "confidence": "n"}}, {"type": "Feature", "geometry": {"type": "Point", "coordinates": [147.11749, -8.2892]}, "properties": {"source": "VIIRS_NOAA20", "date": "2026-10-09", "time": "1533", "frp": "1.48", "confidence": "n"}}, {"type": "Feature", "geometry": {"type": "Point", "coordinates": [147.12976, -8.26727]}, "properties": {"source": "VIIRS_NOAA20", "date": "2026-10-09", "time": "1533", "frp": "0.88", "confidence": "n"}}, {"type": "Feature", "geometry": {"type": "Point", "coordinates": [147.13017, -8.26462]}, "properties": {"source": "VIIRS_NOAA20", "date": "2026-10-09", "time": "1533", "frp": "0.42", "confidence": "n"}}, {"type": "Feature", "geometry": {"type": "Point", "coordinates": [147.11298, -8.23452]}, "properties": {"source": "VIIRS_NOAA20", "date": "2026-10-09", "time": "1533", "frp": "4.9", "confidence": "n"}}, {"type": "Feature", "geometry": {"type": "Point", "coordinates": [146.87094, -8.06957]}, "properties": {"source": "VIIRS_NOAA20", "date": "2026-10-09", "time": "1533", "frp": "0.99", "confidence": "n"}}, {"type": "Feature", "geometry": {"type": "Point", "coordinates": [146.88303, -8.06463]}, "properties": {"source": "VIIRS_NOAA20", "date": "2026-10-09", "time": "1533", "frp": "1.59", "confidence": "n"}}, {"type": "Feature", "geometry": {"type": "Point", "coordinates": [146.87929, -8.06403]}, "properties": {"source": "VIIRS_NOAA20", "date": "2026-10-09", "time": "1533", "frp": "1.63", "confidence": "n"}}, {"type": "Feature", "geometry": {"type": "Point", "coordinates": [146.87572, -8.06345]}, "properties": {"source": "VIIRS_NOAA20", "date": "2026-10-09", "time": "1533", "frp": "1.63", "confidence": "n"}}, {"type": "Feature", "geometry": {"type": "Point", "coordinates": [146.89731, -8.04973]}, "properties": {"source": "VIIRS_NOAA20", "date": "2026-10-09", "time": "1533", "frp": "0.57", "confidence": "n"}}, {"type": "Feature", "geometry": {"type": "Point", "coordinates": [146.8268, -7.94338]}, "properties": {"source": "VIIRS_NOAA20", "date": "2026-10-09", "time": "1533", "frp": "7.47", "confidence": "n"}}, {"type": "Feature", "geometry": {"type": "Point", "coordinates": [146.82295, -7.94276]}, "properties": {"source": "VIIRS_NOAA20", "date": "2026-10-09", "time": "1533", "frp": "7.47", "confidence": "n"}}, {"type": "Feature", "geometry": {"type": "Point", "coordinates": [146.81926, -7.94216]}, "properties": {"source": "VIIRS_NOAA20", "date": "2026-10-09", "time": "1533", "frp": "10.22", "confidence": "n"}}, {"type": "Feature", "geometry": {"type": "Point", "coordinates": [146.82726, -7.94001]}, "properties": {"source": "VIIRS_NOAA20", "date": "2026-10-09", "time": "1533", "frp": "7.47", "confidence": "n"}}, {"type": "Feature", "geometry": {"type": "Point", "coordinates": [146.82349, -7.9394]}, "properties": {"source": "VIIRS_NOAA20", "date": "2026-10-09", "time": "1533", "frp": "7.47", "confidence": "n"}}, {"type": "Feature", "geometry": {"type": "Point", "coordinates": [146.81978, -7.9388]}, "properties": {"source": "VIIRS_NOAA20", "date": "2026-10-09", "time": "1533", "frp": "10.22", "confidence": "n"}}, {"type": "Feature", "geometry": {"type": "Point", "coordinates": [146.82442, -7.93265]}, "properties": {"source": "VIIRS_NOAA20", "date": "2026-10-09", "time": "1533", "frp": "1.9", "confidence": "n"}}, {"type": "Feature", "geometry": {"type": "Point", "coordinates": [146.8513, -7.93012]}, "properties": {"source": "VIIRS_NOAA20", "date": "2026-10-09", "time": "1533", "frp": "0.58", "confidence": "n"}}, {"type": "Feature", "geometry": {"type": "Point", "coordinates": [146.90134, -7.92104]}, "properties": {"source": "VIIRS_NOAA20", "date": "2026-10-09", "time": "1533", "frp": "0.87", "confidence": "n"}}, {"type": "Feature", "geometry": {"type": "Point", "coordinates": [146.89774, -7.92045]}, "properties": {"source": "VIIRS_NOAA20", "date": "2026-10-09", "time": "1533", "frp": "1.3", "confidence": "n"}}, {"type": "Feature", "geometry": {"type": "Point", "coordinates": [146.89032, -7.91924]}, "properties": {"source": "VIIRS_NOAA20", "date": "2026-10-09", "time": "1533", "frp": "1.19", "confidence": "n"}}, {"type": "Feature", "geometry": {"type": "Point", "coordinates": [146.90544, -7.91827]}, "properties": {"source": "VIIRS_NOAA20", "date": "2026-10-09", "time": "1533", "frp": "0.87", "confidence": "n"}}, {"type": "Feature", "geometry": {"type": "Point", "coordinates": [146.81921, -7.918]}, "properties": {"source": "VIIRS_NOAA20", "date": "2026-10-09", "time": "1533", "frp": "1.97", "confidence": "n"}}, {"type": "Feature", "geometry": {"type": "Point", "coordinates": [146.90189, -7.91769]}, "properties": {"source": "VIIRS_NOAA20", "date": "2026-10-09", "time": "1533", "frp": "0.87", "confidence": "n"}}, {"type": "Feature", "geometry": {"type": "Point", "coordinates": [146.81577, -7.91744]}, "properties": {"source": "VIIRS_NOAA20", "date": "2026-10-09", "time": "1533", "frp": "11.92", "confidence": "n"}}, {"type": "Feature", "geometry": {"type": "Point", "coordinates": [146.89827, -7.9171]}, "properties": {"source": "VIIRS_NOAA20", "date": "2026-10-09", "time": "1533", "frp": "1.3", "confidence": "n"}}, {"type": "Feature", "geometry": {"type": "Point", "coordinates": [146.8123, -7.91688]}, "properties": {"source": "VIIRS_NOAA20", "date": "2026-10-09", "time": "1533", "frp": "11.92", "confidence": "n"}}, {"type": "Feature", "geometry": {"type": "Point", "coordinates": [146.89459, -7.9165]}, "properties": {"source": "VIIRS_NOAA20", "date": "2026-10-09", "time": "1533", "frp": "1.3", "confidence": "n"}}, {"type": "Feature", "geometry": {"type": "Point", "coordinates": [146.80885, -7.91632]}, "properties": {"source": "VIIRS_NOAA20", "date": "2026-10-09", "time": "1533", "frp": "26.95", "confidence": "n"}}, {"type": "Feature", "geometry": {"type": "Point", "coordinates": [146.89081, -7.91588]}, "properties": {"source": "VIIRS_NOAA20", "date": "2026-10-09", "time": "1533", "frp": "1.19", "confidence": "n"}}, {"type": "Feature", "geometry": {"type": "Point", "coordinates": [146.84251, -7.9149]}, "properties": {"source": "VIIRS_NOAA20", "date": "2026-10-09", "time": "1533", "frp": "1.33", "confidence": "n"}}, {"type": "Feature", "geometry": {"type": "Point", "coordinates": [146.94583, -7.91451]}, "properties": {"source": "VIIRS_NOAA20", "date": "2026-10-09", "time": "1533", "frp": "1.67", "confidence": "n"}}, {"type": "Feature", "geometry": {"type": "Point", "coordinates": [146.9424, -7.91396]}, "properties": {"source": "VIIRS_NOAA20", "date": "2026-10-09", "time": "1533", "frp": "0.75", "confidence": "n"}}, {"type": "Feature", "geometry": {"type": "Point", "coordinates": [146.89879, -7.91374]}, "properties": {"source": "VIIRS_NOAA20", "date": "2026-10-09", "time": "1533", "frp": "0.86", "confidence": "n"}}, {"type": "Feature", "geometry": {"type": "Point", "coordinates": [146.81281, -7.91351]}, "properties": {"source": "VIIRS_NOAA20", "date": "2026-10-09", "time": "1533", "frp": "0.68", "confidence": "n"}}, {"type": "Feature", "geometry": {"type": "Point", "coordinates": [146.93895, -7.9134]}, "properties": {"source": "VIIRS_NOAA20", "date": "2026-10-09", "time": "1533", "frp": "0.75", "confidence": "n"}}, {"type": "Feature", "geometry": {"type": "Point", "coordinates": [146.89511, -7.91314]}, "properties": {"source": "VIIRS_NOAA20", "date": "2026-10-09", "time": "1533", "frp": "0.86", "confidence": "n"}}, {"type": "Feature", "geometry": {"type": "Point", "coordinates": [146.80931, -7.91295]}, "properties": {"source": "VIIRS_NOAA20", "date": "2026-10-09", "time": "1533", "frp": "1.62", "confidence": "n"}}, {"type": "Feature", "geometry": {"type": "Point", "coordinates": [146.95338, -7.9123]}, "properties": {"source": "VIIRS_NOAA20", "date": "2026-10-09", "time": "1533", "frp": "0.91", "confidence": "n"}}, {"type": "Feature", "geometry": {"type": "Point", "coordinates": [146.94984, -7.91173]}, "properties": {"source": "VIIRS_NOAA20", "date": "2026-10-09", "time": "1533", "frp": "1.67", "confidence": "n"}}, {"type": "Feature", "geometry": {"type": "Point", "coordinates": [146.94635, -7.91116]}, "properties": {"source": "VIIRS_NOAA20", "date": "2026-10-09", "time": "1533", "frp": "1.67", "confidence": "n"}}, {"type": "Feature", "geometry": {"type": "Point", "coordinates": [146.90298, -7.91099]}, "properties": {"source": "VIIRS_NOAA20", "date": "2026-10-09", "time": "1533", "frp": "1.94", "confidence": "n"}}, {"type": "Feature", "geometry": {"type": "Point", "coordinates": [146.94289, -7.9106]}, "properties": {"source": "VIIRS_NOAA20", "date": "2026-10-09", "time": "1533", "frp": "0.75", "confidence": "n"}}, {"type": "Feature", "geometry": {"type": "Point", "coordinates": [146.89932, -7.91039]}, "properties": {"source": "VIIRS_NOAA20", "date": "2026-10-09", "time": "1533", "frp": "0.86", "confidence": "n"}}, {"type": "Feature", "geometry": {"type": "Point", "coordinates": [146.81331, -7.91014]}, "properties": {"source": "VIIRS_NOAA20", "date": "2026-10-09", "time": "1533", "frp": "0.68", "confidence": "n"}}, {"type": "Feature", "geometry": {"type": "Point", "coordinates": [146.93944, -7.91004]}, "properties": {"source": "VIIRS_NOAA20", "date": "2026-10-09", "time": "1533", "frp": "0.75", "confidence": "n"}}, {"type": "Feature", "geometry": {"type": "Point", "coordinates": [146.80977, -7.90957]}, "properties": {"source": "VIIRS_NOAA20", "date": "2026-10-09", "time": "1533", "frp": "1.62", "confidence": "n"}}, {"type": "Feature", "geometry": {"type": "Point", "coordinates": [146.9503, -7.90951]}, "properties": {"source": "VIIRS_NOAA20", "date": "2026-10-09", "time": "1533", "frp": "1.68", "confidence": "n"}}, {"type": "Feature", "geometry": {"type": "Point", "coordinates": [146.81024, -7.90619]}, "properties": {"source": "VIIRS_NOAA20", "date": "2026-10-09", "time": "1533", "frp": "10.9", "confidence": "n"}}, {"type": "Feature", "geometry": {"type": "Point", "coordinates": [146.81071, -7.90281]}, "properties": {"source": "VIIRS_NOAA20", "date": "2026-10-09", "time": "1533", "frp": "10.9", "confidence": "n"}}, {"type": "Feature", "geometry": {"type": "Point", "coordinates": [146.9483, -7.89888]}, "properties": {"source": "VIIRS_NOAA20", "date": "2026-10-09", "time": "1533", "frp": "2.21", "confidence": "n"}}, {"type": "Feature", "geometry": {"type": "Point", "coordinates": [147.99785, -9.96074]}, "properties": {"source": "MODIS", "date": "2026-10-06", "time": "548", "frp": "18.66", "confidence": "81"}}, {"type": "Feature", "geometry": {"type": "Point", "coordinates": [148.00815, -9.95931]}, "properties": {"source": "MODIS", "date": "2026-10-06", "time": "548", "frp": "21.91", "confidence": "82"}}, {"type": "Feature", "geometry": {"type": "Point", "coordinates": [148.00203, -9.9544]}, "properties": {"source": "MODIS", "date": "2026-10-06", "time": "548", "frp": "23.99", "confidence": "83"}}, {"type": "Feature", "geometry": {"type": "Point", "coordinates": [147.80421, -9.89585]}, "properties": {"source": "MODIS", "date": "2026-10-06", "time": "548", "frp": "5.44", "confidence": "67"}}, {"type": "Feature", "geometry": {"type": "Point", "coordinates": [147.71992, -9.87294]}, "properties": {"source": "MODIS", "date": "2026-10-06", "time": "548", "frp": "6.56", "confidence": "65"}}, {"type": "Feature", "geometry": {"type": "Point", "coordinates": [149.33464, -9.83544]}, "properties": {"source": "MODIS", "date": "2026-10-06", "time": "548", "frp": "12.97", "confidence": "72"}}, {"type": "Feature", "geometry": {"type": "Point", "coordinates": [149.25719, -9.81054]}, "properties": {"source": "MODIS", "date": "2026-10-06", "time": "548", "frp": "8.66", "confidence": "40"}}, {"type": "Feature", "geometry": {"type": "Point", "coordinates": [149.33728, -9.78999]}, "properties": {"source": "MODIS", "date": "2026-10-06", "time": "548", "frp": "75.98", "confidence": "98"}}, {"type": "Feature", "geometry": {"type": "Point", "coordinates": [149.32693, -9.78246]}, "properties": {"source": "MODIS", "date": "2026-10-06", "time": "548", "frp": "13.84", "confidence": "74"}}, {"type": "Feature", "geometry": {"type": "Point", "coordinates": [149.33606, -9.78115]}, "properties": {"source": "MODIS", "date": "2026-10-06", "time": "548", "frp": "36.35", "confidence": "89"}}, {"type": "Feature", "geometry": {"type": "Point", "coordinates": [149.2168, -9.76978]}, "properties": {"source": "MODIS", "date": "2026-10-06", "time": "548", "frp": "5.92", "confidence": "37"}}, {"type": "Feature", "geometry": {"type": "Point", "coordinates": [147.9257, -9.72343]}, "properties": {"source": "MODIS", "date": "2026-10-06", "time": "548", "frp": "17.47", "confidence": "77"}}, {"type": "Feature", "geometry": {"type": "Point", "coordinates": [147.65463, -9.64925]}, "properties": {"source": "MODIS", "date": "2026-10-06", "time": "548", "frp": "6.47", "confidence": "58"}}, {"type": "Feature", "geometry": {"type": "Point", "coordinates": [147.66495, -9.64782]}, "properties": {"source": "MODIS", "date": "2026-10-06", "time": "548", "frp": "7.35", "confidence": "64"}}, {"type": "Feature", "geometry": {"type": "Point", "coordinates": [148.48677, -9.54222]}, "properties": {"source": "MODIS", "date": "2026-10-06", "time": "548", "frp": "14.11", "confidence": "76"}}, {"type": "Feature", "geometry": {"type": "Point", "coordinates": [148.31725, -9.49318]}, "properties": {"source": "MODIS", "date": "2026-10-06", "time": "548", "frp": "55.52", "confidence": "94"}}, {"type": "Feature", "geometry": {"type": "Point", "coordinates": [148.32657, -9.49186]}, "properties": {"source": "MODIS", "date": "2026-10-06", "time": "548", "frp": "24.72", "confidence": "84"}}, {"type": "Feature", "geometry": {"type": "Point", "coordinates": [148.42265, -9.4782]}, "properties": {"source": "MODIS", "date": "2026-10-06", "time": "548", "frp": "15.31", "confidence": "78"}}, {"type": "Feature", "geometry": {"type": "Point", "coordinates": [148.43228, -9.47683]}, "properties": {"source": "MODIS", "date": "2026-10-06", "time": "548", "frp": "14.37", "confidence": "77"}}, {"type": "Feature", "geometry": {"type": "Point", "coordinates": [147.07103, -9.26961]}, "properties": {"source": "MODIS", "date": "2026-10-06", "time": "548", "frp": "39.47", "confidence": "88"}}, {"type": "Feature", "geometry": {"type": "Point", "coordinates": [146.99799, -9.20713]}, "properties": {"source": "MODIS", "date": "2026-10-06", "time": "548", "frp": "7.4", "confidence": "48"}}, {"type": "Feature", "geometry": {"type": "Point", "coordinates": [147.00931, -9.20556]}, "properties": {"source": "MODIS", "date": "2026-10-06", "time": "548", "frp": "10.86", "confidence": "72"}}, {"type": "Feature", "geometry": {"type": "Point", "coordinates": [147.27725, -9.17823]}, "properties": {"source": "MODIS", "date": "2026-10-06", "time": "548", "frp": "9.51", "confidence": "72"}}, {"type": "Feature", "geometry": {"type": "Point", "coordinates": [148.96681, -9.15015]}, "properties": {"source": "MODIS", "date": "2026-10-06", "time": "548", "frp": "10.74", "confidence": "75"}}, {"type": "Feature", "geometry": {"type": "Point", "coordinates": [147.17656, -9.14036]}, "properties": {"source": "MODIS", "date": "2026-10-06", "time": "548", "frp": "26.98", "confidence": "83"}}, {"type": "Feature", "geometry": {"type": "Point", "coordinates": [148.87096, -9.13666]}, "properties": {"source": "MODIS", "date": "2026-10-06", "time": "548", "frp": "8.98", "confidence": "71"}}, {"type": "Feature", "geometry": {"type": "Point", "coordinates": [146.83351, -8.99467]}, "properties": {"source": "MODIS", "date": "2026-10-06", "time": "548", "frp": "7.8", "confidence": "56"}}, {"type": "Feature", "geometry": {"type": "Point", "coordinates": [146.84502, -8.99305]}, "properties": {"source": "MODIS", "date": "2026-10-06", "time": "548", "frp": "15.33", "confidence": "73"}}, {"type": "Feature", "geometry": {"type": "Point", "coordinates": [146.81, -8.87492]}, "properties": {"source": "MODIS", "date": "2026-10-06", "time": "548", "frp": "11.43", "confidence": "70"}}, {"type": "Feature", "geometry": {"type": "Point", "coordinates": [146.84302, -8.86021]}, "properties": {"source": "MODIS", "date": "2026-10-06", "time": "548", "frp": "15.88", "confidence": "75"}}, {"type": "Feature", "geometry": {"type": "Point", "coordinates": [146.61891, -8.65635]}, "properties": {"source": "MODIS", "date": "2026-10-06", "time": "548", "frp": "9.4", "confidence": "69"}}, {"type": "Feature", "geometry": {"type": "Point", "coordinates": [146.63063, -8.65469]}, "properties": {"source": "MODIS", "date": "2026-10-06", "time": "548", "frp": "7.22", "confidence": "66"}}, {"type": "Feature", "geometry": {"type": "Point", "coordinates": [147.14218, -8.56238]}, "properties": {"source": "MODIS", "date": "2026-10-06", "time": "548", "frp": "7.71", "confidence": "42"}}, {"type": "Feature", "geometry": {"type": "Point", "coordinates": [146.9649, -8.36327]}, "properties": {"source": "MODIS", "date": "2026-10-06", "time": "548", "frp": "78.54", "confidence": "95"}}, {"type": "Feature", "geometry": {"type": "Point", "coordinates": [146.9769, -8.36162]}, "properties": {"source": "MODIS", "date": "2026-10-06", "time": "548", "frp": "17.9", "confidence": "76"}}, {"type": "Feature", "geometry": {"type": "Point", "coordinates": [147.00229, -8.32485]}, "properties": {"source": "MODIS", "date": "2026-10-06", "time": "548", "frp": "9.09", "confidence": "56"}}, {"type": "Feature", "geometry": {"type": "Point", "coordinates": [147.09586, -8.30171]}, "properties": {"source": "MODIS", "date": "2026-10-06", "time": "548", "frp": "12.36", "confidence": "72"}}, {"type": "Feature", "geometry": {"type": "Point", "coordinates": [147.0341, -8.30055]}, "properties": {"source": "MODIS", "date": "2026-10-06", "time": "548", "frp": "15.48", "confidence": "70"}}, {"type": "Feature", "geometry": {"type": "Point", "coordinates": [146.95998, -8.27133]}, "properties": {"source": "MODIS", "date": "2026-10-06", "time": "548", "frp": "4.69", "confidence": "12"}}, {"type": "Feature", "geometry": {"type": "Point", "coordinates": [147.13585, -8.23718]}, "properties": {"source": "MODIS", "date": "2026-10-06", "time": "548", "frp": "38.96", "confidence": "81"}}, {"type": "Feature", "geometry": {"type": "Point", "coordinates": [149.32126, -9.78981]}, "properties": {"source": "MODIS", "date": "2026-10-06", "time": "1006", "frp": "69.24", "confidence": "48"}}, {"type": "Feature", "geometry": {"type": "Point", "coordinates": [149.32687, -9.78046]}, "properties": {"source": "MODIS", "date": "2026-10-06", "time": "1006", "frp": "165.44", "confidence": "100"}}, {"type": "Feature", "geometry": {"type": "Point", "coordinates": [149.3185, -9.7736]}, "properties": {"source": "MODIS", "date": "2026-10-06", "time": "1006", "frp": "71.32", "confidence": "54"}}, {"type": "Feature", "geometry": {"type": "Point", "coordinates": [149.3548, -9.83101]}, "properties": {"source": "MODIS", "date": "2026-10-06", "time": "1811", "frp": "141.72", "confidence": "100"}}, {"type": "Feature", "geometry": {"type": "Point", "coordinates": [149.36357, -9.8304]}, "properties": {"source": "MODIS", "date": "2026-10-06", "time": "1811", "frp": "99.6", "confidence": "97"}}, {"type": "Feature", "geometry": {"type": "Point", "coordinates": [149.33356, -9.82653]}, "properties": {"source": "MODIS", "date": "2026-10-06", "time": "1811", "frp": "59.31", "confidence": "76"}}, {"type": "Feature", "geometry": {"type": "Point", "coordinates": [149.34595, -9.76593]}, "properties": {"source": "MODIS", "date": "2026-10-06", "time": "1811", "frp": "30.83", "confidence": "19"}}, {"type": "Feature", "geometry": {"type": "Point", "coordinates": [146.94952, -7.90213]}, "properties": {"source": "MODIS", "date": "2026-10-06", "time": "1811", "frp": "29.66", "confidence": "76"}}, {"type": "Feature", "geometry": {"type": "Point", "coordinates": [149.34473, -9.83638]}, "properties": {"source": "MODIS", "date": "2026-10-06", "time": "2231", "frp": "29.75", "confidence": "87"}}, {"type": "Feature", "geometry": {"type": "Point", "coordinates": [149.33585, -9.83509]}, "properties": {"source": "MODIS", "date": "2026-10-06", "time": "2231", "frp": "7.64", "confidence": "35"}}, {"type": "Feature", "geometry": {"type": "Point", "coordinates": [148.61728, -9.83158]}, "properties": {"source": "MODIS", "date": "2026-10-06", "time": "2231", "frp": "4.35", "confidence": "52"}}, {"type": "Feature", "geometry": {"type": "Point", "coordinates": [149.34583, -9.82755]}, "properties": {"source": "MODIS", "date": "2026-10-06", "time": "2231", "frp": "45.56", "confidence": "93"}}, {"type": "Feature", "geometry": {"type": "Point", "coordinates": [149.34212, -9.77056]}, "properties": {"source": "MODIS", "date": "2026-10-06", "time": "2231", "frp": "60.04", "confidence": "96"}}, {"type": "Feature", "geometry": {"type": "Point", "coordinates": [149.33328, -9.76928]}, "properties": {"source": "MODIS", "date": "2026-10-06", "time": "2231", "frp": "21.09", "confidence": "82"}}, {"type": "Feature", "geometry": {"type": "Point", "coordinates": [146.94646, -7.90246]}, "properties": {"source": "MODIS", "date": "2026-10-07", "time": "627", "frp": "71.53", "confidence": "67"}}, {"type": "Feature", "geometry": {"type": "Point", "coordinates": [149.33502, -9.76066]}, "properties": {"source": "MODIS", "date": "2026-10-07", "time": "1047", "frp": "40.62", "confidence": "100"}}, {"type": "Feature", "geometry": {"type": "Point", "coordinates": [147.33214, -8.48576]}, "properties": {"source": "MODIS", "date": "2026-10-07", "time": "1047", "frp": "35.72", "confidence": "100"}}, {"type": "Feature", "geometry": {"type": "Point", "coordinates": [147.34161, -8.48449]}, "properties": {"source": "MODIS", "date": "2026-10-07", "time": "1047", "frp": "20.6", "confidence": "95"}}, {"type": "Feature", "geometry": {"type": "Point", "coordinates": [146.92276, -8.47678]}, "properties": {"source": "MODIS", "date": "2026-10-07", "time": "1047", "frp": "7.32", "confidence": "65"}}, {"type": "Feature", "geometry": {"type": "Point", "coordinates": [147.16141, -8.41674]}, "properties": {"source": "MODIS", "date": "2026-10-07", "time": "1047", "frp": "9.71", "confidence": "65"}}, {"type": "Feature", "geometry": {"type": "Point", "coordinates": [146.98064, -8.24757]}, "properties": {"source": "MODIS", "date": "2026-10-07", "time": "1047", "frp": "10.26", "confidence": "70"}}, {"type": "Feature", "geometry": {"type": "Point", "coordinates": [146.87169, -8.04077]}, "properties": {"source": "MODIS", "date": "2026-10-07", "time": "1047", "frp": "29.54", "confidence": "100"}}, {"type": "Feature", "geometry": {"type": "Point", "coordinates": [146.86491, -8.03351]}, "properties": {"source": "MODIS", "date": "2026-10-07", "time": "1047", "frp": "8.39", "confidence": "52"}}, {"type": "Feature", "geometry": {"type": "Point", "coordinates": [146.87389, -8.03232]}, "properties": {"source": "MODIS", "date": "2026-10-07", "time": "1047", "frp": "9.72", "confidence": "63"}}, {"type": "Feature", "geometry": {"type": "Point", "coordinates": [146.94164, -7.9125]}, "properties": {"source": "MODIS", "date": "2026-10-07", "time": "1047", "frp": "16.76", "confidence": "88"}}, {"type": "Feature", "geometry": {"type": "Point", "coordinates": [146.95067, -7.91129]}, "properties": {"source": "MODIS", "date": "2026-10-07", "time": "1047", "frp": "26.3", "confidence": "100"}}, {"type": "Feature", "geometry": {"type": "Point", "coordinates": [146.94931, -7.9022]}, "properties": {"source": "MODIS", "date": "2026-10-07", "time": "1047", "frp": "11.84", "confidence": "70"}}, {"type": "Feature", "geometry": {"type": "Point", "coordinates": [149.33366, -9.7541]}, "properties": {"source": "MODIS", "date": "2026-10-07", "time": "1711", "frp": "26.07", "confidence": "34"}}, {"type": "Feature", "geometry": {"type": "Point", "coordinates": [149.34056, -9.74654]}, "properties": {"source": "MODIS", "date": "2026-10-07", "time": "1711", "frp": "29.62", "confidence": "46"}}, {"type": "Feature", "geometry": {"type": "Point", "coordinates": [146.95844, -7.9089]}, "properties": {"source": "MODIS", "date": "2026-10-07", "time": "2312", "frp": "36.18", "confidence": "68"}}, {"type": "Feature", "geometry": {"type": "Point", "coordinates": [146.85841, -7.90886]}, "properties": {"source": "MODIS", "date": "2026-10-07", "time": "2312", "frp": "28.12", "confidence": "66"}}, {"type": "Feature", "geometry": {"type": "Point", "coordinates": [146.85248, -7.90854]}, "properties": {"source": "MODIS", "date": "2026-10-07", "time": "2312", "frp": "32.58", "confidence": "67"}}, {"type": "Feature", "geometry": {"type": "Point", "coordinates": [146.95354, -7.90794]}, "properties": {"source": "MODIS", "date": "2026-10-07", "time": "2312", "frp": "52.58", "confidence": "76"}}, {"type": "Feature", "geometry": {"type": "Point", "coordinates": [146.93732, -7.90614]}, "properties": {"source": "MODIS", "date": "2026-10-07", "time": "2312", "frp": "28.74", "confidence": "61"}}, {"type": "Feature", "geometry": {"type": "Point", "coordinates": [147.11157, -8.36061]}, "properties": {"source": "MODIS", "date": "2026-10-08", "time": "527", "frp": "62.49", "confidence": "49"}}, {"type": "Feature", "geometry": {"type": "Point", "coordinates": [147.11415, -8.28391]}, "properties": {"source": "MODIS", "date": "2026-10-08", "time": "527", "frp": "59.14", "confidence": "57"}}, {"type": "Feature", "geometry": {"type": "Point", "coordinates": [147.12128, -8.28278]}, "properties": {"source": "MODIS", "date": "2026-10-08", "time": "527", "frp": "73.56", "confidence": "61"}}, {"type": "Feature", "geometry": {"type": "Point", "coordinates": [146.86644, -8.04081]}, "properties": {"source": "MODIS", "date": "2026-10-08", "time": "527", "frp": "62.62", "confidence": "43"}}, {"type": "Feature", "geometry": {"type": "Point", "coordinates": [146.88823, -7.82752]}, "properties": {"source": "MODIS", "date": "2026-10-08", "time": "527", "frp": "88.92", "confidence": "59"}}, {"type": "Feature", "geometry": {"type": "Point", "coordinates": [146.81914, -7.93161]}, "properties": {"source": "MODIS", "date": "2026-10-08", "time": "1128", "frp": "46.58", "confidence": "12"}}, {"type": "Feature", "geometry": {"type": "Point", "coordinates": [147.12796, -8.41097]}, "properties": {"source": "MODIS", "date": "2026-10-08", "time": "1749", "frp": "7.41", "confidence": "52"}}, {"type": "Feature", "geometry": {"type": "Point", "coordinates": [148.45451, -10.06595]}, "properties": {"source": "MODIS", "date": "2026-10-09", "time": "603", "frp": "10.36", "confidence": "70"}}, {"type": "Feature", "geometry": {"type": "Point", "coordinates": [148.46431, -10.06446]}, "properties": {"source": "MODIS", "date": "2026-10-09", "time": "603", "frp": "5.56", "confidence": "61"}}, {"type": "Feature", "geometry": {"type": "Point", "coordinates": [149.71619, -10.01559]}, "properties": {"source": "MODIS", "date": "2026-10-09", "time": "603", "frp": "10.72", "confidence": "61"}}, {"type": "Feature", "geometry": {"type": "Point", "coordinates": [148.20876, -9.99163]}, "properties": {"source": "MODIS", "date": "2026-10-09", "time": "603", "frp": "13.82", "confidence": "76"}}, {"type": "Feature", "geometry": {"type": "Point", "coordinates": [148.45618, -9.99137]}, "properties": {"source": "MODIS", "date": "2026-10-09", "time": "603", "frp": "6.41", "confidence": "63"}}, {"type": "Feature", "geometry": {"type": "Point", "coordinates": [149.74751, -9.95797]}, "properties": {"source": "MODIS", "date": "2026-10-09", "time": "603", "frp": "6.16", "confidence": "48"}}, {"type": "Feature", "geometry": {"type": "Point", "coordinates": [149.30768, -9.85137]}, "properties": {"source": "MODIS", "date": "2026-10-09", "time": "603", "frp": "32.77", "confidence": "83"}}, {"type": "Feature", "geometry": {"type": "Point", "coordinates": [149.27684, -9.79714]}, "properties": {"source": "MODIS", "date": "2026-10-09", "time": "603", "frp": "9.83", "confidence": "50"}}, {"type": "Feature", "geometry": {"type": "Point", "coordinates": [147.84346, -9.75209]}, "properties": {"source": "MODIS", "date": "2026-10-09", "time": "603", "frp": "6.45", "confidence": "64"}}, {"type": "Feature", "geometry": {"type": "Point", "coordinates": [147.59009, -9.74296]}, "properties": {"source": "MODIS", "date": "2026-10-09", "time": "603", "frp": "9.85", "confidence": "72"}}, {"type": "Feature", "geometry": {"type": "Point", "coordinates": [147.78493, -9.74267]}, "properties": {"source": "MODIS", "date": "2026-10-09", "time": "603", "frp": "9.63", "confidence": "73"}}, {"type": "Feature", "geometry": {"type": "Point", "coordinates": [147.88734, -9.72701]}, "properties": {"source": "MODIS", "date": "2026-10-09", "time": "603", "frp": "8.38", "confidence": "69"}}, {"type": "Feature", "geometry": {"type": "Point", "coordinates": [148.53026, -9.69403]}, "properties": {"source": "MODIS", "date": "2026-10-09", "time": "603", "frp": "21.76", "confidence": "80"}}, {"type": "Feature", "geometry": {"type": "Point", "coordinates": [147.80812, -9.69187]}, "properties": {"source": "MODIS", "date": "2026-10-09", "time": "603", "frp": "11.23", "confidence": "73"}}, {"type": "Feature", "geometry": {"type": "Point", "coordinates": [147.86443, -9.68336]}, "properties": {"source": "MODIS", "date": "2026-10-09", "time": "603", "frp": "6.07", "confidence": "63"}}, {"type": "Feature", "geometry": {"type": "Point", "coordinates": [147.71042, -9.67004]}, "properties": {"source": "MODIS", "date": "2026-10-09", "time": "603", "frp": "8.16", "confidence": "69"}}, {"type": "Feature", "geometry": {"type": "Point", "coordinates": [147.65955, -9.62247]}, "properties": {"source": "MODIS", "date": "2026-10-09", "time": "603", "frp": "4.99", "confidence": "61"}}, {"type": "Feature", "geometry": {"type": "Point", "coordinates": [147.93883, -9.5895]}, "properties": {"source": "MODIS", "date": "2026-10-09", "time": "603", "frp": "6.19", "confidence": "55"}}, {"type": "Feature", "geometry": {"type": "Point", "coordinates": [147.93712, -9.58054]}, "properties": {"source": "MODIS", "date": "2026-10-09", "time": "603", "frp": "4.25", "confidence": "26"}}, {"type": "Feature", "geometry": {"type": "Point", "coordinates": [147.42403, -9.45485]}, "properties": {"source": "MODIS", "date": "2026-10-09", "time": "603", "frp": "5.77", "confidence": "35"}}, {"type": "Feature", "geometry": {"type": "Point", "coordinates": [147.44542, -9.39489]}, "properties": {"source": "MODIS", "date": "2026-10-09", "time": "603", "frp": "10.69", "confidence": "74"}}, {"type": "Feature", "geometry": {"type": "Point", "coordinates": [147.45454, -9.39353]}, "properties": {"source": "MODIS", "date": "2026-10-09", "time": "603", "frp": "8", "confidence": "64"}}, {"type": "Feature", "geometry": {"type": "Point", "coordinates": [147.41672, -9.39011]}, "properties": {"source": "MODIS", "date": "2026-10-09", "time": "603", "frp": "7.58", "confidence": "64"}}, {"type": "Feature", "geometry": {"type": "Point", "coordinates": [147.42581, -9.38875]}, "properties": {"source": "MODIS", "date": "2026-10-09", "time": "603", "frp": "7.57", "confidence": "46"}}, {"type": "Feature", "geometry": {"type": "Point", "coordinates": [147.33144, -9.37572]}, "properties": {"source": "MODIS", "date": "2026-10-09", "time": "603", "frp": "8.64", "confidence": "70"}}, {"type": "Feature", "geometry": {"type": "Point", "coordinates": [147.0994, -9.26171]}, "properties": {"source": "MODIS", "date": "2026-10-09", "time": "603", "frp": "5.04", "confidence": "65"}}, {"type": "Feature", "geometry": {"type": "Point", "coordinates": [147.35121, -9.22413]}, "properties": {"source": "MODIS", "date": "2026-10-09", "time": "603", "frp": "8.11", "confidence": "73"}}, {"type": "Feature", "geometry": {"type": "Point", "coordinates": [147.36035, -9.22277]}, "properties": {"source": "MODIS", "date": "2026-10-09", "time": "603", "frp": "6.3", "confidence": "69"}}, {"type": "Feature", "geometry": {"type": "Point", "coordinates": [147.28139, -9.18929]}, "properties": {"source": "MODIS", "date": "2026-10-09", "time": "603", "frp": "6.62", "confidence": "46"}}, {"type": "Feature", "geometry": {"type": "Point", "coordinates": [147.29042, -9.18793]}, "properties": {"source": "MODIS", "date": "2026-10-09", "time": "603", "frp": "7.64", "confidence": "64"}}, {"type": "Feature", "geometry": {"type": "Point", "coordinates": [147.2876, -9.17023]}, "properties": {"source": "MODIS", "date": "2026-10-09", "time": "603", "frp": "6.98", "confidence": "35"}}, {"type": "Feature", "geometry": {"type": "Point", "coordinates": [146.92891, -8.90835]}, "properties": {"source": "MODIS", "date": "2026-10-09", "time": "603", "frp": "5.11", "confidence": "65"}}, {"type": "Feature", "geometry": {"type": "Point", "coordinates": [146.78758, -8.87547]}, "properties": {"source": "MODIS", "date": "2026-10-09", "time": "603", "frp": "5.81", "confidence": "25"}}, {"type": "Feature", "geometry": {"type": "Point", "coordinates": [146.78926, -8.86426]}, "properties": {"source": "MODIS", "date": "2026-10-09", "time": "603", "frp": "15.31", "confidence": "80"}}, {"type": "Feature", "geometry": {"type": "Point", "coordinates": [146.74847, -8.75931]}, "properties": {"source": "MODIS", "date": "2026-10-09", "time": "603", "frp": "10.46", "confidence": "76"}}, {"type": "Feature", "geometry": {"type": "Point", "coordinates": [146.63693, -8.73998]}, "properties": {"source": "MODIS", "date": "2026-10-09", "time": "603", "frp": "7.67", "confidence": "62"}}, {"type": "Feature", "geometry": {"type": "Point", "coordinates": [147.36781, -8.68519]}, "properties": {"source": "MODIS", "date": "2026-10-09", "time": "603", "frp": "5.33", "confidence": "28"}}, {"type": "Feature", "geometry": {"type": "Point", "coordinates": [146.70871, -8.65541]}, "properties": {"source": "MODIS", "date": "2026-10-09", "time": "603", "frp": "4.81", "confidence": "63"}}, {"type": "Feature", "geometry": {"type": "Point", "coordinates": [146.67067, -8.64311]}, "properties": {"source": "MODIS", "date": "2026-10-09", "time": "603", "frp": "5.63", "confidence": "67"}}, {"type": "Feature", "geometry": {"type": "Point", "coordinates": [147.25874, -8.63804]}, "properties": {"source": "MODIS", "date": "2026-10-09", "time": "603", "frp": "7.35", "confidence": "60"}}, {"type": "Feature", "geometry": {"type": "Point", "coordinates": [147.26807, -8.63663]}, "properties": {"source": "MODIS", "date": "2026-10-09", "time": "603", "frp": "7.24", "confidence": "66"}}, {"type": "Feature", "geometry": {"type": "Point", "coordinates": [147.2103, -8.62726]}, "properties": {"source": "MODIS", "date": "2026-10-09", "time": "603", "frp": "18.65", "confidence": "78"}}, {"type": "Feature", "geometry": {"type": "Point", "coordinates": [147.21944, -8.62587]}, "properties": {"source": "MODIS", "date": "2026-10-09", "time": "603", "frp": "5.43", "confidence": "23"}}, {"type": "Feature", "geometry": {"type": "Point", "coordinates": [146.69315, -8.61285]}, "properties": {"source": "MODIS", "date": "2026-10-09", "time": "603", "frp": "7.75", "confidence": "71"}}, {"type": "Feature", "geometry": {"type": "Point", "coordinates": [147.24445, -8.58457]}, "properties": {"source": "MODIS", "date": "2026-10-09", "time": "603", "frp": "19.61", "confidence": "78"}}, {"type": "Feature", "geometry": {"type": "Point", "coordinates": [147.25375, -8.58318]}, "properties": {"source": "MODIS", "date": "2026-10-09", "time": "603", "frp": "9.04", "confidence": "25"}}, {"type": "Feature", "geometry": {"type": "Point", "coordinates": [146.98538, -8.54824]}, "properties": {"source": "MODIS", "date": "2026-10-09", "time": "603", "frp": "4.84", "confidence": "33"}}, {"type": "Feature", "geometry": {"type": "Point", "coordinates": [146.94582, -8.5271]}, "properties": {"source": "MODIS", "date": "2026-10-09", "time": "603", "frp": "6.8", "confidence": "68"}}, {"type": "Feature", "geometry": {"type": "Point", "coordinates": [147.03966, -8.48602]}, "properties": {"source": "MODIS", "date": "2026-10-09", "time": "603", "frp": "4.26", "confidence": "31"}}, {"type": "Feature", "geometry": {"type": "Point", "coordinates": [147.07823, -8.34948]}, "properties": {"source": "MODIS", "date": "2026-10-09", "time": "603", "frp": "23.8", "confidence": "83"}}, {"type": "Feature", "geometry": {"type": "Point", "coordinates": [147.14771, -8.32107]}, "properties": {"source": "MODIS", "date": "2026-10-09", "time": "603", "frp": "85.76", "confidence": "99"}}, {"type": "Feature", "geometry": {"type": "Point", "coordinates": [147.15656, -8.31974]}, "properties": {"source": "MODIS", "date": "2026-10-09", "time": "603", "frp": "65.86", "confidence": "96"}}, {"type": "Feature", "geometry": {"type": "Point", "coordinates": [147.17441, -8.31707]}, "properties": {"source": "MODIS", "date": "2026-10-09", "time": "603", "frp": "11.93", "confidence": "72"}}, {"type": "Feature", "geometry": {"type": "Point", "coordinates": [147.18362, -8.3157]}, "properties": {"source": "MODIS", "date": "2026-10-09", "time": "603", "frp": "8.58", "confidence": "64"}}, {"type": "Feature", "geometry": {"type": "Point", "coordinates": [146.91608, -8.30163]}, "properties": {"source": "MODIS", "date": "2026-10-09", "time": "603", "frp": "8.11", "confidence": "63"}}, {"type": "Feature", "geometry": {"type": "Point", "coordinates": [147.12494, -8.2883]}, "properties": {"source": "MODIS", "date": "2026-10-09", "time": "603", "frp": "52.73", "confidence": "94"}}, {"type": "Feature", "geometry": {"type": "Point", "coordinates": [146.89243, -8.09141]}, "properties": {"source": "MODIS", "date": "2026-10-09", "time": "603", "frp": "66.84", "confidence": "97"}}, {"type": "Feature", "geometry": {"type": "Point", "coordinates": [146.88252, -8.08389]}, "properties": {"source": "MODIS", "date": "2026-10-09", "time": "603", "frp": "213.92", "confidence": "100"}}, {"type": "Feature", "geometry": {"type": "Point", "coordinates": [146.89113, -8.08261]}, "properties": {"source": "MODIS", "date": "2026-10-09", "time": "603", "frp": "174.24", "confidence": "100"}}, {"type": "Feature", "geometry": {"type": "Point", "coordinates": [146.87274, -8.07636]}, "properties": {"source": "MODIS", "date": "2026-10-09", "time": "603", "frp": "44.92", "confidence": "85"}}, {"type": "Feature", "geometry": {"type": "Point", "coordinates": [146.88133, -8.07508]}, "properties": {"source": "MODIS", "date": "2026-10-09", "time": "603", "frp": "55.54", "confidence": "85"}}, {"type": "Feature", "geometry": {"type": "Point", "coordinates": [146.87891, -8.05744]}, "properties": {"source": "MODIS", "date": "2026-10-09", "time": "603", "frp": "22.7", "confidence": "69"}}, {"type": "Feature", "geometry": {"type": "Point", "coordinates": [146.88759, -8.05614]}, "properties": {"source": "MODIS", "date": "2026-10-09", "time": "603", "frp": "68.96", "confidence": "97"}}, {"type": "Feature", "geometry": {"type": "Point", "coordinates": [146.89621, -8.05486]}, "properties": {"source": "MODIS", "date": "2026-10-09", "time": "603", "frp": "20.09", "confidence": "61"}}, {"type": "Feature", "geometry": {"type": "Point", "coordinates": [146.88319, -7.96375]}, "properties": {"source": "MODIS", "date": "2026-10-09", "time": "603", "frp": "10.26", "confidence": "64"}}, {"type": "Feature", "geometry": {"type": "Point", "coordinates": [146.89201, -7.96243]}, "properties": {"source": "MODIS", "date": "2026-10-09", "time": "603", "frp": "26.65", "confidence": "84"}}, {"type": "Feature", "geometry": {"type": "Point", "coordinates": [146.90871, -7.95094]}, "properties": {"source": "MODIS", "date": "2026-10-09", "time": "603", "frp": "18.7", "confidence": "79"}}, {"type": "Feature", "geometry": {"type": "Point", "coordinates": [146.8179, -7.94654]}, "properties": {"source": "MODIS", "date": "2026-10-09", "time": "603", "frp": "14.58", "confidence": "0"}}, {"type": "Feature", "geometry": {"type": "Point", "coordinates": [146.85323, -7.94126]}, "properties": {"source": "MODIS", "date": "2026-10-09", "time": "603", "frp": "8.67", "confidence": "49"}}, {"type": "Feature", "geometry": {"type": "Point", "coordinates": [146.86189, -7.93997]}, "properties": {"source": "MODIS", "date": "2026-10-09", "time": "603", "frp": "8.23", "confidence": "51"}}, {"type": "Feature", "geometry": {"type": "Point", "coordinates": [146.83592, -7.92388]}, "properties": {"source": "MODIS", "date": "2026-10-09", "time": "603", "frp": "5.84", "confidence": "29"}}, {"type": "Feature", "geometry": {"type": "Point", "coordinates": [146.89897, -7.92348]}, "properties": {"source": "MODIS", "date": "2026-10-09", "time": "603", "frp": "25.6", "confidence": "85"}}, {"type": "Feature", "geometry": {"type": "Point", "coordinates": [146.80785, -7.91906]}, "properties": {"source": "MODIS", "date": "2026-10-09", "time": "603", "frp": "100.13", "confidence": "100"}}, {"type": "Feature", "geometry": {"type": "Point", "coordinates": [146.93488, -7.91817]}, "properties": {"source": "MODIS", "date": "2026-10-09", "time": "603", "frp": "21.01", "confidence": "38"}}, {"type": "Feature", "geometry": {"type": "Point", "coordinates": [146.81703, -7.91771]}, "properties": {"source": "MODIS", "date": "2026-10-09", "time": "603", "frp": "133.9", "confidence": "100"}}, {"type": "Feature", "geometry": {"type": "Point", "coordinates": [146.94411, -7.91681]}, "properties": {"source": "MODIS", "date": "2026-10-09", "time": "603", "frp": "42.15", "confidence": "91"}}, {"type": "Feature", "geometry": {"type": "Point", "coordinates": [146.88905, -7.91598]}, "properties": {"source": "MODIS", "date": "2026-10-09", "time": "603", "frp": "11.04", "confidence": "51"}}, {"type": "Feature", "geometry": {"type": "Point", "coordinates": [146.95317, -7.91548]}, "properties": {"source": "MODIS", "date": "2026-10-09", "time": "603", "frp": "13.12", "confidence": "31"}}, {"type": "Feature", "geometry": {"type": "Point", "coordinates": [146.89769, -7.91469]}, "properties": {"source": "MODIS", "date": "2026-10-09", "time": "603", "frp": "32.18", "confidence": "88"}}, {"type": "Feature", "geometry": {"type": "Point", "coordinates": [146.85236, -7.91245]}, "properties": {"source": "MODIS", "date": "2026-10-09", "time": "603", "frp": "7.9", "confidence": "65"}}, {"type": "Feature", "geometry": {"type": "Point", "coordinates": [146.80661, -7.91027]}, "properties": {"source": "MODIS", "date": "2026-10-09", "time": "603", "frp": "56.02", "confidence": "94"}}, {"type": "Feature", "geometry": {"type": "Point", "coordinates": [146.81569, -7.90892]}, "properties": {"source": "MODIS", "date": "2026-10-09", "time": "603", "frp": "83.47", "confidence": "99"}}, {"type": "Feature", "geometry": {"type": "Point", "coordinates": [146.94278, -7.90801]}, "properties": {"source": "MODIS", "date": "2026-10-09", "time": "603", "frp": "12.39", "confidence": "70"}}, {"type": "Feature", "geometry": {"type": "Point", "coordinates": [146.95195, -7.90665]}, "properties": {"source": "MODIS", "date": "2026-10-09", "time": "603", "frp": "14.85", "confidence": "74"}}, {"type": "Feature", "geometry": {"type": "Point", "coordinates": [149.30252, -9.8482]}, "properties": {"source": "MODIS", "date": "2026-10-09", "time": "1026", "frp": "52.8", "confidence": "100"}}, {"type": "Feature", "geometry": {"type": "Point", "coordinates": [149.3163, -9.8465]}, "properties": {"source": "MODIS", "date": "2026-10-09", "time": "1026", "frp": "97.36", "confidence": "100"}}, {"type": "Feature", "geometry": {"type": "Point", "coordinates": [148.78925, -9.42087]}, "properties": {"source": "MODIS", "date": "2026-10-09", "time": "1026", "frp": "16.43", "confidence": "29"}}, {"type": "Feature", "geometry": {"type": "Point", "coordinates": [146.8792, -8.06901]}, "properties": {"source": "MODIS", "date": "2026-10-09", "time": "1026", "frp": "29", "confidence": "55"}}, {"type": "Feature", "geometry": {"type": "Point", "coordinates": [146.8138, -7.92144]}, "properties": {"source": "MODIS", "date": "2026-10-09", "time": "1026", "frp": "30.64", "confidence": "58"}}, {"type": "Feature", "geometry": {"type": "Point", "coordinates": [146.80142, -7.92003]}, "properties": {"source": "MODIS", "date": "2026-10-09", "time": "1026", "frp": "52.07", "confidence": "87"}}, {"type": "Feature", "geometry": {"type": "Point", "coordinates": [146.81984, -7.91785]}, "properties": {"source": "MODIS", "date": "2026-10-09", "time": "1026", "frp": "55.05", "confidence": "89"}}, {"type": "Feature", "geometry": {"type": "Point", "coordinates": [146.95164, -7.9155]}, "properties": {"source": "MODIS", "date": "2026-10-09", "time": "1026", "frp": "31.79", "confidence": "58"}}, {"type": "Feature", "geometry": {"type": "Point", "coordinates": [146.81142, -7.9083]}, "properties": {"source": "MODIS", "date": "2026-10-09", "time": "1026", "frp": "83.91", "confidence": "100"}}, {"type": "Feature", "geometry": {"type": "Point", "coordinates": [146.82806, -7.93739]}, "properties": {"source": "MODIS", "date": "2026-10-09", "time": "2250", "frp": "24.4", "confidence": "78"}}, {"type": "Feature", "geometry": {"type": "Point", "coordinates": [146.81216, -7.91687]}, "properties": {"source": "MODIS", "date": "2026-10-09", "time": "2250", "frp": "34.23", "confidence": "88"}}, {"type": "Feature", "geometry": {"type": "Point", "coordinates": [146.94432, -7.91678]}, "properties": {"source": "MODIS", "date": "2026-10-09", "time": "2250", "frp": "31.04", "confidence": "87"}}, {"type": "Feature", "geometry": {"type": "Point", "coordinates": [147.88666, -9.98638]}, "properties": {"source": "MODIS", "date": "2026-10-09", "time": "2252", "frp": "11.15", "confidence": "73"}}, {"type": "Feature", "geometry": {"type": "Point", "coordinates": [147.58479, -9.80127]}, "properties": {"source": "MODIS", "date": "2026-10-09", "time": "2252", "frp": "16.3", "confidence": "79"}}, {"type": "Feature", "geometry": {"type": "Point", "coordinates": [147.57452, -9.79988]}, "properties": {"source": "MODIS", "date": "2026-10-09", "time": "2252", "frp": "7.76", "confidence": "70"}}, {"type": "Feature", "geometry": {"type": "Point", "coordinates": [147.34399, -8.46957]}, "properties": {"source": "MODIS", "date": "2026-10-09", "time": "2252", "frp": "20.86", "confidence": "79"}}, {"type": "Feature", "geometry": {"type": "Point", "coordinates": [147.1582, -8.4067]}, "properties": {"source": "MODIS", "date": "2026-10-09", "time": "2252", "frp": "7.72", "confidence": "54"}}]}