{"type": "FeatureCollection", "features": [{"type": "Feature", "properties": {"name": "Central Province", "level": "province"}, "geometry": {"type": "MultiPolygon", "coordinates": [[[[149.5796, -10.40566], [149.57925, -10.405], [149.57812, -10.40489], [149.57693, -10.40501], [149.57657, -10.4053], [149.57664, -10.40559], [149.57796, -10.406], [149.57896, -10.40616], [149.5796, -10.40566]]], [[[149.36354, -10.40851], [149.36326, -10.40626], [149.36325, -10.40389], [149.36286, -10.40363], [149.36209, -10.40389], [149.36113, -10.40483], [149.36035, -10.40591], [149.36035, -10.40678], [149.36209, -10.40851], [149.36354, -10.40851]]], [[[149.36265, -10.39611], [149.36289, -10.39595], [149.36295, -10.39553], [149.3622, -10.39512], [149.36149, -10.39517], [149.3613, -10.39558], [149.3615, -10.39611], [149.36265, -10.39611]]], [[[149.45903, -10.39079], [149.45787, -10.38993], [149.45511, -10.39109], [149.4538, -10.3908], [149.45235, -10.39109], [149.45148, -10.39224], [149.45148, -10.3934], [149.45527, -10.39656], [149.4573, -10.39685], [149.45846, -10.39598], [149.45933, -10.39483], [149.45903, -10.39079]]], [[[149.35624, -10.37996], [149.35533, -10.37974], [149.35451, -10.37997], [149.35364, -10.38429], [149.35219, -10.38631], [149.35161, -10.3879], [149.3522, -10.38948], [149.35801, -10.39438], [149.35944, -10.39489], [149.36047, -10.39495], [149.36085, -10.39417], [149.36091, -10.39308], [149.36018, -10.38991], [149.36017, -10.38558], [149.36119, -10.38342], [149.3606, -10.38256], [149.35973, -10.38256], [149.35624, -10.37996]]], [[[149.6047, -10.36199], [149.60356, -10.36075], [149.60179, -10.35969], [149.60121, -10.35969], [149.5986, -10.36172], [149.59891, -10.36238], [149.59947, -10.36287], [149.6021, -10.36265], [149.6047, -10.36286], [149.6047, -10.36199]]], [[[149.37043, -10.35342], [149.37101, -10.35255], [149.36927, -10.35198], [149.36811, -10.35227], [149.36753, -10.35313], [149.36855, -10.35357], [149.37043, -10.35342]]], [[[149.34894, -10.3448], [149.34865, -10.34335], [149.34662, -10.34162], [149.34342, -10.34163], [149.34197, -10.34249], [149.34226, -10.34422], [149.34343, -10.34538], [149.34807, -10.34566], [149.34894, -10.3448]]], [[[149.32715, -10.3304], [149.32744, -10.32939], [149.32657, -10.32636], [149.32482, -10.32406], [149.3225, -10.32262], [149.32134, -10.32262], [149.32047, -10.32377], [149.32047, -10.32493], [149.3241, -10.32766], [149.32628, -10.33069], [149.32715, -10.3304]]], [[[148.89208, -10.31838], [148.89206, -10.31786], [148.89179, -10.31723], [148.88889, -10.31463], [148.88831, -10.31463], [148.88755, -10.31526], [148.88657, -10.31607], [148.88657, -10.31665], [148.88744, -10.31752], [148.89005, -10.31781], [148.89121, -10.31867], [148.89208, -10.31838]]], [[[149.39359, -10.30784], [149.39329, -10.30668], [149.39242, -10.30582], [149.39155, -10.30582], [149.39126, -10.3064], [149.39184, -10.30755], [149.39272, -10.30841], [149.39359, -10.30784]]], [[[148.40867, -10.24413], [148.40879, -10.24378], [148.40763, -10.24262], [148.4067, -10.24262], [148.40647, -10.2432], [148.40728, -10.24412], [148.40844, -10.24436], [148.40867, -10.24413]]], [[[148.12352, -10.22961], [148.12445, -10.2288], [148.12427, -10.2283], [148.12411, -10.22788], [148.12295, -10.22672], [148.12214, -10.22649], [148.12162, -10.22696], [148.12063, -10.22786], [148.12062, -10.22902], [148.1212, -10.22959], [148.12271, -10.22995], [148.12352, -10.22961]]], [[[148.57527, -10.2123], [148.57542, -10.21164], [148.57489, -10.2112], [148.57449, -10.21107], [148.57251, -10.21106], [148.5718, -10.21143], [148.57158, -10.21187], [148.57216, -10.21245], [148.57483, -10.2128], [148.57527, -10.2123]]], [[[148.74407, -10.21191], [148.74429, -10.21137], [148.74371, -10.21021], [148.74197, -10.20814], [148.74068, -10.20797], [148.73988, -10.20813], [148.73965, -10.20906], [148.74046, -10.21021], [148.74197, -10.21136], [148.7437, -10.21217], [148.74407, -10.21191]]], [[[148.64565, -10.20163], [148.64623, -10.20083], [148.64623, -10.19967], [148.64507, -10.19875], [148.64356, -10.19874], [148.64275, -10.19967], [148.64298, -10.20047], [148.64414, -10.20163], [148.64507, -10.20197], [148.64565, -10.20163]]], [[[148.29226, -10.19822], [148.29226, -10.19765], [148.29192, -10.1973], [148.29018, -10.19706], [148.2882, -10.19705], [148.28786, -10.19729], [148.2882, -10.19821], [148.28901, -10.19879], [148.29134, -10.1988], [148.29226, -10.19822]]], [[[148.73324, -10.19432], [148.73235, -10.19462], [148.72945, -10.19462], [148.72713, -10.19542], [148.72713, -10.196], [148.72864, -10.1975], [148.72828, -10.19981], [148.72863, -10.20119], [148.73095, -10.2035], [148.73176, -10.20327], [148.73351, -10.20039], [148.73501, -10.19924], [148.73618, -10.1989], [148.74198, -10.19891], [148.74546, -10.20041], [148.7472, -10.20041], [148.74802, -10.19949], [148.74743, -10.19868], [148.74222, -10.19579], [148.74082, -10.19544], [148.74024, -10.19486], [148.73758, -10.19463], [148.73467, -10.19462], [148.73324, -10.19432]]], [[[148.30645, -10.18696], [148.30564, -10.18638], [148.30332, -10.18637], [148.30216, -10.18672], [148.30181, -10.1873], [148.30216, -10.18752], [148.30332, -10.18753], [148.30448, -10.1873], [148.30622, -10.18754], [148.30645, -10.18696]]], [[[148.70626, -10.18363], [148.70661, -10.17958], [148.70568, -10.17809], [148.70429, -10.17808], [148.70255, -10.17981], [148.70196, -10.18131], [148.70196, -10.18247], [148.70277, -10.18362], [148.70451, -10.18443], [148.70544, -10.18443], [148.70626, -10.18363]]], [[[148.73447, -10.17236], [148.73215, -10.17236], [148.73099, -10.17293], [148.72809, -10.1727], [148.726, -10.17408], [148.72426, -10.17465], [148.7217, -10.17465], [148.71961, -10.17522], [148.71845, -10.17637], [148.71415, -10.17868], [148.71206, -10.17902], [148.71125, -10.17983], [148.71032, -10.18155], [148.71032, -10.18386], [148.71066, -10.18478], [148.71298, -10.1879], [148.7153, -10.18883], [148.71878, -10.18907], [148.72192, -10.18849], [148.72342, -10.18734], [148.72633, -10.18596], [148.7283, -10.18619], [148.73121, -10.18505], [148.73295, -10.18332], [148.73469, -10.18078], [148.73586, -10.17733], [148.73586, -10.17386], [148.73447, -10.17236]]], [[[148.27802, -10.14242], [148.27792, -10.14188], [148.27734, -10.14165], [148.2771, -10.14195], [148.27699, -10.14245], [148.27734, -10.1428], [148.27792, -10.1428], [148.27802, -10.14242]]], [[[148.28376, -10.14206], [148.28315, -10.14132], [148.28254, -10.14121], [148.28198, -10.14132], [148.28188, -10.14152], [148.28198, -10.14189], [148.28372, -10.14225], [148.28376, -10.14206]]], [[[148.27502, -10.14164], [148.27525, -10.1413], [148.27526, -10.14072], [148.27502, -10.14049], [148.27444, -10.14049], [148.27418, -10.14087], [148.27409, -10.14129], [148.2742, -10.14152], [148.27474, -10.1417], [148.27502, -10.14164]]], [[[148.27947, -10.14124], [148.27967, -10.14073], [148.27951, -10.14043], [148.27909, -10.14016], [148.27851, -10.14015], [148.27816, -10.14073], [148.2785, -10.14131], [148.27908, -10.14166], [148.27947, -10.14124]]], [[[148.27119, -10.14105], [148.27162, -10.14046], [148.27155, -10.14013], [148.27097, -10.1399], [148.27038, -10.14047], [148.27045, -10.14085], [148.27089, -10.14113], [148.27119, -10.14105]]], [[[148.77743, -10.14762], [148.77883, -10.14474], [148.77883, -10.14335], [148.7786, -10.14243], [148.77593, -10.14012], [148.77419, -10.13989], [148.77362, -10.13931], [148.767, -10.1393], [148.76549, -10.13953], [148.76259, -10.14241], [148.76235, -10.14448], [148.76259, -10.14506], [148.76467, -10.1476], [148.76896, -10.15199], [148.76989, -10.152], [148.77221, -10.14969], [148.77337, -10.14969], [148.77476, -10.14877], [148.77627, -10.14877], [148.77743, -10.14762]]], [[[148.28153, -10.13933], [148.28141, -10.13901], [148.28083, -10.13878], [148.28054, -10.13905], [148.28048, -10.13935], [148.28061, -10.13953], [148.28141, -10.13959], [148.28153, -10.13933]]], [[[148.26574, -10.13448], [148.26599, -10.13411], [148.26577, -10.13354], [148.26484, -10.13353], [148.2646, -10.13411], [148.26488, -10.13444], [148.26541, -10.13469], [148.26574, -10.13448]]], [[[148.71596, -10.12884], [148.71561, -10.12827], [148.7119, -10.12826], [148.71016, -10.12883], [148.70923, -10.12964], [148.70981, -10.13056], [148.71247, -10.1308], [148.71596, -10.12884]]], [[[148.25857, -10.12481], [148.25825, -10.12451], [148.25709, -10.12451], [148.25698, -10.12478], [148.25709, -10.12509], [148.25848, -10.12509], [148.25857, -10.12481]]], [[[148.2235, -10.10456], [148.2235, -10.10364], [148.22258, -10.1034], [148.222, -10.10398], [148.22234, -10.10456], [148.2235, -10.10456]]], [[[147.27822, -9.53832], [147.27822, -9.53774], [147.27764, -9.5375], [147.27648, -9.53807], [147.27648, -9.53865], [147.27705, -9.53923], [147.27822, -9.53832]]], [[[147.29347, -9.54222], [147.29348, -9.54107], [147.2921, -9.53875], [147.29212, -9.5361], [147.2912, -9.53552], [147.29038, -9.53644], [147.29059, -9.5399], [147.29208, -9.54221], [147.29266, -9.54279], [147.29347, -9.54222]]], [[[147.28812, -9.52892], [147.28812, -9.528], [147.28721, -9.52569], [147.28549, -9.52279], [147.28434, -9.52279], [147.28376, -9.52336], [147.28375, -9.52429], [147.28489, -9.5266], [147.28696, -9.52949], [147.28753, -9.5295], [147.28812, -9.52892]]], [[[146.8895, -9.42759], [146.89068, -9.42564], [146.89068, -9.42472], [146.88977, -9.42356], [146.88919, -9.42356], [146.8878, -9.42412], [146.88628, -9.42561], [146.88569, -9.42676], [146.88569, -9.42756], [146.88626, -9.42814], [146.88799, -9.4285], [146.8895, -9.42759]]], [[[146.99479, -9.27969], [146.99421, -9.27946], [146.99328, -9.28025], [146.99363, -9.2806], [146.9942, -9.28061], [146.99479, -9.27969]]], [[[146.88001, -9.24072], [146.87944, -9.23991], [146.87852, -9.23956], [146.87677, -9.24104], [146.8748, -9.24103], [146.87387, -9.24183], [146.87387, -9.24275], [146.87502, -9.24334], [146.87594, -9.243], [146.87711, -9.2422], [146.87942, -9.24245], [146.88, -9.24188], [146.88001, -9.24072]]], [[[146.90911, -9.17409], [146.90831, -9.17212], [146.90833, -9.16925], [146.90743, -9.16659], [146.9078, -9.16371], [146.90688, -9.16347], [146.9063, -9.16404], [146.90627, -9.1675], [146.90718, -9.16923], [146.90828, -9.17558], [146.90909, -9.17582], [146.90911, -9.17409]]], [[[146.94299, -9.12859], [146.94277, -9.12802], [146.93664, -9.12797], [146.93582, -9.12912], [146.93663, -9.12993], [146.93813, -9.12994], [146.93894, -9.12937], [146.94218, -9.12939], [146.94299, -9.12859]]], [[[146.92972, -9.12526], [146.92858, -9.12387], [146.92432, -9.12118], [146.92375, -9.12118], [146.92316, -9.12175], [146.92315, -9.12267], [146.9243, -9.12441], [146.92741, -9.12617], [146.9289, -9.12641], [146.92972, -9.12526]]], [[[146.91506, -9.12341], [146.91506, -9.12284], [146.91357, -9.1211], [146.91277, -9.12086], [146.9101, -9.12084], [146.90952, -9.12164], [146.91044, -9.12257], [146.91274, -9.12397], [146.91413, -9.12398], [146.91506, -9.12341]]], [[[146.91539, -9.11016], [146.9154, -9.10935], [146.91517, -9.10901], [146.91193, -9.10898], [146.90996, -9.11069], [146.90995, -9.11161], [146.91075, -9.11243], [146.91225, -9.11244], [146.91539, -9.11016]]], [[[146.96682, -9.08209], [146.96648, -9.08117], [146.96567, -9.08116], [146.96532, -9.08208], [146.96624, -9.08267], [146.96682, -9.08209]]], [[[146.98136, -9.0701], [146.98102, -9.06976], [146.97905, -9.06974], [146.9787, -9.07008], [146.97928, -9.07067], [146.98101, -9.07068], [146.98136, -9.0701]]], [[[146.97516, -9.04931], [146.97482, -9.04896], [146.97286, -9.04894], [146.97285, -9.04952], [146.97365, -9.04987], [146.97481, -9.04988], [146.97516, -9.04931]]], [[[146.98463, -9.05111], [146.98463, -9.05019], [146.98269, -9.04729], [146.98096, -9.04728], [146.97979, -9.04842], [146.9792, -9.04992], [146.97804, -9.05106], [146.97688, -9.05163], [146.97515, -9.05161], [146.97399, -9.05103], [146.97191, -9.05101], [146.97052, -9.05181], [146.97051, -9.05354], [146.97107, -9.05504], [146.97188, -9.05585], [146.9728, -9.05621], [146.97593, -9.0545], [146.97767, -9.05417], [146.97975, -9.05418], [146.98346, -9.05225], [146.98463, -9.05111]]], [[[146.95026, -9.01165], [146.95003, -9.01106], [146.94911, -9.01106], [146.94853, -9.01163], [146.94887, -9.01221], [146.94968, -9.01222], [146.95026, -9.01165]]], [[[146.54391, -8.84236], [146.54391, -8.84155], [146.54311, -8.84063], [146.54278, -8.83947], [146.54313, -8.8389], [146.54488, -8.83719], [146.54457, -8.83372], [146.54724, -8.83202], [146.55016, -8.83108], [146.55071, -8.8309], [146.55131, -8.8286], [146.55041, -8.82628], [146.54986, -8.82317], [146.54873, -8.81993], [146.54794, -8.81854], [146.54588, -8.81587], [146.54131, -8.81099], [146.53707, -8.80772], [146.53557, -8.80748], [146.53443, -8.80631], [146.53247, -8.80629], [146.53016, -8.80535], [146.5296, -8.80396], [146.52963, -8.80073], [146.52736, -8.7961], [146.52739, -8.79299], [146.52625, -8.79125], [146.52626, -8.7901], [146.5265, -8.78953], [146.52398, -8.78685], [146.524, -8.78512], [146.52286, -8.78373], [146.52289, -8.7805], [146.52117, -8.7791], [146.51737, -8.77849], [146.5145, -8.77639], [146.51334, -8.77638], [146.51217, -8.77809], [146.51215, -8.7804], [146.51361, -8.78537], [146.51359, -8.78675], [146.5151, -8.79116], [146.51663, -8.79485], [146.51809, -8.79982], [146.51979, -8.80352], [146.52, -8.80525], [146.52091, -8.80676], [146.52203, -8.81046], [146.52256, -8.81507], [146.52335, -8.81773], [146.52505, -8.8212], [146.52767, -8.8255], [146.52992, -8.83105], [146.53164, -8.8328], [146.53245, -8.83303], [146.53416, -8.83478], [146.53506, -8.83709], [146.53815, -8.84035], [146.53963, -8.84232], [146.54193, -8.84326], [146.54309, -8.84328], [146.54391, -8.84236]]], [[[146.64886, -7.76551], [146.64742, -7.76912], [146.64413, -7.77253], [146.64443, -7.7731], [146.64559, -7.77424], [146.6456, -7.7751], [146.64502, -7.77567], [146.64185, -7.77627], [146.64042, -7.77829], [146.64014, -7.77972], [146.63756, -7.78232], [146.6341, -7.78463], [146.63122, -7.78551], [146.6295, -7.78753], [146.62894, -7.79011], [146.62722, -7.79156], [146.62491, -7.79186], [146.62032, -7.79591], [146.61917, -7.7982], [146.61716, -7.79994], [146.61601, -7.79994], [146.61485, -7.7991], [146.61384, -7.79619], [146.6079, -7.79541], [146.60675, -7.79686], [146.60706, -7.79915], [146.60591, -7.80031], [146.60418, -7.80117], [146.6019, -7.80377], [146.6002, -7.80752], [146.5979, -7.80954], [146.59559, -7.80927], [146.59328, -7.80842], [146.59183, -7.807], [146.59066, -7.80529], [146.59036, -7.80386], [146.5889, -7.80243], [146.58688, -7.80159], [146.58342, -7.8019], [146.5794, -7.80422], [146.57682, -7.80711], [146.57598, -7.81056], [146.57455, -7.812], [146.5734, -7.81258], [146.57081, -7.81289], [146.56793, -7.81262], [146.56561, -7.81178], [146.56243, -7.8118], [146.55668, -7.81357], [146.55322, -7.81359], [146.55207, -7.81503], [146.55153, -7.8202], [146.5504, -7.82279], [146.54954, -7.82365], [146.5481, -7.82453], [146.54522, -7.82512], [146.54408, -7.82627], [146.54322, -7.828], [146.54324, -7.83001], [146.54239, -7.83173], [146.5398, -7.83405], [146.53549, -7.83637], [146.53349, -7.8384], [146.53158, -7.842], [146.52919, -7.84244], [146.52748, -7.84446], [146.52691, -7.84619], [146.52547, -7.84734], [146.52288, -7.84823], [146.52289, -7.84966], [146.52463, -7.85108], [146.52522, -7.85279], [146.52495, -7.85567], [146.52439, -7.85682], [146.5218, -7.85798], [146.5218, -7.85884], [146.52239, -7.85941], [146.52441, -7.85912], [146.52585, -7.85968], [146.52587, -7.86139], [146.525, -7.86227], [146.52385, -7.86227], [146.52271, -7.86372], [146.52302, -7.86715], [146.5213, -7.86831], [146.5213, -7.86889], [146.52189, -7.86974], [146.5216, -7.8706], [146.52017, -7.87233], [146.52047, -7.87348], [146.52434, -7.876], [146.5234, -7.88006], [146.51816, -7.88556], [146.51623, -7.88584], [146.51537, -7.88671], [146.51421, -7.887], [146.51363, -7.88644], [146.51363, -7.885], [146.51305, -7.88443], [146.51189, -7.88444], [146.51075, -7.88616], [146.51106, -7.88961], [146.50682, -7.89497], [146.50443, -7.89052], [146.50328, -7.89024], [146.50241, -7.89082], [146.50273, -7.89426], [146.50216, -7.89541], [146.5013, -7.89599], [146.49927, -7.89457], [146.49812, -7.89601], [146.49815, -7.89887], [146.497, -7.90003], [146.49613, -7.90032], [146.49268, -7.90064], [146.49218, -7.90118], [146.48867, -7.90497], [146.48839, -7.90698], [146.48927, -7.9084], [146.4887, -7.90984], [146.48784, -7.911], [146.48669, -7.91129], [146.48466, -7.90987], [146.4838, -7.90988], [146.48294, -7.91045], [146.48266, -7.91161], [146.4815, -7.91247], [146.47776, -7.91279], [146.47487, -7.91223], [146.47343, -7.91311], [146.4717, -7.91312], [146.47025, -7.91198], [146.4665, -7.91229], [146.46448, -7.91173], [146.46187, -7.90946], [146.46128, -7.90803], [146.45983, -7.90689], [146.45387, -7.90535], [146.45232, -7.90522], [146.4506, -7.90724], [146.44974, -7.90753], [146.44887, -7.90639], [146.44771, -7.9064], [146.44714, -7.90698], [146.44744, -7.90927], [146.44659, -7.91128], [146.44573, -7.91186], [146.44302, -7.91113], [146.44052, -7.91075], [146.43889, -7.90932], [146.43772, -7.90972], [146.43498, -7.91494], [146.38581, -7.91495], [146.38581, -8.08615], [146.38581, -8.20337], [146.38581, -8.48334], [146.38581, -8.58896], [146.38987, -8.59309], [146.39286, -8.59416], [146.39481, -8.59521], [146.39596, -8.59522], [146.39964, -8.59665], [146.40229, -8.59702], [146.40539, -8.59901], [146.40631, -8.59902], [146.4086, -8.60053], [146.40941, -8.60054], [146.41492, -8.60348], [146.41608, -8.60349], [146.41895, -8.6049], [146.4201, -8.60491], [146.42205, -8.60643], [146.42354, -8.60668], [146.42469, -8.60761], [146.42837, -8.6088], [146.43158, -8.61079], [146.43329, -8.61253], [146.43443, -8.61485], [146.43557, -8.61601], [146.44096, -8.61895], [146.44496, -8.62337], [146.44667, -8.62568], [146.447, -8.62684], [146.45328, -8.63405], [146.45432, -8.63579], [146.45522, -8.63729], [146.45784, -8.63985], [146.45955, -8.64218], [146.46011, -8.64368], [146.46433, -8.64914], [146.46523, -8.65122], [146.46775, -8.65436], [146.47037, -8.65726], [146.47209, -8.65843], [146.47323, -8.65994], [146.47552, -8.66169], [146.48033, -8.66658], [146.48468, -8.67008], [146.48696, -8.6724], [146.49038, -8.67681], [146.49061, -8.67762], [146.49347, -8.67995], [146.49576, -8.68228], [146.49724, -8.68437], [146.4995, -8.68923], [146.50201, -8.69271], [146.50292, -8.69364], [146.50488, -8.69389], [146.50815, -8.68966], [146.50801, -8.69144], [146.50766, -8.69277], [146.50891, -8.69485], [146.50891, -8.69566], [146.50808, -8.69715], [146.50692, -8.69795], [146.50656, -8.69909], [146.50771, -8.70003], [146.50863, -8.70004], [146.51116, -8.70122], [146.51437, -8.70355], [146.51975, -8.70902], [146.52147, -8.70961], [146.52296, -8.71078], [146.52318, -8.71228], [146.52465, -8.71517], [146.52487, -8.71656], [146.52691, -8.72038], [146.52803, -8.72385], [146.53053, -8.72848], [146.53108, -8.7316], [146.53104, -8.73506], [146.5316, -8.73713], [146.53421, -8.742], [146.535, -8.74431], [146.53498, -8.74639], [146.53323, -8.74925], [146.5332, -8.75236], [146.53354, -8.75271], [146.53352, -8.75444], [146.53292, -8.75697], [146.53233, -8.75789], [146.53172, -8.76134], [146.52959, -8.76766], [146.52958, -8.76904], [146.53015, -8.76962], [146.5313, -8.7694], [146.53282, -8.76792], [146.53287, -8.76273], [146.53347, -8.76078], [146.53405, -8.75986], [146.53579, -8.75907], [146.53694, -8.75874], [146.53867, -8.75933], [146.54463, -8.76434], [146.54577, -8.76574], [146.5461, -8.76747], [146.54517, -8.76861], [146.54516, -8.76976], [146.54573, -8.77035], [146.54666, -8.76978], [146.54981, -8.76554], [146.55216, -8.76118], [146.55333, -8.76005], [146.55509, -8.75637], [146.5566, -8.75581], [146.5574, -8.75662], [146.55681, -8.75812], [146.55564, -8.75926], [146.5554, -8.76006], [146.55365, -8.76212], [146.55272, -8.76407], [146.55245, -8.76695], [146.55036, -8.76901], [146.55011, -8.77096], [146.55148, -8.7719], [146.55437, -8.77158], [146.55841, -8.77254], [146.55943, -8.77416], [146.56564, -8.77745], [146.56678, -8.77861], [146.56733, -8.78184], [146.56789, -8.78358], [146.56958, -8.78762], [146.56956, -8.78993], [146.56898, -8.79073], [146.56747, -8.79164], [146.56746, -8.79245], [146.56781, -8.79279], [146.56896, -8.79246], [146.57035, -8.79248], [146.57184, -8.79341], [146.57265, -8.79342], [146.57323, -8.79285], [146.57362, -8.7879], [146.57386, -8.78767], [146.57478, -8.78768], [146.57558, -8.78826], [146.57556, -8.79079], [146.57473, -8.79309], [146.57263, -8.79538], [146.57206, -8.79537], [146.57066, -8.79686], [146.5703, -8.79743], [146.57064, -8.79859], [146.57315, -8.80114], [146.57407, -8.80265], [146.57406, -8.8038], [146.57231, -8.80552], [146.56766, -8.80859], [146.5642, -8.80832], [146.56304, -8.80889], [146.56175, -8.81106], [146.56414, -8.81408], [146.5661, -8.81549], [146.56746, -8.81757], [146.56881, -8.81664], [146.56998, -8.81793], [146.57068, -8.81933], [146.57299, -8.81935], [146.57415, -8.81902], [146.57506, -8.8196], [146.57621, -8.82111], [146.57782, -8.82159], [146.57849, -8.82193], [146.57873, -8.82252], [146.57872, -8.82402], [146.57907, -8.82425], [146.57987, -8.82426], [146.58046, -8.82288], [146.58025, -8.82057], [146.58084, -8.82], [146.58164, -8.82001], [146.58257, -8.82059], [146.58429, -8.82084], [146.59007, -8.82066], [146.59205, -8.81895], [146.59379, -8.81805], [146.59611, -8.81634], [146.59821, -8.81405], [146.60056, -8.81004], [146.6008, -8.80866], [146.60174, -8.80717], [146.60176, -8.80521], [146.60086, -8.80232], [146.60087, -8.80117], [146.6018, -8.8006], [146.60295, -8.80119], [146.60315, -8.80407], [146.60372, -8.80488], [146.60404, -8.80835], [146.60518, -8.80951], [146.60516, -8.81216], [146.60422, -8.81353], [146.6042, -8.81583], [146.60512, -8.81642], [146.60768, -8.81414], [146.60803, -8.81334], [146.6092, -8.8122], [146.61003, -8.8099], [146.61004, -8.8084], [146.61215, -8.80531], [146.61239, -8.80381], [146.61297, -8.80324], [146.61392, -8.80071], [146.61393, -8.79922], [146.61337, -8.7984], [146.61362, -8.79633], [146.6142, -8.79519], [146.61688, -8.7929], [146.61712, -8.7921], [146.61863, -8.7905], [146.62036, -8.79155], [146.62034, -8.79236], [146.61884, -8.79327], [146.61651, -8.79555], [146.61569, -8.79693], [146.61533, -8.79865], [146.61566, -8.79958], [146.61565, -8.80188], [146.61528, -8.80326], [146.61387, -8.80613], [146.61435, -8.80993], [146.61404, -8.81247], [146.60741, -8.8191], [146.60565, -8.82138], [146.60471, -8.8231], [146.60501, -8.82887], [146.60578, -8.83234], [146.60552, -8.83579], [146.60434, -8.83924], [146.60083, -8.84381], [146.5999, -8.84461], [146.59851, -8.84518], [146.5962, -8.84515], [146.59411, -8.84606], [146.59271, -8.84777], [146.59236, -8.84835], [146.5927, -8.8495], [146.59406, -8.85148], [146.59405, -8.85297], [146.59322, -8.85527], [146.5917, -8.85698], [146.58914, -8.85869], [146.58683, -8.85948], [146.58533, -8.85946], [146.58452, -8.85922], [146.58109, -8.85516], [146.57883, -8.85492], [146.57382, -8.85509], [146.57244, -8.8545], [146.569, -8.85159], [146.56807, -8.85158], [146.56668, -8.85214], [146.56494, -8.85409], [146.56491, -8.85697], [146.56513, -8.85731], [146.56489, -8.85904], [146.56372, -8.86041], [146.56371, -8.86191], [146.56428, -8.86249], [146.56427, -8.8633], [146.56276, -8.86479], [146.56159, -8.86535], [146.56192, -8.86766], [146.56099, -8.8688], [146.56073, -8.87191], [146.56013, -8.87421], [146.5592, -8.87512], [146.55724, -8.87453], [146.55551, -8.87474], [146.55399, -8.87623], [146.5534, -8.87737], [146.55371, -8.88164], [146.55253, -8.8837], [146.55161, -8.88393], [146.55044, -8.88507], [146.5502, -8.88599], [146.55019, -8.88714], [146.55133, -8.88854], [146.55249, -8.88889], [146.55444, -8.89064], [146.55441, -8.89295], [146.55556, -8.89434], [146.55729, -8.89436], [146.55878, -8.89529], [146.55958, -8.89668], [146.55956, -8.89829], [146.55954, -8.90049], [146.56124, -8.90419], [146.56294, -8.90591], [146.56502, -8.90803], [146.56581, -8.90942], [146.56614, -8.91092], [146.56787, -8.91232], [146.56982, -8.91326], [146.57188, -8.91524], [146.57324, -8.9179], [146.57324, -8.91823], [146.57334, -8.92033], [146.57378, -8.92217], [146.57641, -8.92508], [146.57674, -8.92658], [146.57371, -8.93001], [146.57367, -8.93485], [146.57307, -8.93715], [146.5719, -8.93829], [146.56993, -8.9392], [146.56899, -8.94092], [146.56875, -8.9423], [146.56895, -8.94518], [146.57042, -8.94865], [146.57463, -8.95538], [146.57978, -8.96119], [146.58206, -8.96432], [146.58263, -8.96583], [146.58639, -8.97128], [146.58717, -8.97451], [146.58888, -8.97707], [146.58996, -8.98549], [146.58993, -8.98895], [146.59083, -8.99126], [146.59391, -8.99532], [146.59446, -8.99844], [146.59618, -8.99995], [146.59906, -9.00079], [146.60253, -9.00082], [146.6046, -9.00142], [146.60633, -9.00143], [146.60864, -9.00238], [146.61149, -9.00644], [146.61147, -9.00874], [146.61204, -9.0099], [146.6149, -9.01281], [146.61858, -9.01515], [146.62031, -9.01574], [146.62204, -9.01541], [146.62435, -9.01543], [146.62585, -9.01602], [146.62757, -9.01754], [146.62892, -9.02158], [146.62891, -9.02273], [146.63038, -9.02586], [146.63118, -9.02679], [146.63325, -9.02796], [146.63636, -9.02937], [146.63728, -9.0303], [146.63981, -9.03113], [146.64385, -9.03175], [146.65079, -9.03181], [146.65114, -9.03158], [146.65691, -9.03187], [146.66383, -9.034], [146.66637, -9.03425], [146.67654, -9.03412], [146.6784, -9.03472], [146.68022, -9.0353], [146.68345, -9.03672], [146.68689, -9.03905], [146.68827, -9.04056], [146.69172, -9.04232], [146.6938, -9.04292], [146.70212, -9.04322], [146.70559, -9.04244], [146.70825, -9.04247], [146.71055, -9.04329], [146.71356, -9.04332], [146.71483, -9.04333], [146.72002, -9.04453], [146.72335, -9.04675], [146.72519, -9.04838], [146.72691, -9.04955], [146.73071, -9.05131], [146.73475, -9.05192], [146.73706, -9.05194], [146.73938, -9.05139], [146.7425, -9.05141], [146.74422, -9.052], [146.74767, -9.05457], [146.74997, -9.05551], [146.75171, -9.05576], [146.75436, -9.05555], [146.75749, -9.05466], [146.76272, -9.05182], [146.76596, -9.05127], [146.77232, -9.05133], [146.77831, -9.05288], [146.78407, -9.05546], [146.78638, -9.05583], [146.7881, -9.05665], [146.78926, -9.05666], [146.79306, -9.05819], [146.79731, -9.06053], [146.79996, -9.06228], [146.80282, -9.066], [146.8033, -9.06625], [146.80442, -9.06568], [146.80517, -9.06467], [146.80572, -9.06429], [146.80827, -9.0639], [146.80954, -9.06398], [146.80629, -9.06603], [146.80594, -9.06637], [146.80598, -9.06708], [146.8065, -9.0681], [146.81396, -9.07393], [146.81474, -9.07432], [146.81627, -9.0751], [146.81948, -9.07824], [146.82141, -9.08264], [146.82403, -9.0867], [146.8261, -9.08891], [146.82804, -9.09099], [146.82919, -9.09193], [146.83208, -9.09253], [146.83462, -9.0922], [146.83612, -9.09256], [146.83923, -9.09432], [146.84096, -9.09456], [146.84268, -9.0955], [146.84384, -9.09551], [146.84878, -9.09958], [146.84883, -9.09962], [146.8505, -9.10075], [146.85281, -9.10192], [146.85511, -9.10275], [146.85706, -9.10426], [146.85936, -9.10544], [146.86778, -9.10861], [146.87032, -9.10899], [146.87413, -9.10982], [146.87724, -9.111], [146.88011, -9.11275], [146.88242, -9.1137], [146.88646, -9.11488], [146.89316, -9.11494], [146.8957, -9.11461], [146.89952, -9.11441], [146.90299, -9.11444], [146.90322, -9.11467], [146.90473, -9.11411], [146.90429, -9.11145], [146.90613, -9.11181], [146.90904, -9.10919], [146.91463, -9.10485], [146.91775, -9.10418], [146.92158, -9.10249], [146.92331, -9.1025], [146.92411, -9.10389], [146.92409, -9.10619], [146.92467, -9.10677], [146.92582, -9.10713], [146.9293, -9.10566], [146.93522, -9.10259], [146.93801, -9.10054], [146.9401, -9.09975], [146.94382, -9.0969], [146.94615, -9.09427], [146.94709, -9.09197], [146.94712, -9.08886], [146.9484, -9.08725], [146.95025, -9.08738], [146.95141, -9.08681], [146.95257, -9.08567], [146.95353, -9.08257], [146.95609, -9.07936], [146.95752, -9.07593], [146.95786, -9.07511], [146.95787, -9.07395], [146.95905, -9.07016], [146.95999, -9.06936], [146.96058, -9.06672], [146.96315, -9.06247], [146.96375, -9.06017], [146.96378, -9.05671], [146.96241, -9.05439], [146.96035, -9.05242], [146.95806, -9.0494], [146.95519, -9.04707], [146.95058, -9.04508], [146.94827, -9.04506], [146.94769, -9.04563], [146.94744, -9.04701], [146.94685, -9.04816], [146.94593, -9.04873], [146.94512, -9.04849], [146.94455, -9.04757], [146.94597, -9.04354], [146.94713, -9.0424], [146.94979, -9.04242], [146.95325, -9.0436], [146.9567, -9.04628], [146.95808, -9.0471], [146.95958, -9.04711], [146.96074, -9.04596], [146.96145, -9.04436], [146.96252, -9.04056], [146.96427, -9.0385], [146.96451, -9.03735], [146.96602, -9.03598], [146.96834, -9.03507], [146.97148, -9.03221], [146.97183, -9.03164], [146.97127, -9.02991], [146.96806, -9.02562], [146.96694, -9.02157], [146.96673, -9.01835], [146.96583, -9.01603], [146.9641, -9.01464], [146.96179, -9.01462], [146.96006, -9.01403], [146.95777, -9.01193], [146.95465, -9.01191], [146.95291, -9.01282], [146.95116, -9.01453], [146.95058, -9.01476], [146.9477, -9.01416], [146.94656, -9.013], [146.94657, -9.01069], [146.9474, -9.00759], [146.95005, -9.00957], [146.95201, -9.00993], [146.95352, -9.00902], [146.95759, -9.00536], [146.95875, -9.0048], [146.95933, -9.0048], [146.96047, -9.00712], [146.96044, -9.00965], [146.96124, -9.01139], [146.96297, -9.01255], [146.96412, -9.01256], [146.96563, -9.01119], [146.96587, -9.01062], [146.96474, -9.00772], [146.96359, -9.00622], [146.9636, -9.00564], [146.96452, -9.00542], [146.96624, -9.00716], [146.96682, -9.00717], [146.96923, -9.00926], [146.96758, -9.01351], [146.96756, -9.01582], [146.96871, -9.01721], [146.96868, -9.02101], [146.96925, -9.0224], [146.97096, -9.02472], [146.97268, -9.02623], [146.97301, -9.02854], [146.97657, -9.03156], [146.97609, -9.03375], [146.97434, -9.03662], [146.97119, -9.03971], [146.97002, -9.04143], [146.96967, -9.04257], [146.97, -9.04431], [146.97115, -9.04547], [146.9723, -9.04606], [146.97369, -9.04607], [146.97575, -9.04816], [146.97713, -9.0484], [146.98039, -9.04554], [146.9812, -9.04532], [146.98294, -9.04533], [146.98443, -9.04615], [146.98672, -9.04882], [146.98903, -9.04907], [146.99101, -9.04735], [146.99252, -9.04679], [146.99506, -9.04681], [146.99713, -9.04775], [146.99967, -9.048], [147.00233, -9.04894], [147.00348, -9.04953], [147.00462, -9.05092], [147.00542, -9.053], [147.00517, -9.05438], [147.00538, -9.05727], [147.00595, -9.05819], [147.00688, -9.0582], [147.00828, -9.05591], [147.00888, -9.05384], [147.00868, -9.04865], [147.01043, -9.04728], [147.01449, -9.04558], [147.0153, -9.04559], [147.01587, -9.04616], [147.01586, -9.0479], [147.01619, -9.04905], [147.01815, -9.05044], [147.02045, -9.05104], [147.02137, -9.0522], [147.02136, -9.0537], [147.02193, -9.05486], [147.02445, -9.05718], [147.02433, -9.05903], [147.0234, -9.05936], [147.02213, -9.05912], [147.02075, -9.05773], [147.01985, -9.05507], [147.0187, -9.05333], [147.01675, -9.05216], [147.01388, -9.04926], [147.01272, -9.04925], [147.01179, -9.04982], [147.01095, -9.05419], [147.00969, -9.05727], [147.00884, -9.05936], [147.00743, -9.06074], [147.00686, -9.06108], [147.00513, -9.06049], [147.00364, -9.05818], [147.00366, -9.05587], [147.00344, -9.05414], [147.0023, -9.05263], [146.99942, -9.05088], [146.99677, -9.05028], [146.9933, -9.05025], [146.99133, -9.05059], [146.98843, -9.05195], [146.98634, -9.05343], [146.98553, -9.05423], [146.98459, -9.05595], [146.98458, -9.05687], [146.984, -9.05768], [146.98261, -9.05824], [146.98029, -9.05822], [146.97821, -9.05936], [146.97588, -9.06142], [146.97356, -9.0622], [146.97274, -9.06312], [146.97239, -9.06393], [146.97238, -9.06565], [146.97295, -9.06681], [146.97467, -9.06832], [146.97675, -9.06857], [146.99164, -9.06849], [146.99432, -9.06847], [146.99465, -9.07078], [146.99221, -9.0718], [146.97655, -9.07178], [146.97407, -9.07178], [146.97118, -9.07141], [146.97002, -9.07198], [146.96886, -9.07312], [146.96871, -9.07349], [146.96803, -9.07519], [146.96766, -9.07829], [146.96856, -9.08118], [146.96797, -9.08268], [146.9653, -9.08485], [146.96387, -9.08956], [146.96385, -9.09187], [146.96408, -9.09268], [146.96579, -9.09557], [146.96577, -9.09846], [146.96472, -9.09983], [146.96345, -9.09878], [146.96347, -9.09705], [146.96232, -9.09532], [146.96117, -9.09531], [146.95686, -9.09954], [146.9536, -9.10217], [146.94952, -9.1064], [146.94522, -9.10924], [146.93826, -9.11265], [146.93246, -9.11491], [146.93095, -9.11605], [146.92922, -9.11638], [146.92782, -9.11718], [146.92631, -9.11866], [146.92629, -9.12062], [146.92744, -9.12178], [146.92859, -9.12214], [146.93124, -9.12389], [146.93261, -9.12528], [146.93354, -9.12529], [146.93607, -9.12646], [146.93954, -9.12649], [146.94162, -9.12628], [146.94451, -9.12688], [146.94749, -9.12921], [146.95107, -9.1312], [146.95511, -9.13157], [146.95893, -9.13045], [146.95939, -9.13092], [146.95799, -9.1324], [146.95602, -9.13331], [146.95371, -9.13329], [146.95048, -9.13269], [146.94967, -9.13211], [146.94817, -9.13175], [146.94447, -9.13172], [146.94239, -9.13228], [146.94042, -9.13261], [146.93487, -9.13257], [146.93175, -9.13197], [146.92957, -9.13045], [146.926, -9.12846], [146.92508, -9.12753], [146.92312, -9.1267], [146.91908, -9.12667], [146.91699, -9.12723], [146.91387, -9.12721], [146.9095, -9.12371], [146.90755, -9.12278], [146.90605, -9.12276], [146.90374, -9.12136], [146.9012, -9.12134], [146.89796, -9.12212], [146.89622, -9.12303], [146.8954, -9.12383], [146.89446, -9.12613], [146.89384, -9.13108], [146.89381, -9.13512], [146.89528, -9.13824], [146.89872, -9.1423], [146.90239, -9.14614], [146.90504, -9.14754], [146.90849, -9.15045], [146.91043, -9.15254], [146.91272, -9.15602], [146.91364, -9.15684], [146.91479, -9.15719], [146.91561, -9.15627], [146.9162, -9.15455], [146.91598, -9.15317], [146.91624, -9.14994], [146.91718, -9.14683], [146.91918, -9.14339], [146.92209, -9.14053], [146.92386, -9.13976], [146.92545, -9.13975], [146.92535, -9.14044], [146.92499, -9.14091], [146.92381, -9.1417], [146.92149, -9.14364], [146.92148, -9.14514], [146.92262, -9.14653], [146.92411, -9.14746], [146.92493, -9.14747], [146.92607, -9.14875], [146.9261, -9.14995], [146.9264, -9.1506], [146.92624, -9.15252], [146.92592, -9.1537], [146.92512, -9.15296], [146.9226, -9.14884], [146.92122, -9.14767], [146.9203, -9.14766], [146.91948, -9.14858], [146.91947, -9.15031], [146.92026, -9.15262], [146.92025, -9.15401], [146.92001, -9.15516], [146.91883, -9.15838], [146.9173, -9.16067], [146.91649, -9.16124], [146.9159, -9.16239], [146.9159, -9.16319], [146.91438, -9.16549], [146.91299, -9.16617], [146.91091, -9.16488], [146.90975, -9.16603], [146.90915, -9.1681], [146.90947, -9.17156], [146.9106, -9.17468], [146.91082, -9.17699], [146.91023, -9.17871], [146.90882, -9.18077], [146.90846, -9.18216], [146.9096, -9.18482], [146.90958, -9.18793], [146.90874, -9.19115], [146.90698, -9.19459], [146.9052, -9.20034], [146.90517, -9.20438], [146.90445, -9.20691], [146.90363, -9.20864], [146.90338, -9.21036], [146.9036, -9.2121], [146.90336, -9.21359], [146.9045, -9.21475], [146.90799, -9.21328], [146.90879, -9.21329], [146.90947, -9.21491], [146.9068, -9.21616], [146.90587, -9.2173], [146.90586, -9.2188], [146.90468, -9.22248], [146.90466, -9.22421], [146.90522, -9.22571], [146.90729, -9.22827], [146.90842, -9.23058], [146.90841, -9.23231], [146.90921, -9.23439], [146.91127, -9.23671], [146.91182, -9.2396], [146.91181, -9.24133], [146.91318, -9.24365], [146.91663, -9.24679], [146.91893, -9.2483], [146.92101, -9.24832], [146.92274, -9.24914], [146.92447, -9.24916], [146.92622, -9.24687], [146.92626, -9.24283], [146.92743, -9.24111], [146.92975, -9.23975], [146.93149, -9.23918], [146.93265, -9.23919], [146.9338, -9.24035], [146.934, -9.24289], [146.93377, -9.24381], [146.93224, -9.24668], [146.93223, -9.24749], [146.93257, -9.24864], [146.93314, -9.24957], [146.93314, -9.25038], [146.93162, -9.25267], [146.93107, -9.24898], [146.93027, -9.24782], [146.93052, -9.24517], [146.93227, -9.24322], [146.93262, -9.24265], [146.93262, -9.24207], [146.9317, -9.24149], [146.93054, -9.24148], [146.92822, -9.24342], [146.92818, -9.2478], [146.92561, -9.2509], [146.9218, -9.25087], [146.92099, -9.25028], [146.91868, -9.25061], [146.91774, -9.25141], [146.91716, -9.2529], [146.91724, -9.25671], [146.91654, -9.25751], [146.91654, -9.25832], [146.91513, -9.26096], [146.91475, -9.26499], [146.91531, -9.26684], [146.91415, -9.26729], [146.90896, -9.26517], [146.90758, -9.26493], [146.90203, -9.26489], [146.90121, -9.26546], [146.90062, -9.26684], [146.90061, -9.26834], [146.90199, -9.26973], [146.90372, -9.27032], [146.90636, -9.27207], [146.90947, -9.27359], [146.91178, -9.275], [146.91269, -9.2765], [146.91384, -9.27732], [146.91523, -9.27733], [146.9181, -9.27943], [146.92191, -9.28027], [146.92503, -9.28121], [146.92652, -9.28203], [146.9271, -9.28204], [146.93117, -9.27953], [146.93118, -9.27896], [146.92945, -9.27744], [146.92947, -9.27629], [146.93239, -9.27228], [146.9323, -9.26847], [146.93531, -9.26827], [146.93728, -9.26747], [146.93902, -9.26749], [146.94131, -9.26981], [146.94687, -9.26928], [146.9515, -9.26932], [146.95496, -9.2705], [146.95749, -9.27167], [146.95922, -9.27284], [146.96361, -9.27368], [146.96822, -9.27545], [146.97536, -9.27954], [146.97686, -9.2799], [146.98225, -9.2857], [146.98398, -9.28687], [146.98686, -9.28747], [146.98896, -9.28518], [146.98979, -9.28311], [146.99131, -9.28139], [146.99202, -9.27932], [146.99324, -9.27829], [146.99481, -9.27773], [146.99612, -9.27806], [146.99711, -9.27878], [146.99684, -9.27999], [146.99594, -9.2812], [146.99419, -9.28234], [146.99326, -9.28256], [146.99035, -9.28577], [146.98953, -9.28749], [146.98981, -9.28875], [146.99009, -9.29003], [146.99006, -9.29268], [146.99085, -9.29523], [146.99373, -9.2979], [146.99464, -9.29964], [146.99889, -9.30255], [147.00062, -9.30429], [147.00118, -9.30568], [147.00152, -9.30741], [147.00117, -9.30799], [147.00148, -9.31202], [147.00205, -9.31376], [147.00204, -9.31549], [147.0026, -9.31699], [147.00142, -9.32044], [147.00141, -9.32183], [147.00235, -9.3234], [147.00335, -9.32507], [147.00392, -9.32681], [147.00332, -9.32968], [147.00328, -9.33429], [147.00441, -9.33799], [147.00495, -9.34295], [147.00699, -9.34839], [147.00721, -9.35012], [147.0064, -9.35104], [147.00489, -9.35102], [147.00431, -9.3516], [147.00465, -9.35241], [147.0058, -9.35357], [147.00696, -9.35358], [147.00928, -9.35187], [147.01102, -9.35153], [147.01042, -9.35395], [147.00983, -9.35533], [147.00946, -9.35855], [147.00976, -9.36432], [147.01033, -9.36629], [147.0103, -9.37032], [147.01002, -9.37193], [147.0097, -9.37378], [147.00911, -9.3747], [147.00909, -9.37758], [147.00988, -9.37989], [147.01252, -9.38245], [147.01216, -9.38452], [147.01215, -9.3859], [147.01385, -9.38972], [147.01477, -9.39054], [147.01708, -9.39148], [147.01824, -9.39149], [147.0202, -9.39265], [147.02194, -9.39267], [147.0231, -9.39175], [147.02657, -9.39097], [147.02889, -9.39122], [147.03177, -9.39274], [147.03441, -9.39507], [147.03784, -9.40086], [147.04011, -9.40665], [147.04091, -9.4078], [147.04125, -9.40954], [147.04205, -9.41069], [147.04261, -9.41358], [147.04259, -9.41646], [147.04142, -9.41784], [147.04002, -9.41898], [147.03828, -9.41954], [147.03676, -9.42103], [147.03536, -9.42298], [147.03477, -9.42471], [147.03441, -9.42701], [147.03439, -9.42909], [147.03496, -9.43082], [147.03645, -9.43221], [147.03702, -9.43337], [147.03666, -9.43487], [147.03468, -9.43658], [147.03315, -9.43945], [147.03173, -9.44405], [147.03171, -9.44636], [147.0325, -9.44948], [147.03342, -9.45098], [147.03514, -9.45273], [147.03687, -9.45355], [147.03802, -9.45391], [147.03976, -9.45392], [147.04173, -9.45278], [147.04267, -9.45163], [147.04275, -9.44893], [147.04237, -9.44715], [147.04237, -9.4461], [147.04295, -9.44437], [147.04274, -9.44264], [147.03987, -9.43916], [147.0393, -9.43777], [147.0399, -9.43512], [147.03992, -9.43258], [147.03844, -9.42877], [147.03789, -9.42588], [147.03825, -9.42392], [147.03907, -9.4222], [147.04059, -9.42106], [147.04428, -9.42109], [147.04579, -9.42191], [147.04923, -9.42574], [147.04946, -9.42655], [147.0529, -9.4298], [147.05347, -9.43177], [147.05439, -9.4327], [147.05611, -9.43329], [147.05807, -9.43503], [147.05806, -9.43618], [147.0584, -9.43699], [147.05979, -9.43793], [147.06093, -9.43932], [147.06092, -9.44162], [147.06033, -9.44312], [147.06007, -9.44565], [147.06029, -9.44773], [147.06237, -9.44855], [147.06411, -9.44857], [147.06526, -9.44973], [147.06547, -9.45146], [147.0662, -9.45312], [147.06776, -9.45528], [147.06832, -9.45782], [147.06981, -9.45956], [147.07212, -9.46051], [147.07292, -9.46166], [147.07291, -9.46339], [147.07382, -9.46513], [147.07555, -9.46653], [147.07577, -9.46745], [147.07727, -9.46885], [147.079, -9.46944], [147.08154, -9.46946], [147.08248, -9.46866], [147.08248, -9.46773], [147.08042, -9.46461], [147.07905, -9.4631], [147.07928, -9.46252], [147.08044, -9.46229], [147.0839, -9.46463], [147.08598, -9.46464], [147.08889, -9.46202], [147.09179, -9.46123], [147.0926, -9.46123], [147.0941, -9.4624], [147.09431, -9.46528], [147.09694, -9.47014], [147.09576, -9.47336], [147.09482, -9.47474], [147.09366, -9.47508], [147.0917, -9.47334], [147.08997, -9.47332], [147.0888, -9.47412], [147.0888, -9.47527], [147.08937, -9.4762], [147.09225, -9.47738], [147.09421, -9.47935], [147.09628, -9.48029], [147.09802, -9.4803], [147.09941, -9.47974], [147.10323, -9.47976], [147.10579, -9.47863], [147.10672, -9.47771], [147.10846, -9.47692], [147.10962, -9.47658], [147.11194, -9.4766], [147.11274, -9.47718], [147.1139, -9.47719], [147.11507, -9.47604], [147.1047, -9.46658], [147.0913, -9.45402], [147.09021, -9.45279], [147.08804, -9.45234], [147.0874, -9.45178], [147.08668, -9.45176], [147.0862, -9.45075], [147.08506, -9.45047], [147.08142, -9.44738], [147.07999, -9.44545], [147.07893, -9.44439], [147.07807, -9.44365], [147.07715, -9.44197], [147.07639, -9.44132], [147.07554, -9.4395], [147.07499, -9.43703], [147.07454, -9.43485], [147.07433, -9.43184], [147.07453, -9.42924], [147.07527, -9.42662], [147.07456, -9.42473], [147.07528, -9.42206], [147.07667, -9.41972], [147.07809, -9.41822], [147.07917, -9.41869], [147.08084, -9.41882], [147.0847, -9.41844], [147.08665, -9.41838], [147.0887, -9.41805], [147.09249, -9.41905], [147.09298, -9.41904], [147.09426, -9.4183], [147.09692, -9.41936], [147.09692, -9.39242], [147.12553, -9.38353], [147.1622, -9.35547], [147.18594, -9.3531], [147.19753, -9.35194], [147.19757, -9.35215], [147.19762, -9.3523], [147.19769, -9.35242], [147.1979, -9.35255], [147.19798, -9.35263], [147.19814, -9.35298], [147.19845, -9.35343], [147.19973, -9.3556], [147.19989, -9.35585], [147.19997, -9.35593], [147.20017, -9.356], [147.2005, -9.35623], [147.20067, -9.35627], [147.20167, -9.35623], [147.20187, -9.35621], [147.20246, -9.35607], [147.20265, -9.356], [147.20284, -9.3559], [147.20307, -9.35576], [147.20329, -9.35558], [147.20339, -9.35547], [147.20348, -9.35536], [147.20363, -9.35513], [147.20387, -9.35462], [147.20397, -9.35444], [147.2041, -9.35427], [147.20431, -9.35406], [147.20446, -9.35396], [147.20464, -9.35388], [147.20487, -9.35382], [147.20522, -9.35378], [147.2054, -9.35379], [147.20554, -9.35384], [147.20564, -9.35392], [147.2057, -9.35403], [147.20572, -9.35415], [147.20571, -9.35428], [147.20568, -9.35439], [147.20554, -9.35468], [147.20552, -9.35482], [147.20555, -9.35499], [147.20561, -9.35519], [147.20565, -9.35529], [147.20572, -9.35538], [147.20589, -9.3555], [147.20614, -9.35561], [147.20636, -9.35566], [147.20672, -9.35566], [147.20692, -9.35569], [147.20712, -9.35577], [147.20722, -9.35582], [147.20728, -9.35613], [147.20721, -9.3564], [147.2071, -9.35665], [147.20704, -9.35672], [147.20677, -9.35681], [147.20656, -9.35683], [147.20523, -9.35682], [147.20503, -9.35687], [147.20493, -9.35693], [147.20487, -9.35701], [147.20486, -9.3572], [147.20491, -9.35778], [147.20497, -9.35811], [147.20504, -9.35833], [147.20502, -9.35858], [147.20495, -9.35886], [147.20473, -9.35955], [147.20468, -9.35983], [147.20456, -9.35994], [147.20439, -9.36022], [147.20408, -9.36096], [147.20393, -9.36137], [147.20388, -9.36164], [147.20386, -9.36176], [147.20388, -9.36197], [147.20393, -9.36214], [147.20403, -9.36226], [147.20418, -9.36231], [147.20427, -9.36231], [147.20445, -9.36226], [147.20461, -9.36215], [147.20467, -9.36208], [147.20476, -9.36191], [147.20491, -9.36145], [147.20499, -9.36128], [147.20512, -9.36115], [147.20519, -9.3611], [147.20536, -9.36107], [147.20555, -9.36111], [147.20576, -9.3612], [147.2067, -9.36176], [147.20716, -9.36207], [147.20739, -9.36215], [147.20739, -9.36229], [147.20725, -9.36254], [147.20707, -9.36281], [147.20687, -9.36301], [147.20645, -9.36329], [147.20628, -9.36346], [147.20603, -9.36366], [147.20589, -9.36386], [147.20571, -9.36421], [147.2055, -9.36471], [147.20545, -9.36487], [147.20545, -9.36498], [147.20547, -9.36508], [147.20551, -9.36517], [147.2058, -9.36553], [147.20589, -9.36559], [147.20603, -9.36559], [147.20659, -9.36543], [147.20682, -9.36538], [147.2069, -9.36532], [147.20711, -9.36508], [147.20719, -9.36505], [147.20745, -9.36513], [147.20775, -9.36507], [147.20816, -9.36527], [147.20883, -9.3656], [147.20898, -9.36574], [147.20921, -9.3659], [147.20944, -9.36638], [147.20971, -9.36688], [147.20977, -9.36701], [147.20972, -9.36728], [147.20975, -9.36742], [147.20993, -9.36753], [147.21006, -9.3677], [147.21031, -9.36791], [147.2106, -9.36831], [147.21083, -9.36869], [147.21103, -9.36908], [147.21113, -9.36934], [147.21127, -9.36979], [147.21134, -9.36993], [147.21142, -9.36999], [147.21178, -9.37014], [147.21202, -9.37022], [147.21266, -9.37042], [147.21276, -9.37047], [147.21286, -9.37061], [147.21337, -9.37119], [147.21382, -9.37181], [147.21404, -9.37207], [147.21414, -9.37216], [147.21426, -9.37224], [147.21451, -9.37228], [147.2146, -9.37232], [147.215, -9.37268], [147.21514, -9.3729], [147.21538, -9.37343], [147.21549, -9.37356], [147.21579, -9.37384], [147.21588, -9.3739], [147.21598, -9.37393], [147.21612, -9.37394], [147.2163, -9.37393], [147.21672, -9.37386], [147.21734, -9.3737], [147.21746, -9.3737], [147.21756, -9.37376], [147.21776, -9.37398], [147.21783, -9.37417], [147.21793, -9.37432], [147.21824, -9.3746], [147.21842, -9.37496], [147.21852, -9.37505], [147.21873, -9.37518], [147.21889, -9.37537], [147.21897, -9.37544], [147.21914, -9.3755], [147.21964, -9.37562], [147.21998, -9.37568], [147.22025, -9.37571], [147.22054, -9.37561], [147.22072, -9.37556], [147.22095, -9.37556], [147.22126, -9.37562], [147.22146, -9.37596], [147.22148, -9.37605], [147.22147, -9.37622], [147.22133, -9.37657], [147.22068, -9.37781], [147.22064, -9.37795], [147.22059, -9.3783], [147.2206, -9.37851], [147.22069, -9.37913], [147.22069, -9.37925], [147.22065, -9.37943], [147.22066, -9.37959], [147.22073, -9.3797], [147.22093, -9.37989], [147.22147, -9.38035], [147.22173, -9.38051], [147.22194, -9.38057], [147.22243, -9.38064], [147.22314, -9.38069], [147.22363, -9.38071], [147.22404, -9.3807], [147.22442, -9.38066], [147.22526, -9.38052], [147.22552, -9.38052], [147.22576, -9.38056], [147.22603, -9.38063], [147.22692, -9.38095], [147.2271, -9.38098], [147.22734, -9.38095], [147.22748, -9.38087], [147.22787, -9.38057], [147.22805, -9.38046], [147.22825, -9.38038], [147.22836, -9.38036], [147.22856, -9.38034], [147.22885, -9.38038], [147.22949, -9.38057], [147.23011, -9.38069], [147.23027, -9.38076], [147.23057, -9.38074], [147.2307, -9.38078], [147.23097, -9.38092], [147.23103, -9.381], [147.23113, -9.3812], [147.23118, -9.38133], [147.2312, -9.38142], [147.23117, -9.38152], [147.23104, -9.38168], [147.2309, -9.38179], [147.23061, -9.38199], [147.23043, -9.38217], [147.23036, -9.38234], [147.23042, -9.38244], [147.23055, -9.3825], [147.23072, -9.38255], [147.23159, -9.38267], [147.23197, -9.38275], [147.2328, -9.38304], [147.23297, -9.38305], [147.23319, -9.38302], [147.2334, -9.38294], [147.23349, -9.38288], [147.23357, -9.38281], [147.23362, -9.38272], [147.23368, -9.38253], [147.23372, -9.38236], [147.23373, -9.38161], [147.23375, -9.38146], [147.23382, -9.38129], [147.23387, -9.3812], [147.23394, -9.38111], [147.23402, -9.38104], [147.23412, -9.38099], [147.23423, -9.38096], [147.23435, -9.38095], [147.23447, -9.38097], [147.23469, -9.38103], [147.23495, -9.38115], [147.23588, -9.3817], [147.23603, -9.38175], [147.23619, -9.38176], [147.23638, -9.38173], [147.23737, -9.38144], [147.23759, -9.38135], [147.23769, -9.38129], [147.23775, -9.38122], [147.23782, -9.38104], [147.23782, -9.38092], [147.23779, -9.38077], [147.23773, -9.38062], [147.23749, -9.38024], [147.23744, -9.37999], [147.23744, -9.37905], [147.23748, -9.37836], [147.23768, -9.37817], [147.23789, -9.37804], [147.23808, -9.37797], [147.23878, -9.37779], [147.23915, -9.37768], [147.23942, -9.37756], [147.23958, -9.37748], [147.23967, -9.37741], [147.23974, -9.37715], [147.23973, -9.37705], [147.23969, -9.37683], [147.23963, -9.37671], [147.23944, -9.37652], [147.23873, -9.37598], [147.23843, -9.37569], [147.23835, -9.37557], [147.23828, -9.37542], [147.23824, -9.37518], [147.23829, -9.37502], [147.23837, -9.37492], [147.23859, -9.37461], [147.23896, -9.37414], [147.23931, -9.37373], [147.23964, -9.37343], [147.24097, -9.37238], [147.24148, -9.3721], [147.24189, -9.3719], [147.24272, -9.37156], [147.24385, -9.37115], [147.24436, -9.371], [147.24488, -9.37092], [147.24534, -9.37091], [147.24585, -9.37093], [147.24636, -9.37101], [147.24668, -9.37111], [147.24685, -9.37122], [147.24705, -9.37146], [147.24708, -9.37154], [147.2471, -9.37166], [147.24706, -9.37191], [147.24701, -9.37214], [147.24697, -9.3722], [147.24664, -9.3723], [147.24557, -9.37272], [147.245, -9.3729], [147.24465, -9.3733], [147.24461, -9.3734], [147.24461, -9.37352], [147.24463, -9.3737], [147.24471, -9.37406], [147.24479, -9.3743], [147.24493, -9.37465], [147.2451, -9.37494], [147.24533, -9.37511], [147.24595, -9.37562], [147.24614, -9.3757], [147.24646, -9.37578], [147.24676, -9.3758], [147.24697, -9.37579], [147.24718, -9.37574], [147.24738, -9.37566], [147.24797, -9.37534], [147.24836, -9.37526], [147.24868, -9.37527], [147.2488, -9.3753], [147.24889, -9.37536], [147.24946, -9.37595], [147.24958, -9.3761], [147.24963, -9.37623], [147.24964, -9.37648], [147.24963, -9.3768], [147.24957, -9.37715], [147.24947, -9.3775], [147.24918, -9.37828], [147.249, -9.37887], [147.24898, -9.37902], [147.24918, -9.37911], [147.24928, -9.37916], [147.24962, -9.37945], [147.24979, -9.37957], [147.25055, -9.37993], [147.25072, -9.38002], [147.2508, -9.3801], [147.25088, -9.38022], [147.25104, -9.38033], [147.25122, -9.38108], [147.25127, -9.38154], [147.25126, -9.38189], [147.25117, -9.38306], [147.25118, -9.38341], [147.25127, -9.38397], [147.25131, -9.3843], [147.25138, -9.38446], [147.25146, -9.38456], [147.25165, -9.38471], [147.25181, -9.38482], [147.252, -9.38491], [147.25231, -9.38498], [147.25301, -9.38499], [147.25319, -9.38501], [147.25369, -9.38519], [147.25396, -9.38531], [147.25423, -9.38546], [147.25455, -9.38571], [147.25488, -9.38603], [147.25516, -9.38632], [147.2555, -9.38681], [147.25576, -9.38694], [147.25589, -9.38696], [147.25604, -9.38696], [147.25652, -9.38688], [147.25666, -9.38684], [147.25677, -9.38678], [147.25711, -9.3865], [147.2573, -9.38636], [147.25737, -9.38621], [147.25753, -9.38613], [147.25761, -9.38602], [147.25776, -9.38597], [147.25794, -9.38601], [147.25817, -9.38607], [147.25825, -9.38612], [147.25831, -9.38635], [147.2583, -9.38658], [147.25827, -9.38685], [147.25814, -9.38748], [147.25796, -9.3877], [147.25791, -9.38784], [147.25779, -9.38861], [147.25778, -9.38888], [147.25791, -9.38938], [147.25802, -9.38958], [147.25822, -9.38987], [147.25839, -9.39006], [147.25855, -9.3902], [147.25898, -9.39049], [147.25925, -9.39065], [147.25933, -9.39075], [147.25938, -9.39085], [147.25943, -9.39105], [147.25945, -9.39129], [147.25946, -9.39154], [147.25944, -9.39172], [147.2594, -9.39189], [147.25933, -9.39205], [147.25925, -9.39218], [147.25914, -9.39232], [147.25908, -9.39256], [147.2591, -9.39267], [147.2592, -9.39282], [147.25932, -9.39295], [147.25945, -9.39297], [147.2597, -9.39294], [147.25991, -9.39289], [147.26007, -9.39281], [147.26049, -9.39253], [147.26064, -9.39238], [147.26076, -9.39237], [147.26086, -9.39231], [147.2611, -9.39229], [147.26121, -9.39233], [147.26133, -9.39239], [147.26152, -9.39253], [147.26207, -9.39304], [147.26216, -9.39318], [147.26225, -9.3933], [147.26233, -9.39349], [147.26248, -9.39359], [147.26258, -9.39374], [147.26258, -9.39395], [147.26268, -9.39444], [147.26275, -9.39521], [147.2628, -9.39539], [147.26285, -9.39551], [147.26291, -9.39559], [147.263, -9.39568], [147.26307, -9.39573], [147.26326, -9.39576], [147.26352, -9.39564], [147.26384, -9.39538], [147.26421, -9.39501], [147.26428, -9.39484], [147.26436, -9.39468], [147.2644, -9.39456], [147.26447, -9.39392], [147.26448, -9.39373], [147.26446, -9.3936], [147.26443, -9.39347], [147.26436, -9.39337], [147.26359, -9.39303], [147.26347, -9.39296], [147.2634, -9.39287], [147.26337, -9.39273], [147.26337, -9.39259], [147.26341, -9.39244], [147.2637, -9.39221], [147.26385, -9.39203], [147.26395, -9.39199], [147.26425, -9.39196], [147.26519, -9.39192], [147.26629, -9.39193], [147.2665, -9.3919], [147.26666, -9.39182], [147.26673, -9.39175], [147.26676, -9.39153], [147.26657, -9.39042], [147.26655, -9.39021], [147.26666, -9.39016], [147.26683, -9.38993], [147.26688, -9.38989], [147.26702, -9.38991], [147.26718, -9.38996], [147.26759, -9.39017], [147.26798, -9.39043], [147.26841, -9.39079], [147.26849, -9.39088], [147.26858, -9.39101], [147.26914, -9.39194], [147.26922, -9.39201], [147.26937, -9.39207], [147.2698, -9.39214], [147.27081, -9.39215], [147.27083, -9.40751], [147.28525, -9.40214], [147.285, -9.40357], [147.28409, -9.40481], [147.2834, -9.40658], [147.28312, -9.40785], [147.28314, -9.40923], [147.28375, -9.41118], [147.28395, -9.41232], [147.28387, -9.41353], [147.28345, -9.41521], [147.28201, -9.4173], [147.28136, -9.41983], [147.28087, -9.42273], [147.28071, -9.42434], [147.28116, -9.42694], [147.28192, -9.42922], [147.28314, -9.43155], [147.28432, -9.43318], [147.28506, -9.4356], [147.2859, -9.43997], [147.28666, -9.44227], [147.28878, -9.44602], [147.28987, -9.44879], [147.29106, -9.45058], [147.29201, -9.45332], [147.29281, -9.45705], [147.29347, -9.46239], [147.29499, -9.46614], [147.29499, -9.46667], [147.29499, -9.46743], [147.29381, -9.46803], [147.29334, -9.46885], [147.29332, -9.46959], [147.29394, -9.47161], [147.29422, -9.47288], [147.29407, -9.47626], [147.29446, -9.47907], [147.29432, -9.48208], [147.29431, -9.48478], [147.29392, -9.48678], [147.29458, -9.48848], [147.29441, -9.49306], [147.29513, -9.49456], [147.29623, -9.49573], [147.29684, -9.49614], [147.29695, -9.49681], [147.29646, -9.49757], [147.29478, -9.50146], [147.29404, -9.5028], [147.29414, -9.50436], [147.29141, -9.50358], [147.29082, -9.50496], [147.28674, -9.50931], [147.28615, -9.51069], [147.2859, -9.51415], [147.2882, -9.51682], [147.28901, -9.51705], [147.29165, -9.51937], [147.29279, -9.52204], [147.29475, -9.52378], [147.30065, -9.52544], [147.30226, -9.52556], [147.30457, -9.52673], [147.30549, -9.52789], [147.30572, -9.52904], [147.30547, -9.53043], [147.3057, -9.53158], [147.30742, -9.53309], [147.30776, -9.5354], [147.30833, -9.53655], [147.30913, -9.53714], [147.31064, -9.53738], [147.31313, -9.53721], [147.31585, -9.53661], [147.31643, -9.53603], [147.31668, -9.53454], [147.31784, -9.53339], [147.319, -9.5334], [147.31958, -9.53398], [147.31956, -9.53663], [147.32105, -9.53837], [147.32279, -9.53861], [147.32475, -9.53955], [147.32567, -9.54071], [147.32566, -9.54151], [147.3239, -9.54554], [147.32273, -9.54669], [147.32181, -9.54668], [147.32124, -9.54529], [147.32044, -9.54436], [147.31928, -9.54412], [147.31834, -9.54527], [147.31833, -9.54816], [147.31923, -9.55128], [147.31922, -9.55358], [147.31769, -9.55645], [147.31455, -9.55989], [147.31422, -9.56124], [147.31419, -9.56139], [147.31476, -9.56197], [147.3165, -9.56198], [147.31923, -9.56084], [147.32056, -9.56028], [147.32207, -9.56029], [147.32438, -9.56146], [147.32577, -9.56147], [147.3298, -9.56461], [147.32978, -9.56749], [147.33128, -9.569], [147.33266, -9.56958], [147.33359, -9.56924], [147.33556, -9.56926], [147.33786, -9.57077], [147.33983, -9.57067], [147.34192, -9.5708], [147.34342, -9.57162], [147.34654, -9.57163], [147.3477, -9.57256], [147.34861, -9.57395], [147.34939, -9.57915], [147.35112, -9.58123], [147.35319, -9.58182], [147.35434, -9.58183], [147.35806, -9.58186], [147.36073, -9.58084], [147.3627, -9.58131], [147.36419, -9.58271], [147.36499, -9.58536], [147.36459, -9.58725], [147.36439, -9.58824], [147.36322, -9.58938], [147.36183, -9.58996], [147.35917, -9.59017], [147.3528, -9.58989], [147.35222, -9.59047], [147.35221, -9.59105], [147.35336, -9.59243], [147.35335, -9.59416], [147.35218, -9.59647], [147.35193, -9.59819], [147.35407, -9.59939], [147.35505, -9.59994], [147.35678, -9.60145], [147.36022, -9.60574], [147.36253, -9.60784], [147.36426, -9.60865], [147.36633, -9.61074], [147.3677, -9.61387], [147.3692, -9.61503], [147.37059, -9.61538], [147.37208, -9.61678], [147.37231, -9.6177], [147.37206, -9.62139], [147.37344, -9.6229], [147.37517, -9.62371], [147.37609, -9.62372], [147.37805, -9.62546], [147.38092, -9.62986], [147.38415, -9.63242], [147.38992, -9.63569], [147.39222, -9.63766], [147.39338, -9.63802], [147.39672, -9.64], [147.39913, -9.64462], [147.40143, -9.64729], [147.40315, -9.65019], [147.40452, -9.65389], [147.40542, -9.65735], [147.40541, -9.65922], [147.40541, -9.66], [147.4062, -9.66312], [147.40617, -9.66808], [147.40765, -9.67155], [147.41088, -9.67422], [147.41226, -9.67585], [147.41279, -9.67724], [147.41396, -9.68197], [147.41533, -9.68544], [147.41913, -9.68858], [147.42143, -9.69125], [147.42258, -9.69356], [147.42453, -9.69611], [147.42626, -9.69762], [147.43144, -9.70365], [147.44007, -9.71269], [147.44238, -9.7141], [147.44561, -9.71561], [147.45139, -9.71761], [147.45313, -9.71762], [147.45774, -9.72169], [147.45947, -9.72285], [147.46202, -9.72321], [147.46339, -9.72447], [147.46547, -9.72808], [147.47388, -9.7362], [147.47584, -9.73714], [147.47735, -9.73737], [147.47908, -9.73831], [147.4808, -9.74028], [147.48217, -9.74432], [147.48423, -9.7478], [147.4845, -9.74851], [147.48595, -9.75242], [147.48594, -9.75334], [147.48651, -9.75473], [147.48847, -9.75682], [147.49078, -9.75821], [147.49251, -9.75996], [147.49458, -9.76285], [147.49515, -9.76436], [147.49514, -9.76631], [147.49536, -9.76804], [147.49766, -9.77129], [147.4988, -9.7736], [147.49878, -9.77744], [147.49877, -9.77902], [147.50026, -9.78111], [147.49967, -9.78399], [147.49873, -9.78537], [147.49872, -9.78767], [147.49964, -9.78918], [147.50506, -9.7944], [147.50678, -9.79729], [147.50885, -9.79927], [147.51313, -9.80194], [147.51462, -9.80426], [147.51529, -9.80772], [147.51655, -9.81085], [147.51708, -9.82042], [147.51764, -9.82273], [147.5176, -9.82965], [147.51526, -9.83449], [147.51501, -9.83621], [147.5158, -9.8406], [147.51578, -9.84464], [147.51495, -9.84694], [147.5144, -9.84757], [147.51029, -9.85233], [147.50935, -9.85464], [147.5091, -9.85613], [147.5091, -9.85729], [147.50957, -9.85893], [147.51104, -9.86157], [147.51253, -9.86596], [147.51424, -9.86943], [147.51851, -9.87407], [147.52082, -9.87546], [147.52638, -9.87607], [147.52714, -9.87652], [147.52834, -9.87724], [147.52927, -9.87724], [147.53065, -9.87817], [147.53158, -9.87818], [147.53528, -9.88074], [147.5385, -9.88468], [147.53987, -9.88769], [147.54044, -9.88942], [147.54043, -9.89265], [147.54098, -9.89692], [147.54156, -9.89842], [147.54422, -9.89902], [147.54549, -9.90018], [147.5471, -9.90157], [147.54965, -9.90216], [147.55288, -9.90483], [147.55658, -9.90601], [147.55947, -9.90833], [147.56236, -9.91008], [147.5748, -9.92341], [147.58023, -9.92864], [147.58309, -9.93442], [147.58305, -9.94249], [147.58339, -9.94388], [147.58476, -9.94712], [147.58591, -9.94885], [147.59341, -9.95559], [147.59802, -9.96126], [147.60263, -9.9659], [147.60413, -9.96822], [147.60435, -9.96995], [147.60839, -9.97401], [147.61394, -9.97669], [147.6157, -9.9779], [147.61648, -9.97844], [147.61855, -9.98099], [147.61912, -9.98272], [147.62051, -9.98446], [147.62317, -9.98597], [147.62433, -9.98598], [147.62745, -9.98796], [147.62918, -9.98969], [147.63785, -9.99528], [147.63935, -9.99587], [147.64074, -9.99587], [147.64365, -9.99381], [147.64574, -9.99383], [147.64806, -9.99441], [147.65408, -9.99479], [147.65582, -9.99538], [147.66081, -9.99541], [147.66254, -9.99657], [147.66623, -10.00063], [147.66889, -10.00294], [147.67259, -10.0047], [147.67639, -10.00875], [147.67952, -10.01015], [147.68219, -10.01017], [147.68335, -10.0096], [147.68472, -10.00961], [147.68648, -10.00961], [147.68764, -10.01054], [147.68914, -10.01113], [147.69378, -10.01115], [147.69459, -10.01173], [147.69725, -10.01232], [147.70386, -10.01259], [147.70652, -10.01491], [147.70955, -10.01918], [147.7117, -10.0222], [147.71192, -10.02359], [147.7125, -10.02417], [147.71292, -10.02576], [147.71341, -10.02764], [147.7134, -10.02994], [147.71455, -10.0326], [147.71709, -10.03515], [147.71743, -10.03631], [147.71626, -10.03723], [147.71534, -10.03722], [147.71359, -10.03952], [147.71358, -10.04067], [147.71416, -10.04125], [147.7145, -10.04264], [147.7153, -10.04414], [147.7159, -10.04609], [147.71644, -10.04784], [147.71678, -10.04992], [147.71792, -10.05304], [147.71791, -10.05534], [147.71756, -10.0565], [147.71674, -10.05822], [147.71638, -10.06053], [147.71787, -10.06457], [147.71575, -10.06952], [147.71575, -10.07033], [147.71517, -10.07125], [147.71516, -10.0724], [147.71434, -10.07436], [147.71397, -10.07782], [147.7149, -10.07874], [147.71606, -10.07875], [147.7186, -10.08073], [147.71952, -10.08304], [147.72125, -10.08512], [147.72262, -10.08859], [147.72492, -10.09206], [147.72549, -10.09437], [147.72641, -10.09576], [147.7264, -10.09807], [147.72546, -10.10037], [147.72545, -10.10187], [147.72695, -10.10476], [147.72834, -10.10534], [147.72985, -10.10535], [147.73159, -10.10363], [147.73218, -10.10214], [147.73278, -10.09868], [147.73279, -10.09614], [147.73456, -10.09003], [147.73574, -10.08716], [147.73714, -10.08486], [147.73867, -10.08117], [147.74567, -10.07279], [147.748, -10.0705], [147.75034, -10.06704], [147.75266, -10.06509], [147.75639, -10.06338], [147.75789, -10.06304], [147.76022, -10.06133], [147.76162, -10.0611], [147.76685, -10.05848], [147.76975, -10.05826], [147.77126, -10.05769], [147.77323, -10.0577], [147.77788, -10.05622], [147.78091, -10.05416], [147.78312, -10.05164], [147.78636, -10.05338], [147.78717, -10.05431], [147.79157, -10.05491], [147.79447, -10.05492], [147.79738, -10.05436], [147.80399, -10.05439], [147.81152, -10.05673], [147.81848, -10.057], [147.82311, -10.05852], [147.82693, -10.05854], [147.82821, -10.05964], [147.83121, -10.06225], [147.8341, -10.064], [147.83468, -10.064], [147.83619, -10.06516], [147.83676, -10.06581], [147.84115, -10.07072], [147.84369, -10.07362], [147.84737, -10.07997], [147.84886, -10.08368], [147.84967, -10.0846], [147.85081, -10.08887], [147.85078, -10.09499], [147.85171, -10.09637], [147.85403, -10.09673], [147.85543, -10.09524], [147.8552, -10.09351], [147.85543, -10.09293], [147.8552, -10.09212], [147.85291, -10.08715], [147.85291, -10.08577], [147.85234, -10.08462], [147.852, -10.08231], [147.85179, -10.07769], [147.85203, -10.07561], [147.8518, -10.07446], [147.85263, -10.07135], [147.85439, -10.06674], [147.8579, -10.05984], [147.86, -10.05662], [147.86082, -10.05466], [147.86142, -10.05259], [147.86375, -10.04914], [147.86724, -10.04546], [147.86877, -10.04316], [147.87016, -10.04167], [147.87365, -10.04053], [147.87516, -10.03973], [147.87713, -10.03974], [147.88235, -10.04057], [147.88351, -10.03977], [147.88642, -10.03655], [147.88759, -10.03598], [147.8899, -10.03599], [147.89083, -10.03634], [147.895, -10.03878], [147.89023, -10.04038], [147.88757, -10.04036], [147.88559, -10.04208], [147.88523, -10.04324], [147.88267, -10.04611], [147.88267, -10.04726], [147.8844, -10.04866], [147.88695, -10.04901], [147.88788, -10.0496], [147.88984, -10.05156], [147.89192, -10.05215], [147.89308, -10.05331], [147.89331, -10.05423], [147.89539, -10.05597], [147.89619, -10.05793], [147.89711, -10.05887], [147.89851, -10.05829], [147.89943, -10.05945], [147.89791, -10.06141], [147.89791, -10.06371], [147.90022, -10.06603], [147.90055, -10.06776], [147.90055, -10.06984], [147.90019, -10.07238], [147.90053, -10.0733], [147.90226, -10.07504], [147.89878, -10.0756], [147.89704, -10.0764], [147.89703, -10.07732], [147.89784, -10.07848], [147.89957, -10.07964], [147.89957, -10.08022], [147.89876, -10.08102], [147.89701, -10.08159], [147.89643, -10.08251], [147.89584, -10.08447], [147.89548, -10.08769], [147.89408, -10.08965], [147.89407, -10.09196], [147.89488, -10.09311], [147.89429, -10.09427], [147.89231, -10.09633], [147.88998, -10.09805], [147.88847, -10.09862], [147.885, -10.09769], [147.88384, -10.0971], [147.87978, -10.09651], [147.87549, -10.09649], [147.87143, -10.09532], [147.8697, -10.09392], [147.86761, -10.09391], [147.86563, -10.09529], [147.86215, -10.09562], [147.86041, -10.09676], [147.85947, -10.09849], [147.85748, -10.10079], [147.85748, -10.10252], [147.85829, -10.1031], [147.86177, -10.10311], [147.86328, -10.10197], [147.86444, -10.10163], [147.86816, -10.10142], [147.86932, -10.10084], [147.87083, -10.10085], [147.87222, -10.10028], [147.87629, -10.09995], [147.88185, -10.09998], [147.88533, -10.10173], [147.88765, -10.10173], [147.88939, -10.10117], [147.89113, -10.09979], [147.89578, -10.09773], [147.89718, -10.09658], [147.89927, -10.09602], [147.9016, -10.09603], [147.90334, -10.09523], [147.90624, -10.09524], [147.90798, -10.09468], [147.9103, -10.09468], [147.91378, -10.09355], [147.91808, -10.09357], [147.92016, -10.09496], [147.92248, -10.09532], [147.92364, -10.09497], [147.92446, -10.0944], [147.92615, -10.09421], [147.92945, -10.09385], [147.93058, -10.09474], [147.93545, -10.09941], [147.93662, -10.09942], [147.93836, -10.09827], [147.93837, -10.09596], [147.94068, -10.09736], [147.94207, -10.0999], [147.94044, -10.10024], [147.93893, -10.1], [147.93777, -10.10115], [147.93753, -10.10196], [147.93776, -10.10311], [147.93949, -10.10462], [147.94123, -10.10486], [147.94274, -10.10578], [147.9439, -10.10579], [147.94529, -10.10695], [147.94643, -10.10984], [147.94851, -10.11273], [147.94873, -10.11561], [147.94965, -10.11793], [147.9508, -10.11909], [147.95312, -10.1199], [147.95602, -10.11992], [147.95625, -10.11969], [147.96032, -10.11971], [147.9624, -10.12144], [147.96298, -10.12145], [147.96378, -10.12226], [147.96355, -10.12318], [147.96239, -10.12341], [147.9595, -10.12166], [147.95834, -10.12166], [147.95543, -10.1228], [147.95333, -10.1251], [147.95332, -10.12948], [147.95133, -10.13178], [147.94633, -10.1343], [147.94633, -10.13522], [147.94748, -10.13603], [147.95097, -10.13605], [147.95306, -10.13583], [147.95445, -10.13606], [147.95769, -10.13723], [147.95885, -10.13839], [147.96081, -10.13932], [147.9629, -10.14106], [147.96579, -10.14188], [147.96637, -10.14245], [147.96869, -10.14281], [147.97065, -10.14455], [147.97158, -10.14629], [147.97215, -10.14883], [147.97214, -10.15205], [147.97271, -10.15436], [147.97291, -10.16036], [147.97407, -10.16152], [147.97616, -10.16188], [147.97639, -10.16153], [147.97929, -10.16155], [147.98021, -10.16247], [147.98253, -10.16363], [147.98543, -10.16365], [147.98566, -10.1633], [147.98915, -10.16332], [147.99147, -10.16217], [147.99241, -10.16102], [147.99241, -10.15929], [147.99323, -10.15849], [147.99416, -10.15849], [147.99473, -10.15907], [147.99612, -10.15931], [147.99903, -10.15932], [148.00018, -10.16048], [148.00227, -10.16141], [148.00424, -10.16142], [148.0054, -10.16085], [148.00657, -10.1597], [148.0075, -10.1582], [148.00891, -10.15417], [148.01044, -10.14841], [148.01126, -10.14668], [148.0136, -10.14323], [148.01873, -10.13865], [148.02116, -10.13692], [148.02326, -10.13497], [148.02546, -10.13352], [148.02814, -10.13175], [148.0314, -10.13061], [148.03395, -10.13005], [148.03894, -10.13007], [148.04045, -10.13042], [148.04125, -10.13215], [148.0409, -10.13273], [148.04124, -10.13469], [148.04178, -10.1355], [148.04263, -10.13677], [148.04587, -10.13817], [148.04958, -10.13876], [148.05074, -10.13969], [148.05457, -10.14051], [148.05654, -10.14052], [148.05886, -10.13995], [148.06502, -10.13709], [148.06792, -10.13687], [148.07045, -10.13688], [148.07685, -10.13691], [148.08069, -10.13658], [148.08301, -10.13601], [148.0873, -10.13603], [148.09055, -10.13604], [148.09287, -10.13639], [148.09816, -10.1361], [148.10505, -10.13667], [148.10737, -10.13645], [148.1126, -10.13531], [148.11376, -10.13474], [148.11413, -10.13419], [148.114, -10.13359], [148.11252, -10.13278], [148.11191, -10.1322], [148.11319, -10.13212], [148.11532, -10.13234], [148.11632, -10.13244], [148.12098, -10.12923], [148.12202, -10.12869], [148.12655, -10.12637], [148.13353, -10.12155], [148.13842, -10.1166], [148.14054, -10.11503], [148.14226, -10.11374], [148.14714, -10.11087], [148.15225, -10.10704], [148.15587, -10.10432], [148.16902, -10.09168], [148.17135, -10.08881], [148.17193, -10.08731], [148.17194, -10.08615], [148.17159, -10.08558], [148.16928, -10.08326], [148.16407, -10.07834], [148.16118, -10.07573], [148.15771, -10.07319], [148.15632, -10.07261], [148.15458, -10.0726], [148.15366, -10.07283], [148.14877, -10.07685], [148.14726, -10.07696], [148.1482, -10.07511], [148.1482, -10.07373], [148.14936, -10.07258], [148.1525, -10.07109], [148.15424, -10.07086], [148.15656, -10.07087], [148.15772, -10.07111], [148.15946, -10.07204], [148.16385, -10.07552], [148.16617, -10.07668], [148.16848, -10.07864], [148.16964, -10.07865], [148.17046, -10.07727], [148.16849, -10.07553], [148.16792, -10.07322], [148.16908, -10.07173], [148.17199, -10.0715], [148.17431, -10.07036], [148.17629, -10.06691], [148.1778, -10.06576], [148.1799, -10.06496], [148.18245, -10.06462], [148.18443, -10.06348], [148.18594, -10.0614], [148.1885, -10.05911], [148.19002, -10.056], [148.19002, -10.05507], [148.18944, -10.05392], [148.18945, -10.05219], [148.18968, -10.05196], [148.19025, -10.05186], [148.19084, -10.05196], [148.192, -10.05393], [148.19315, -10.05509], [148.19383, -10.05487], [148.19408, -10.05428], [148.19409, -10.05313], [148.19317, -10.05139], [148.19317, -10.05047], [148.19376, -10.04817], [148.19492, -10.04529], [148.1947, -10.04413], [148.19493, -10.04356], [148.19761, -10.03987], [148.20191, -10.0347], [148.20343, -10.03205], [148.20484, -10.02744], [148.20485, -10.02398], [148.20254, -10.02028], [148.2037, -10.01913], [148.20533, -10.01914], [148.20578, -10.02167], [148.20694, -10.02283], [148.21065, -10.02261], [148.21217, -10.0217], [148.21472, -10.02171], [148.21506, -10.02205], [148.21797, -10.02056], [148.22145, -10.01827], [148.23015, -10.01864], [148.23189, -10.0183], [148.23444, -10.02062], [148.23734, -10.0212], [148.24082, -10.02122], [148.24429, -10.021], [148.24615, -10.02216], [148.24348, -10.0233], [148.23594, -10.02351], [148.23211, -10.02292], [148.22955, -10.02383], [148.22839, -10.02521], [148.22687, -10.02867], [148.22745, -10.02925], [148.23186, -10.02961], [148.23359, -10.03157], [148.23324, -10.03215], [148.23243, -10.03272], [148.23069, -10.03272], [148.22895, -10.03329], [148.22569, -10.03535], [148.22488, -10.03708], [148.22487, -10.03824], [148.22336, -10.04077], [148.22138, -10.04342], [148.22021, -10.04537], [148.21695, -10.04825], [148.21637, -10.05055], [148.21636, -10.05262], [148.21519, -10.05551], [148.21286, -10.0578], [148.20996, -10.05895], [148.20647, -10.06148], [148.2045, -10.06239], [148.2023, -10.06261], [148.20102, -10.06238], [148.19836, -10.05949], [148.19657, -10.0593], [148.19488, -10.05913], [148.19348, -10.0597], [148.19232, -10.06085], [148.19022, -10.06546], [148.18823, -10.06868], [148.18707, -10.06948], [148.18417, -10.07063], [148.18266, -10.07212], [148.18207, -10.07385], [148.18207, -10.07581], [148.18379, -10.08159], [148.18378, -10.08447], [148.18203, -10.08654], [148.17714, -10.09021], [148.17656, -10.09136], [148.17505, -10.09251], [148.17366, -10.09251], [148.17307, -10.09366], [148.17388, -10.09459], [148.17481, -10.09459], [148.1777, -10.09714], [148.17828, -10.09864], [148.18059, -10.10061], [148.18139, -10.10268], [148.18255, -10.1035], [148.18429, -10.10408], [148.18603, -10.10443], [148.18719, -10.10443], [148.18812, -10.10409], [148.19184, -10.1018], [148.19509, -10.10181], [148.19799, -10.10101], [148.20113, -10.09779], [148.20322, -10.09757], [148.20438, -10.09665], [148.2052, -10.09665], [148.20753, -10.09436], [148.20962, -10.09355], [148.21194, -10.09356], [148.21275, -10.09414], [148.21565, -10.09415], [148.21774, -10.09381], [148.22005, -10.09474], [148.22237, -10.09729], [148.22235, -10.10052], [148.22432, -10.10168], [148.22525, -10.10283], [148.22547, -10.10537], [148.2264, -10.10653], [148.22698, -10.10653], [148.22814, -10.10515], [148.22814, -10.10423], [148.22896, -10.10365], [148.23163, -10.10366], [148.23394, -10.10483], [148.23626, -10.10691], [148.2388, -10.11003], [148.24112, -10.11177], [148.24262, -10.11235], [148.24401, -10.11386], [148.24535, -10.11431], [148.24691, -10.11444], [148.24784, -10.1141], [148.24923, -10.1133], [148.25446, -10.11239], [148.25597, -10.11159], [148.25887, -10.1116], [148.26002, -10.11298], [148.26002, -10.11587], [148.25733, -10.1214], [148.25733, -10.12255], [148.25825, -10.12336], [148.25941, -10.12337], [148.2637, -10.12661], [148.2652, -10.12834], [148.26693, -10.13146], [148.27005, -10.13528], [148.27098, -10.13702], [148.27294, -10.13898], [148.27468, -10.13956], [148.27584, -10.13957], [148.27793, -10.13819], [148.2791, -10.13646], [148.27944, -10.13527], [148.27969, -10.13439], [148.28031, -10.1336], [148.28108, -10.13324], [148.28491, -10.13325], [148.2863, -10.1336], [148.2917, -10.1311], [148.29304, -10.13074], [148.29594, -10.13075], [148.29688, -10.13037], [148.29943, -10.12868], [148.30133, -10.12776], [148.30291, -10.12731], [148.30407, -10.12731], [148.30546, -10.12813], [148.30778, -10.12871], [148.30952, -10.12871], [148.3116, -10.1293], [148.31334, -10.13022], [148.31416, -10.13104], [148.31624, -10.13196], [148.31708, -10.13202], [148.31995, -10.1322], [148.32204, -10.13314], [148.32435, -10.13453], [148.32783, -10.13834], [148.32921, -10.13892], [148.33072, -10.13893], [148.33247, -10.13801], [148.33502, -10.13721], [148.33653, -10.13918], [148.33559, -10.14033], [148.33501, -10.14356], [148.33419, -10.14529], [148.33419, -10.14701], [148.33441, -10.14782], [148.3365, -10.15048], [148.33668, -10.15286], [148.33669, -10.1626], [148.33703, -10.16606], [148.33818, -10.16917], [148.33818, -10.1709], [148.33899, -10.17356], [148.34014, -10.17587], [148.34222, -10.17761], [148.34396, -10.17819], [148.34651, -10.17843], [148.34976, -10.17994], [148.35347, -10.18191], [148.35422, -10.18308], [148.35555, -10.18515], [148.35694, -10.18688], [148.35786, -10.18688], [148.36136, -10.18401], [148.366, -10.18252], [148.3689, -10.1823], [148.37203, -10.18231], [148.37378, -10.18254], [148.37667, -10.1852], [148.37934, -10.18579], [148.38131, -10.18579], [148.38746, -10.1872], [148.3894, -10.18831], [148.39117, -10.18986], [148.39348, -10.19298], [148.39463, -10.19564], [148.39693, -10.2028], [148.39867, -10.20603], [148.40017, -10.20719], [148.40249, -10.20777], [148.41063, -10.20283], [148.41899, -10.20055], [148.42108, -10.1994], [148.42341, -10.19883], [148.42596, -10.19884], [148.42886, -10.19803], [148.43325, -10.19805], [148.43333, -10.19805], [148.44047, -10.19829], [148.44545, -10.19946], [148.44975, -10.20005], [148.45462, -10.20043], [148.45729, -10.20065], [148.4588, -10.20123], [148.46425, -10.20217], [148.46866, -10.20391], [148.47121, -10.20449], [148.4733, -10.20449], [148.47794, -10.20393], [148.48282, -10.20279], [148.48688, -10.20279], [148.48862, -10.20222], [148.49187, -10.20189], [148.49884, -10.19959], [148.50371, -10.19961], [148.50646, -10.20022], [148.50893, -10.20077], [148.51161, -10.19997], [148.51567, -10.19998], [148.51607, -10.19978], [148.51625, -10.1994], [148.51431, -10.19773], [148.51417, -10.19744], [148.51684, -10.19675], [148.51765, -10.19618], [148.52055, -10.19561], [148.52206, -10.1948], [148.52461, -10.19481], [148.52671, -10.19446], [148.5281, -10.19332], [148.53159, -10.19159], [148.53391, -10.19102], [148.53797, -10.18907], [148.54145, -10.18792], [148.54413, -10.18793], [148.54726, -10.18643], [148.54935, -10.18506], [148.55051, -10.18356], [148.55017, -10.18298], [148.54878, -10.18298], [148.54703, -10.18413], [148.54123, -10.18677], [148.5389, -10.18677], [148.53601, -10.18584], [148.53444, -10.18645], [148.53392, -10.18641], [148.53322, -10.18537], [148.53367, -10.18475], [148.5345, -10.1841], [148.53682, -10.18388], [148.53833, -10.18446], [148.53891, -10.18503], [148.53972, -10.18527], [148.54321, -10.18355], [148.54529, -10.18332], [148.54948, -10.18091], [148.55111, -10.17929], [148.55227, -10.17872], [148.55714, -10.17838], [148.56005, -10.17781], [148.5633, -10.17643], [148.5638, -10.1759], [148.56411, -10.17528], [148.56388, -10.1749], [148.56353, -10.1747], [148.56263, -10.1746], [148.56156, -10.1747], [148.55889, -10.17585], [148.55656, -10.17665], [148.55541, -10.17665], [148.55459, -10.17607], [148.5546, -10.17491], [148.55599, -10.17238], [148.55866, -10.17089], [148.56412, -10.17067], [148.56521, -10.17094], [148.5669, -10.17067], [148.56702, -10.17241], [148.56794, -10.17414], [148.56875, -10.17494], [148.57084, -10.17587], [148.57165, -10.17669], [148.57455, -10.17819], [148.57606, -10.17842], [148.57837, -10.18016], [148.58243, -10.18455], [148.58243, -10.18628], [148.583, -10.18824], [148.58381, -10.18917], [148.58429, -10.18911], [148.58706, -10.18767], [148.58788, -10.18687], [148.58707, -10.1834], [148.58592, -10.1811], [148.58557, -10.17994], [148.58593, -10.17533], [148.58674, -10.17441], [148.58749, -10.17433], [148.58825, -10.17464], [148.58883, -10.17591], [148.58882, -10.17706], [148.58789, -10.17902], [148.58847, -10.18191], [148.58997, -10.18422], [148.59113, -10.18515], [148.59578, -10.18481], [148.5989, -10.18654], [148.60064, -10.18655], [148.60181, -10.1854], [148.60274, -10.18251], [148.60529, -10.18114], [148.60994, -10.1808], [148.61226, -10.17965], [148.61632, -10.17966], [148.61748, -10.18024], [148.61923, -10.18058], [148.62038, -10.18001], [148.62074, -10.1762], [148.6219, -10.17506], [148.62306, -10.17621], [148.62305, -10.17852], [148.62248, -10.17967], [148.62328, -10.18232], [148.62502, -10.18406], [148.6285, -10.18429], [148.63024, -10.18292], [148.63199, -10.18234], [148.63407, -10.18234], [148.63547, -10.1835], [148.63988, -10.18374], [148.64126, -10.18467], [148.64126, -10.18547], [148.6401, -10.18697], [148.6401, -10.18812], [148.64068, -10.18928], [148.64334, -10.19124], [148.64334, -10.1924], [148.64241, -10.19297], [148.64241, -10.1939], [148.64334, -10.19505], [148.6445, -10.19471], [148.64531, -10.1939], [148.64682, -10.19333], [148.64914, -10.19333], [148.65089, -10.19276], [148.65402, -10.1893], [148.65611, -10.18815], [148.65843, -10.18781], [148.66099, -10.18551], [148.66216, -10.18355], [148.66483, -10.1809], [148.66565, -10.17859], [148.66623, -10.17629], [148.666, -10.17456], [148.66484, -10.1734], [148.66484, -10.17225], [148.66276, -10.17051], [148.65811, -10.1697], [148.65696, -10.16854], [148.65673, -10.16797], [148.65673, -10.16704], [148.65765, -10.16546], [148.65754, -10.16449], [148.65425, -10.16252], [148.65552, -10.16205], [148.65626, -10.162], [148.65727, -10.16204], [148.65805, -10.16324], [148.65847, -10.16462], [148.65847, -10.16682], [148.65905, -10.16797], [148.66079, -10.16797], [148.6616, -10.16855], [148.66276, -10.16855], [148.66566, -10.16994], [148.66659, -10.17087], [148.66798, -10.17145], [148.67088, -10.17145], [148.67297, -10.17088], [148.67877, -10.168], [148.68052, -10.16685], [148.68296, -10.16351], [148.68574, -10.16455], [148.68713, -10.16479], [148.68864, -10.16422], [148.68946, -10.16364], [148.69097, -10.1611], [148.69329, -10.15845], [148.69469, -10.15788], [148.69527, -10.15673], [148.69469, -10.15615], [148.69155, -10.15614], [148.68889, -10.15533], [148.68808, -10.15441], [148.68704, -10.15071], [148.69063, -10.15326], [148.69353, -10.15384], [148.6962, -10.15361], [148.6976, -10.15211], [148.69818, -10.14923], [148.69992, -10.14751], [148.70143, -10.14728], [148.70515, -10.14382], [148.70573, -10.14232], [148.70574, -10.13979], [148.70516, -10.13944], [148.70399, -10.14059], [148.70144, -10.14209], [148.70051, -10.14208], [148.69912, -10.14151], [148.69762, -10.13943], [148.69761, -10.1377], [148.69681, -10.13654], [148.6953, -10.13596], [148.69332, -10.13596], [148.69217, -10.13457], [148.69182, -10.13307], [148.69276, -10.13019], [148.69217, -10.12938], [148.69008, -10.13019], [148.68811, -10.13018], [148.68707, -10.12914], [148.69009, -10.12765], [148.69299, -10.12765], [148.69415, -10.12846], [148.69414, -10.1325], [148.69391, -10.13284], [148.69391, -10.13342], [148.69472, -10.134], [148.69739, -10.134], [148.69913, -10.13574], [148.69912, -10.13747], [148.6997, -10.1392], [148.70109, -10.14001], [148.70226, -10.14001], [148.70341, -10.13944], [148.7055, -10.13713], [148.70574, -10.13655], [148.70574, -10.13483], [148.70436, -10.13136], [148.70343, -10.13055], [148.70111, -10.12559], [148.70089, -10.1242], [148.70112, -10.1227], [148.70112, -10.12017], [148.70089, -10.11902], [148.69996, -10.11844], [148.69857, -10.11901], [148.69532, -10.11901], [148.69509, -10.11923], [148.693, -10.11923], [148.69184, -10.11865], [148.6901, -10.11865], [148.68906, -10.11784], [148.69069, -10.11496], [148.69243, -10.11346], [148.6951, -10.11208], [148.69765, -10.11255], [148.69591, -10.11439], [148.69277, -10.11519], [148.69219, -10.11577], [148.69219, -10.11634], [148.69335, -10.11693], [148.69509, -10.11728], [148.69707, -10.11693], [148.69822, -10.11578], [148.70031, -10.11613], [148.70205, -10.11786], [148.70379, -10.11844], [148.70553, -10.1181], [148.70693, -10.1181], [148.71017, -10.11903], [148.71226, -10.11776], [148.71249, -10.11984], [148.71191, -10.12099], [148.71133, -10.12134], [148.70924, -10.12134], [148.70553, -10.11983], [148.7046, -10.11983], [148.70379, -10.12098], [148.70378, -10.12271], [148.70436, -10.12479], [148.7061, -10.12652], [148.70726, -10.1271], [148.71155, -10.12711], [148.7177, -10.12677], [148.71857, -10.12691], [148.72083, -10.12677], [148.7264, -10.12736], [148.72838, -10.12679], [148.73302, -10.12679], [148.73406, -10.12772], [148.73394, -10.12968], [148.72872, -10.12909], [148.7249, -10.12909], [148.72408, -10.12966], [148.72118, -10.13058], [148.71735, -10.13058], [148.71213, -10.13195], [148.71039, -10.13195], [148.70865, -10.13252], [148.70806, -10.1331], [148.70864, -10.13599], [148.7098, -10.13829], [148.70979, -10.13945], [148.71037, -10.14002], [148.71037, -10.14325], [148.70921, -10.14556], [148.70921, -10.1496], [148.70955, -10.15156], [148.71071, -10.15306], [148.7121, -10.15248], [148.71384, -10.15076], [148.71732, -10.14903], [148.7208, -10.14904], [148.72232, -10.14869], [148.72313, -10.14789], [148.72255, -10.14616], [148.72348, -10.14524], [148.7243, -10.14524], [148.72754, -10.14789], [148.73125, -10.15194], [148.73507, -10.15771], [148.73819, -10.16406], [148.73819, -10.16637], [148.73877, -10.16718], [148.74051, -10.16718], [148.74922, -10.15889], [148.75038, -10.15854], [148.75363, -10.15855], [148.75653, -10.15947], [148.75827, -10.15913], [148.75944, -10.15798], [148.7606, -10.15314], [148.76025, -10.1514], [148.75967, -10.15083], [148.7591, -10.14875], [148.7591, -10.14414], [148.75969, -10.14241], [148.76062, -10.14102], [148.76294, -10.13895], [148.76642, -10.13757], [148.76956, -10.13665], [148.7742, -10.13666], [148.77594, -10.13782], [148.77687, -10.13781], [148.77768, -10.13701], [148.77745, -10.13608], [148.77745, -10.13413], [148.77768, -10.13205], [148.77826, -10.13124], [148.77827, -10.13032], [148.77885, -10.12893], [148.77943, -10.12836], [148.78035, -10.12836], [148.78093, -10.12917], [148.78093, -10.13032], [148.78035, -10.1309], [148.78, -10.13309], [148.77942, -10.13378], [148.77942, -10.13494], [148.78057, -10.1384], [148.78208, -10.14047], [148.78231, -10.14163], [148.78382, -10.14278], [148.7844, -10.14302], [148.78556, -10.14279], [148.78788, -10.14048], [148.7902, -10.13956], [148.79194, -10.13991], [148.79369, -10.13991], [148.7945, -10.13934], [148.80007, -10.13935], [148.80273, -10.14223], [148.80413, -10.14396], [148.80441, -10.14518], [148.80389, -10.14581], [148.803, -10.14578], [148.8018, -10.14477], [148.79948, -10.14188], [148.79891, -10.14165], [148.79716, -10.14188], [148.79623, -10.1428], [148.79659, -10.14338], [148.79623, -10.14476], [148.79542, -10.14476], [148.79333, -10.1428], [148.79252, -10.1428], [148.79159, -10.14499], [148.78753, -10.14533], [148.78579, -10.1459], [148.78266, -10.14625], [148.78115, -10.14705], [148.77859, -10.15027], [148.7765, -10.1505], [148.77569, -10.15108], [148.77395, -10.15084], [148.77279, -10.152], [148.77221, -10.1543], [148.77162, -10.15511], [148.76953, -10.15626], [148.76779, -10.15857], [148.76779, -10.15949], [148.76372, -10.16318], [148.76372, -10.16433], [148.7643, -10.16491], [148.7672, -10.16491], [148.76836, -10.16434], [148.77045, -10.16469], [148.77219, -10.16469], [148.77335, -10.16434], [148.77591, -10.16262], [148.778, -10.16181], [148.77974, -10.16181], [148.78113, -10.16297], [148.78089, -10.16527], [148.77683, -10.16931], [148.77683, -10.16988], [148.77474, -10.17161], [148.77392, -10.17392], [148.77392, -10.17588], [148.7745, -10.17646], [148.77624, -10.17646], [148.77996, -10.17531], [148.78146, -10.17508], [148.7846, -10.17509], [148.78553, -10.17532], [148.78692, -10.1774], [148.78865, -10.17855], [148.79016, -10.17878], [148.79132, -10.17971], [148.79132, -10.18109], [148.78958, -10.18167], [148.78726, -10.18028], [148.7846, -10.17705], [148.78053, -10.17704], [148.77798, -10.17796], [148.7745, -10.17819], [148.77299, -10.17761], [148.77183, -10.17622], [148.77218, -10.17334], [148.773, -10.17127], [148.77451, -10.1693], [148.77799, -10.16608], [148.7788, -10.16493], [148.77881, -10.16377], [148.77858, -10.16354], [148.77625, -10.16435], [148.77393, -10.16608], [148.76987, -10.16665], [148.75942, -10.16663], [148.75711, -10.1664], [148.75478, -10.1672], [148.75269, -10.16927], [148.75072, -10.1702], [148.75014, -10.1695], [148.7484, -10.1695], [148.74689, -10.17007], [148.74608, -10.171], [148.74457, -10.17157], [148.74224, -10.1733], [148.74027, -10.1741], [148.73876, -10.1756], [148.73748, -10.17802], [148.7362, -10.18159], [148.73469, -10.1839], [148.73469, -10.18482], [148.73236, -10.18793], [148.72981, -10.18943], [148.72714, -10.19], [148.72423, -10.19115], [148.72249, -10.1923], [148.7211, -10.19368], [148.72225, -10.19541], [148.72399, -10.19542], [148.72597, -10.19404], [148.72946, -10.19289], [148.73178, -10.19255], [148.73502, -10.19255], [148.73677, -10.19313], [148.73932, -10.19314], [148.74141, -10.19348], [148.74512, -10.19522], [148.74743, -10.19696], [148.74918, -10.19695], [148.75034, -10.19661], [148.75185, -10.19546], [148.75359, -10.19465], [148.7544, -10.19465], [148.75533, -10.19546], [148.75533, -10.19604], [148.75475, -10.19662], [148.75208, -10.19719], [148.75184, -10.19777], [148.75242, -10.19834], [148.75382, -10.19812], [148.75939, -10.19836], [148.76194, -10.19986], [148.76461, -10.20067], [148.76809, -10.20356], [148.77088, -10.20475], [148.77145, -10.20529], [148.77041, -10.20644], [148.76925, -10.20679], [148.76646, -10.20632], [148.76519, -10.20333], [148.76461, -10.20274], [148.76368, -10.20274], [148.76228, -10.20182], [148.75846, -10.20158], [148.75671, -10.20066], [148.7559, -10.20066], [148.75532, -10.20008], [148.75382, -10.19985], [148.75242, -10.19984], [148.75033, -10.20065], [148.74694, -10.20292], [148.74604, -10.20353], [148.74255, -10.20329], [148.74047, -10.20121], [148.73989, -10.20098], [148.73792, -10.20098], [148.73524, -10.20178], [148.7335, -10.20328], [148.73292, -10.20443], [148.73327, -10.20582], [148.73443, -10.20697], [148.73617, -10.20755], [148.73698, -10.20732], [148.73849, -10.20559], [148.73988, -10.20502], [148.74197, -10.20502], [148.74288, -10.20522], [148.74371, -10.2056], [148.74661, -10.20791], [148.7468, -10.20855], [148.74661, -10.20929], [148.74568, -10.21022], [148.74579, -10.21085], [148.74626, -10.21137], [148.74709, -10.21155], [148.748, -10.21138], [148.75009, -10.21045], [148.75306, -10.21074], [148.7538, -10.21138], [148.75305, -10.21227], [148.75009, -10.21368], [148.74742, -10.21311], [148.74451, -10.2131], [148.74428, -10.21333], [148.74196, -10.21333], [148.7408, -10.21252], [148.73987, -10.21251], [148.73964, -10.21332], [148.74045, -10.21425], [148.74311, -10.21852], [148.74334, -10.22025], [148.74486, -10.22175], [148.74566, -10.22314], [148.74682, -10.22694], [148.74716, -10.22925], [148.74716, -10.23271], [148.74507, -10.2364], [148.74565, -10.23756], [148.74658, -10.23756], [148.74931, -10.23485], [148.75006, -10.2341], [148.75494, -10.23157], [148.7648, -10.23009], [148.77096, -10.2301], [148.77583, -10.23126], [148.77908, -10.23299], [148.78129, -10.23311], [148.78245, -10.23427], [148.78662, -10.23854], [148.79091, -10.24166], [148.79381, -10.24489], [148.79496, -10.24743], [148.7959, -10.24836], [148.79822, -10.24859], [148.80112, -10.24513], [148.80252, -10.24375], [148.806, -10.24168], [148.80774, -10.2411], [148.80949, -10.24087], [148.81099, -10.23995], [148.81471, -10.23915], [148.81703, -10.23915], [148.81819, -10.23858], [148.82399, -10.23824], [148.82724, -10.23743], [148.84001, -10.23745], [148.84025, -10.23768], [148.8435, -10.23769], [148.84605, -10.23827], [148.8493, -10.23827], [148.85104, -10.2377], [148.85394, -10.2377], [148.85417, -10.23746], [148.858, -10.23747], [148.86033, -10.2369], [148.86288, -10.2369], [148.87019, -10.23575], [148.87281, -10.23555], [148.87528, -10.23562], [148.88297, -10.23664], [148.89052, -10.23692], [148.90763, -10.24083], [148.9085, -10.2414], [148.91227, -10.24213], [148.91494, -10.24327], [148.91735, -10.24458], [148.91793, -10.24545], [148.92402, -10.24862], [148.92547, -10.24891], [148.93548, -10.25497], [148.93766, -10.25713], [148.93969, -10.26002], [148.94346, -10.26391], [148.94554, -10.26485], [148.95129, -10.27271], [148.95623, -10.27819], [148.96029, -10.28396], [148.96319, -10.28699], [148.96522, -10.28843], [148.96667, -10.28872], [148.97001, -10.28612], [148.98438, -10.27286], [148.98467, -10.272], [148.98829, -10.26839], [148.99091, -10.26724], [148.99352, -10.26436], [148.99729, -10.26248], [149.00019, -10.26004], [149.00178, -10.25802], [149.00222, -10.25686], [149.00353, -10.25557], [149.00803, -10.25384], [149.01252, -10.25096], [149.01455, -10.25038], [149.01687, -10.24894], [149.01803, -10.24721], [149.02137, -10.2475], [149.03602, -10.24115], [149.03718, -10.24], [149.03718, -10.23769], [149.03863, -10.23654], [149.0398, -10.23654], [149.04038, -10.23712], [149.03979, -10.23913], [149.04067, -10.24], [149.04719, -10.23913], [149.04806, -10.23856], [149.06025, -10.23582], [149.06634, -10.23539], [149.07127, -10.23553], [149.07838, -10.23452], [149.08244, -10.23481], [149.08767, -10.23423], [149.09231, -10.23538], [149.09376, -10.23509], [149.09405, -10.23394], [149.09289, -10.2325], [149.09608, -10.23192], [149.09666, -10.23279], [149.10159, -10.23278], [149.10217, -10.23336], [149.10217, -10.23423], [149.09826, -10.23466], [149.09753, -10.23509], [149.09869, -10.23682], [149.10522, -10.2374], [149.10928, -10.23726], [149.11247, -10.23826], [149.11523, -10.2374], [149.11589, -10.23748], [149.11618, -10.23776], [149.11755, -10.23913], [149.12045, -10.23941], [149.12394, -10.23913], [149.12988, -10.24013], [149.13917, -10.241], [149.14338, -10.24172], [149.14454, -10.24258], [149.14831, -10.24431], [149.16122, -10.24617], [149.1663, -10.24776], [149.1724, -10.25035], [149.17835, -10.25367], [149.18053, -10.2564], [149.18082, -10.25785], [149.18053, -10.25813], [149.18082, -10.25842], [149.18024, -10.25929], [149.18024, -10.26131], [149.18082, -10.26217], [149.18256, -10.26332], [149.2007, -10.26663], [149.20302, -10.2675], [149.21028, -10.26893], [149.21797, -10.27109], [149.22378, -10.27426], [149.22682, -10.27469], [149.23379, -10.27786], [149.2396, -10.27944], [149.24758, -10.2826], [149.25295, -10.28664], [149.25949, -10.2898], [149.26181, -10.29038], [149.26399, -10.29167], [149.26791, -10.29614], [149.27168, -10.29873], [149.2744, -10.30013], [149.27778, -10.3019], [149.27923, -10.30219], [149.27981, -10.30161], [149.27945, -10.2999], [149.28007, -10.29949], [149.28091, -10.29969], [149.28159, -10.30062], [149.28242, -10.30231], [149.28359, -10.30305], [149.28953, -10.30174], [149.29237, -10.30145], [149.29374, -10.30131], [149.2994, -10.30231], [149.30724, -10.30447], [149.31103, -10.30598], [149.31406, -10.30735], [149.32031, -10.31138], [149.32394, -10.31454], [149.32685, -10.31483], [149.32807, -10.31375], [149.33148, -10.31136], [149.33308, -10.30916], [149.3396, -10.30213], [149.34279, -10.30126], [149.34453, -10.30011], [149.34511, -10.29895], [149.34481, -10.29636], [149.3451, -10.29434], [149.34742, -10.29102], [149.35002, -10.28828], [149.35206, -10.28712], [149.35467, -10.28683], [149.35887, -10.28452], [149.36192, -10.28221], [149.36279, -10.28135], [149.36312, -10.27961], [149.36336, -10.27759], [149.36442, -10.2763], [149.36888, -10.2773], [149.37033, -10.27874], [149.37004, -10.2796], [149.36917, -10.2799], [149.36743, -10.27874], [149.36655, -10.27874], [149.36569, -10.2799], [149.36598, -10.28105], [149.36728, -10.28206], [149.36946, -10.2822], [149.37338, -10.28479], [149.37585, -10.28767], [149.37586, -10.2894], [149.37513, -10.29099], [149.37499, -10.29257], [149.37557, -10.29373], [149.37731, -10.29546], [149.38196, -10.29603], [149.384, -10.29804], [149.38748, -10.29862], [149.38922, -10.30034], [149.39039, -10.30207], [149.39125, -10.30207], [149.39212, -10.30121], [149.39067, -10.29774], [149.39299, -10.29529], [149.39356, -10.29313], [149.39443, -10.29255], [149.39676, -10.29428], [149.39952, -10.29456], [149.40343, -10.29398], [149.40459, -10.29456], [149.40634, -10.29629], [149.40591, -10.29931], [149.40475, -10.30191], [149.40461, -10.30378], [149.40664, -10.30609], [149.40925, -10.30637], [149.41042, -10.30753], [149.41071, -10.30954], [149.41187, -10.3107], [149.41536, -10.31098], [149.41594, -10.31155], [149.41594, -10.31328], [149.41507, -10.31444], [149.41333, -10.31502], [149.41246, -10.31589], [149.41159, -10.31819], [149.41072, -10.31877], [149.40869, -10.31791], [149.40724, -10.31791], [149.40666, -10.31849], [149.40667, -10.31935], [149.40754, -10.32022], [149.40899, -10.32079], [149.41015, -10.32252], [149.41132, -10.32655], [149.41335, -10.32857], [149.41538, -10.32886], [149.41626, -10.32828], [149.41596, -10.32554], [149.41625, -10.32367], [149.41798, -10.32078], [149.41915, -10.31991], [149.41972, -10.31761], [149.42088, -10.31674], [149.42233, -10.31472], [149.42711, -10.31284], [149.429, -10.31269], [149.43045, -10.31413], [149.43046, -10.31615], [149.42843, -10.31875], [149.42843, -10.31961], [149.42988, -10.32163], [149.4296, -10.32422], [149.43018, -10.3248], [149.43308, -10.3245], [149.43555, -10.32681], [149.43744, -10.32796], [149.44078, -10.32839], [149.44441, -10.3317], [149.44572, -10.33199], [149.45022, -10.33083], [149.45138, -10.33227], [149.45138, -10.33313], [149.45109, -10.33371], [149.44993, -10.334], [149.44848, -10.33285], [149.44732, -10.33285], [149.44703, -10.33342], [149.44892, -10.33558], [149.44921, -10.33645], [149.45023, -10.33775], [149.45343, -10.34034], [149.45372, -10.34178], [149.45256, -10.34294], [149.44399, -10.3405], [149.44153, -10.34064], [149.43892, -10.34266], [149.43485, -10.34296], [149.43312, -10.34541], [149.43022, -10.34787], [149.42746, -10.34859], [149.42587, -10.3496], [149.42587, -10.35105], [149.42645, -10.3522], [149.43023, -10.35479], [149.43197, -10.35507], [149.43386, -10.35363], [149.43661, -10.35219], [149.44242, -10.35189], [149.44474, -10.35361], [149.44997, -10.35418], [149.45171, -10.35591], [149.45287, -10.35591], [149.45549, -10.35793], [149.45723, -10.35821], [149.45868, -10.35936], [149.46101, -10.35994], [149.46376, -10.35777], [149.46536, -10.35704], [149.46594, -10.35618], [149.46477, -10.35503], [149.4639, -10.35503], [149.46274, -10.35388], [149.46215, -10.35042], [149.46128, -10.34955], [149.45867, -10.34869], [149.45663, -10.34552], [149.45692, -10.34321], [149.45546, -10.34149], [149.45575, -10.33976], [149.45835, -10.33629], [149.45952, -10.336], [149.46125, -10.33456], [149.46416, -10.33427], [149.46676, -10.33253], [149.46923, -10.33181], [149.4717, -10.33166], [149.47286, -10.33252], [149.47721, -10.33309], [149.47896, -10.33425], [149.4807, -10.33453], [149.48157, -10.33366], [149.48128, -10.33193], [149.48273, -10.33193], [149.48389, -10.33294], [149.48767, -10.33856], [149.48768, -10.33971], [149.48855, -10.34057], [149.48971, -10.34086], [149.49116, -10.3423], [149.49175, -10.34345], [149.49407, -10.34431], [149.49494, -10.34546], [149.49494, -10.3469], [149.4935, -10.34893], [149.49263, -10.34922], [149.49176, -10.35037], [149.49235, -10.35527], [149.49119, -10.357], [149.48873, -10.35831], [149.48321, -10.3586], [149.48103, -10.35933], [149.4793, -10.36164], [149.4793, -10.36337], [149.48017, -10.36423], [149.48932, -10.36523], [149.49092, -10.36595], [149.49208, -10.36594], [149.49454, -10.36493], [149.49745, -10.36492], [149.50616, -10.36751], [149.5095, -10.36764], [149.51212, -10.36966], [149.51386, -10.36994], [149.51646, -10.36763], [149.51879, -10.36734], [149.52199, -10.36993], [149.52373, -10.36964], [149.52431, -10.36819], [149.52256, -10.36532], [149.52313, -10.3607], [149.52211, -10.35998], [149.51964, -10.35984], [149.51732, -10.35811], [149.51311, -10.35827], [149.50803, -10.35957], [149.50716, -10.36102], [149.50572, -10.36246], [149.50514, -10.36275], [149.49802, -10.36204], [149.49671, -10.36161], [149.49381, -10.35931], [149.49352, -10.35786], [149.49467, -10.35642], [149.49874, -10.35671], [149.4999, -10.35583], [149.49874, -10.35497], [149.49728, -10.35469], [149.49438, -10.35224], [149.49438, -10.35152], [149.49524, -10.35065], [149.49815, -10.34979], [149.4993, -10.34892], [149.50046, -10.34719], [149.5022, -10.34689], [149.50307, -10.34776], [149.50366, -10.34949], [149.50511, -10.35035], [149.50844, -10.34746], [149.51004, -10.34659], [149.5112, -10.34717], [149.51178, -10.34832], [149.51686, -10.3486], [149.5189, -10.34831], [149.52412, -10.34902], [149.52514, -10.34974], [149.52485, -10.35118], [149.52631, -10.35291], [149.52834, -10.35348], [149.52979, -10.35435], [149.53067, -10.3555], [149.53009, -10.35694], [149.53009, -10.35925], [149.53126, -10.36068], [149.53358, -10.36241], [149.53721, -10.36341], [149.54244, -10.36413], [149.54403, -10.36383], [149.54563, -10.36196], [149.54591, -10.35792], [149.54692, -10.3546], [149.54808, -10.35345], [149.55272, -10.352], [149.55532, -10.34825], [149.55982, -10.34723], [149.56243, -10.34607], [149.56968, -10.34461], [149.57171, -10.34447], [149.57374, -10.34461], [149.57665, -10.34547], [149.57854, -10.34561], [149.58332, -10.34459], [149.58942, -10.34458], [149.59015, -10.34472], [149.59378, -10.34788], [149.59974, -10.35162], [149.6038, -10.35219], [149.60729, -10.3516], [149.61076, -10.34958], [149.61265, -10.34929], [149.61541, -10.34957], [149.61599, -10.3487], [149.61483, -10.3477], [149.61511, -10.34726], [149.61918, -10.34697], [149.62092, -10.34552], [149.62217, -10.34312], [149.62295, -10.34667], [149.62382, -10.34754], [149.62556, -10.34782], [149.63035, -10.3468], [149.63253, -10.34579], [149.63775, -10.34578], [149.63833, -10.34606], [149.64718, -10.34446], [149.64855, -10.34434], [149.65255, -10.34401], [149.65763, -10.34443], [149.66222, -10.34456], [149.66771, -10.34472], [149.66771, -10.34298], [149.66771, -10.12474], [149.66766, -10.03466], [149.64076, -10.03465], [149.5691, -10.03465], [149.56007, -10.03317], [149.55435, -10.03323], [149.55231, -10.03336], [149.54902, -10.03387], [149.54668, -10.03452], [149.54489, -10.03488], [149.54262, -10.03491], [149.54088, -10.03446], [149.5379, -10.0332], [149.53612, -10.03222], [149.53409, -10.03085], [149.53205, -10.02981], [149.53019, -10.02904], [149.52787, -10.02888], [149.52532, -10.02886], [149.52198, -10.02835], [149.52005, -10.02779], [149.51915, -10.02705], [149.51849, -10.02549], [149.51777, -10.02393], [149.51685, -10.02324], [149.5156, -10.02294], [149.51368, -10.02315], [149.5122, -10.02313], [149.51124, -10.02181], [149.51081, -10.02073], [149.51005, -10.01973], [149.50893, -10.01853], [149.50859, -10.01786], [149.50864, -10.016], [149.50923, -10.01428], [149.5098, -10.01274], [149.50961, -10.01122], [149.50897, -10.0096], [149.50827, -10.00789], [149.50776, -10.00574], [149.50707, -10.00408], [149.50651, -10.00294], [149.50601, -10.00139], [149.5051, -9.99982], [149.50416, -9.9987], [149.50299, -9.99782], [149.50124, -9.99771], [149.49977, -9.99778], [149.49835, -9.99771], [149.49716, -9.99747], [149.49529, -9.99654], [149.49257, -9.99649], [149.48949, -9.99573], [149.48199, -9.99545], [149.48096, -9.99562], [149.47664, -9.99634], [149.47256, -9.99649], [149.46924, -9.99622], [149.46683, -9.99642], [149.46296, -9.99686], [149.46086, -9.99491], [149.4636, -9.99046], [149.46539, -9.98958], [149.46621, -9.98872], [149.46677, -9.98653], [149.46764, -9.98523], [149.46763, -9.98184], [149.4674, -9.98013], [149.46713, -9.97803], [149.46769, -9.97673], [149.46758, -9.97425], [149.46763, -9.97235], [149.46726, -9.97042], [149.46641, -9.96889], [149.46459, -9.96693], [149.46249, -9.96389], [149.46173, -9.96144], [149.46056, -9.96024], [149.45848, -9.9587], [149.4574, -9.95669], [149.45695, -9.95581], [149.45589, -9.95538], [149.4543, -9.95542], [149.45238, -9.95594], [149.45067, -9.95721], [149.44979, -9.95835], [149.44825, -9.95923], [149.4467, -9.96118], [149.44443, -9.96238], [149.44134, -9.96429], [149.43894, -9.96547], [149.4367, -9.9656], [149.43414, -9.96542], [149.43236, -9.96661], [149.43093, -9.96851], [149.42918, -9.96969], [149.42648, -9.97046], [149.42482, -9.97094], [149.42128, -9.97042], [149.41678, -9.9699], [149.41558, -9.97035], [149.41467, -9.97129], [149.41315, -9.97197], [149.40966, -9.97142], [149.40878, -9.97142], [149.40762, -9.97131], [149.40645, -9.97025], [149.40541, -9.96808], [149.40474, -9.96322], [149.40456, -9.96065], [149.40469, -9.95971], [149.40352, -9.95752], [149.40156, -9.95464], [149.40021, -9.95285], [149.39936, -9.95121], [149.39955, -9.94984], [149.39898, -9.94744], [149.39971, -9.94614], [149.40153, -9.94553], [149.40198, -9.94517], [149.40284, -9.94333], [149.40419, -9.94237], [149.40558, -9.94163], [149.40654, -9.94112], [149.40688, -9.94074], [149.40661, -9.9402], [149.30522, -9.94021], [149.30567, -9.93968], [149.30656, -9.93906], [149.30688, -9.93839], [149.3065, -9.93677], [149.30607, -9.93539], [149.30629, -9.93417], [149.30698, -9.93357], [149.30839, -9.93323], [149.30882, -9.93243], [149.30876, -9.93096], [149.30922, -9.92937], [149.31104, -9.92512], [149.3124, -9.92452], [149.3129, -9.9238], [149.3129, -9.92273], [149.31343, -9.92266], [149.31445, -9.9222], [149.31501, -9.92069], [149.31525, -9.91949], [149.31624, -9.91824], [149.31672, -9.91661], [149.31715, -9.91512], [149.31728, -9.91392], [149.31795, -9.91352], [149.31787, -9.91238], [149.31773, -9.91143], [149.31744, -9.91], [149.31821, -9.90796], [149.31798, -9.90624], [149.31822, -9.90518], [149.31795, -9.90418], [149.31771, -9.90276], [149.31904, -9.90223], [149.32016, -9.90112], [149.3208, -9.90001], [149.32168, -9.89878], [149.32342, -9.89847], [149.32566, -9.89797], [149.32677, -9.89805], [149.3274, -9.8981], [149.32716, -9.89709], [149.32673, -9.89612], [149.3263, -9.89494], [149.3258, -9.89414], [149.32512, -9.8936], [149.32475, -9.8928], [149.32451, -9.89168], [149.32342, -9.89079], [149.32308, -9.88967], [149.32232, -9.88825], [149.32257, -9.88737], [149.32304, -9.88649], [149.3227, -9.88461], [149.32303, -9.88392], [149.32347, -9.88261], [149.32407, -9.881], [149.32472, -9.87971], [149.32523, -9.87875], [149.32599, -9.87799], [149.32713, -9.87747], [149.32756, -9.87674], [149.32771, -9.87574], [149.32816, -9.87483], [149.32878, -9.87459], [149.32919, -9.87391], [149.32937, -9.87318], [149.33097, -9.87278], [149.33246, -9.87203], [149.33335, -9.87132], [149.33457, -9.87112], [149.33633, -9.86988], [149.33745, -9.86938], [149.33865, -9.86938], [149.33949, -9.86844], [149.34058, -9.86798], [149.34202, -9.8683], [149.34301, -9.8679], [149.34353, -9.86728], [149.34319, -9.86619], [149.34365, -9.86482], [149.34441, -9.86313], [149.34497, -9.86238], [149.34548, -9.86105], [149.34616, -9.86037], [149.34636, -9.85912], [149.34639, -9.85814], [149.34685, -9.85676], [149.34589, -9.85502], [149.34529, -9.85417], [149.34534, -9.85316], [149.34495, -9.8523], [149.34375, -9.85147], [149.34247, -9.85023], [149.34214, -9.8494], [149.34137, -9.84839], [149.34076, -9.84699], [149.3394, -9.84509], [149.33756, -9.8434], [149.33705, -9.84222], [149.33628, -9.84194], [149.33358, -9.84263], [149.33219, -9.8436], [149.33097, -9.84525], [149.33027, -9.84643], [149.32976, -9.84801], [149.32822, -9.84959], [149.32685, -9.85125], [149.32588, -9.85205], [149.32357, -9.8519], [149.32216, -9.85243], [149.32107, -9.85353], [149.3198, -9.85406], [149.3184, -9.85436], [149.31693, -9.85543], [149.31442, -9.85499], [149.31224, -9.85459], [149.31035, -9.85417], [149.30928, -9.85321], [149.30765, -9.85285], [149.30576, -9.85349], [149.30287, -9.85432], [149.30163, -9.85449], [149.29999, -9.85404], [149.29812, -9.85224], [149.29738, -9.85026], [149.29679, -9.84863], [149.29572, -9.84676], [149.295, -9.84456], [149.29562, -9.84234], [149.29596, -9.84027], [149.29512, -9.83843], [149.29367, -9.83685], [149.29162, -9.83553], [149.28958, -9.83473], [149.2875, -9.83401], [149.28651, -9.83364], [149.28502, -9.83356], [149.28259, -9.83417], [149.28035, -9.83466], [149.27838, -9.8346], [149.2767, -9.83483], [149.27518, -9.8353], [149.27345, -9.83628], [149.27113, -9.83642], [149.2692, -9.8361], [149.26759, -9.83616], [149.26526, -9.83723], [149.26278, -9.83861], [149.26029, -9.83987], [149.25808, -9.84063], [149.25599, -9.84089], [149.2533, -9.84014], [149.25151, -9.83932], [149.25007, -9.83929], [149.2486, -9.83837], [149.24749, -9.83653], [149.24699, -9.83471], [149.24697, -9.83146], [149.24687, -9.82925], [149.24692, -9.82697], [149.24708, -9.82408], [149.24737, -9.8199], [149.2473, -9.81669], [149.24721, -9.81387], [149.2466, -9.81217], [149.24446, -9.81205], [149.24366, -9.81171], [149.24361, -9.81071], [149.2443, -9.81002], [149.24529, -9.80825], [149.2457, -9.80647], [149.24545, -9.80518], [149.24329, -9.80429], [149.24175, -9.80446], [149.24073, -9.80518], [149.23872, -9.80687], [149.23788, -9.80834], [149.23716, -9.81014], [149.23648, -9.81161], [149.23582, -9.81393], [149.23454, -9.8158], [149.23251, -9.8169], [149.23062, -9.81674], [149.2283, -9.8153], [149.22721, -9.81518], [149.22558, -9.81677], [149.22434, -9.81803], [149.22304, -9.81805], [149.22162, -9.81719], [149.22191, -9.81463], [149.22295, -9.81185], [149.22398, -9.80997], [149.2244, -9.80825], [149.22576, -9.80517], [149.22542, -9.80304], [149.224, -9.80199], [149.22234, -9.80194], [149.21996, -9.80392], [149.21878, -9.80446], [149.21672, -9.80384], [149.21635, -9.80214], [149.21672, -9.79942], [149.21783, -9.79702], [149.21831, -9.79522], [149.21808, -9.79391], [149.21687, -9.79359], [149.2156, -9.79455], [149.21373, -9.79586], [149.21173, -9.79506], [149.20908, -9.79414], [149.20682, -9.79466], [149.20415, -9.79567], [149.20201, -9.79579], [149.20079, -9.79447], [149.20005, -9.79323], [149.19748, -9.793], [149.19519, -9.79307], [149.19341, -9.79345], [149.1919, -9.79481], [149.18974, -9.79603], [149.18677, -9.7965], [149.18464, -9.79541], [149.18232, -9.79434], [149.18102, -9.79257], [149.1805, -9.79018], [149.18068, -9.78825], [149.17973, -9.78644], [149.17901, -9.78413], [149.1788, -9.78156], [149.17853, -9.77852], [149.17786, -9.77584], [149.17784, -9.77273], [149.17742, -9.77064], [149.17666, -9.7697], [149.17507, -9.76951], [149.17276, -9.76989], [149.17117, -9.77023], [149.16978, -9.77158], [149.16903, -9.77249], [149.16751, -9.77332], [149.1662, -9.77457], [149.16509, -9.77602], [149.1642, -9.77739], [149.16306, -9.77853], [149.16207, -9.77929], [149.16082, -9.77972], [149.1589, -9.77948], [149.15338, -9.77621], [149.15017, -9.77468], [149.14916, -9.77372], [149.14811, -9.7714], [149.14624, -9.76911], [149.14466, -9.76756], [149.14361, -9.76614], [149.1436, -9.76354], [149.14449, -9.75975], [149.14504, -9.75509], [149.14475, -9.75385], [149.14309, -9.75291], [149.14187, -9.75391], [149.14027, -9.75476], [149.13759, -9.75404], [149.1364, -9.75356], [149.13565, -9.7527], [149.13363, -9.75254], [149.13085, -9.7522], [149.12935, -9.75185], [149.12724, -9.75246], [149.12634, -9.75271], [149.1253, -9.75203], [149.12503, -9.75116], [149.12493, -9.75032], [149.12343, -9.74976], [149.12133, -9.74982], [149.12026, -9.75019], [149.11785, -9.75207], [149.11629, -9.75383], [149.11492, -9.75527], [149.11398, -9.75634], [149.11337, -9.75682], [149.11177, -9.75721], [149.1091, -9.75892], [149.10756, -9.76008], [149.10584, -9.76133], [149.1028, -9.76219], [149.10049, -9.76216], [149.09857, -9.76183], [149.09747, -9.762], [149.09603, -9.76229], [149.09518, -9.76365], [149.09453, -9.76548], [149.09365, -9.76681], [149.09269, -9.76863], [149.09248, -9.76982], [149.09142, -9.77125], [149.09053, -9.77209], [149.08744, -9.77115], [149.08497, -9.76997], [149.0838, -9.76947], [149.08287, -9.76858], [149.08066, -9.76868], [149.07898, -9.76914], [149.07706, -9.76972], [149.07303, -9.77243], [149.07241, -9.7749], [149.07207, -9.7764], [149.07111, -9.77758], [149.07073, -9.77918], [149.06994, -9.78063], [149.06855, -9.78165], [149.06762, -9.7843], [149.06756, -9.7867], [149.06766, -9.78922], [149.06574, -9.79145], [149.0643, -9.79304], [149.06236, -9.79571], [149.06135, -9.7972], [149.05993, -9.79881], [149.05892, -9.80027], [149.05832, -9.80089], [149.05505, -9.79945], [149.05224, -9.79915], [149.04989, -9.79825], [149.04816, -9.79661], [149.04624, -9.79485], [149.04312, -9.79364], [149.03971, -9.79336], [149.03723, -9.79358], [149.03522, -9.79442], [149.03332, -9.79497], [149.02975, -9.79417], [149.02684, -9.79354], [149.02379, -9.79409], [149.02142, -9.79355], [149.01937, -9.7934], [149.01699, -9.79349], [149.0146, -9.79355], [149.01292, -9.7937], [149.01107, -9.79283], [149.00942, -9.79214], [149.00771, -9.79129], [149.00648, -9.79045], [149.00537, -9.78941], [149.00458, -9.78848], [149.00192, -9.78756], [149.00035, -9.78609], [148.99911, -9.78317], [148.99791, -9.78074], [148.99685, -9.77938], [148.99461, -9.77779], [148.99213, -9.77583], [148.99162, -9.77378], [148.99111, -9.77252], [148.9905, -9.77148], [148.98817, -9.76993], [148.9877, -9.76754], [148.9873, -9.76681], [148.98617, -9.76604], [148.98143, -9.76408], [148.98023, -9.76345], [148.97958, -9.76258], [148.97809, -9.75923], [148.97444, -9.75659], [148.97288, -9.7554], [148.97193, -9.75354], [148.97191, -9.75118], [148.97254, -9.7488], [148.97049, -9.74942], [148.96879, -9.75], [148.96613, -9.75151], [148.96507, -9.75188], [148.96337, -9.75198], [148.96261, -9.75234], [148.96243, -9.75402], [148.96193, -9.75582], [148.96096, -9.75748], [148.9603, -9.75842], [148.95863, -9.75935], [148.95808, -9.76108], [148.95792, -9.76283], [148.95835, -9.76476], [148.95859, -9.76615], [148.95824, -9.76701], [148.956, -9.76992], [148.95431, -9.77238], [148.9525, -9.7742], [148.95127, -9.77574], [148.9505, -9.77755], [148.95045, -9.77905], [148.95095, -9.78159], [148.95117, -9.78342], [148.95141, -9.78478], [148.95108, -9.78649], [148.95045, -9.78711], [148.94986, -9.78837], [148.94976, -9.78963], [148.95036, -9.7915], [148.95069, -9.79402], [148.95114, -9.79632], [148.9516, -9.79833], [148.95156, -9.80025], [148.9509, -9.80165], [148.95024, -9.80248], [148.95026, -9.80346], [148.95074, -9.80484], [148.95111, -9.80662], [148.95157, -9.80922], [148.95179, -9.81179], [148.95188, -9.8145], [148.95226, -9.81645], [148.95309, -9.81822], [148.95402, -9.81934], [148.95482, -9.8201], [148.95546, -9.82223], [148.9552, -9.82349], [148.95443, -9.82582], [148.95381, -9.82722], [148.95283, -9.82911], [148.95216, -9.83016], [148.95179, -9.83155], [148.95216, -9.83287], [148.95327, -9.83431], [148.95495, -9.83615], [148.95613, -9.83736], [148.9572, -9.83889], [148.95805, -9.84119], [148.95887, -9.84274], [148.95965, -9.8445], [148.9599, -9.84559], [148.95947, -9.84718], [148.9604, -9.84968], [148.96099, -9.85152], [148.96142, -9.85289], [148.96365, -9.85485], [148.96483, -9.85618], [148.96582, -9.85696], [148.96846, -9.85704], [148.97065, -9.85647], [148.97191, -9.85546], [148.97358, -9.85545], [148.97529, -9.85672], [148.97556, -9.8579], [148.97575, -9.85975], [148.97604, -9.86134], [148.97769, -9.86262], [148.97945, -9.86323], [148.98084, -9.86389], [148.98157, -9.86489], [148.98187, -9.86743], [148.9827, -9.86766], [148.98511, -9.86711], [148.98626, -9.8671], [148.98737, -9.86823], [148.98802, -9.86895], [148.98801, -9.87038], [148.98778, -9.87133], [148.98671, -9.87203], [148.98532, -9.87264], [148.9845, -9.8734], [148.98418, -9.87441], [148.98378, -9.87554], [148.98313, -9.87559], [148.98249, -9.87519], [148.98193, -9.8758], [148.98225, -9.87655], [148.98319, -9.87779], [148.98378, -9.87937], [148.98427, -9.87993], [148.98494, -9.8811], [148.98545, -9.88207], [148.98529, -9.88354], [148.9845, -9.88472], [148.98333, -9.88606], [148.98234, -9.88746], [148.98081, -9.88928], [148.98012, -9.89042], [148.97956, -9.89102], [148.98067, -9.89206], [148.98301, -9.89406], [148.98434, -9.89576], [148.98406, -9.89778], [148.98401, -9.89979], [148.98428, -9.90148], [148.98561, -9.90314], [148.98621, -9.90589], [148.98681, -9.90811], [148.98631, -9.91042], [148.98518, -9.91293], [148.98422, -9.91424], [148.9834, -9.91524], [148.98198, -9.91553], [148.9811, -9.91615], [148.9807, -9.91763], [148.97985, -9.91921], [148.97908, -9.92043], [148.97609, -9.91883], [148.97521, -9.91742], [148.97449, -9.91704], [148.97072, -9.91679], [148.96986, -9.91594], [148.96931, -9.91564], [148.96792, -9.91553], [148.96668, -9.91558], [148.9659, -9.91561], [148.96459, -9.91517], [148.96315, -9.91395], [148.96171, -9.91315], [148.96053, -9.91326], [148.95832, -9.91372], [148.95671, -9.91377], [148.95365, -9.91147], [148.95221, -9.91149], [148.95064, -9.91193], [148.94921, -9.91278], [148.94816, -9.91347], [148.94658, -9.91345], [148.94493, -9.91264], [148.9441, -9.91352], [148.9434, -9.91556], [148.94321, -9.91739], [148.94321, -9.91861], [148.94271, -9.92036], [148.94225, -9.92162], [148.94318, -9.92586], [148.94279, -9.92745], [148.94195, -9.92847], [148.94049, -9.92903], [148.93954, -9.92831], [148.93793, -9.92802], [148.93785, -9.92659], [148.93673, -9.92531], [148.93663, -9.92328], [148.93623, -9.92242], [148.93384, -9.92542], [148.9316, -9.92614], [148.92956, -9.92541], [148.92734, -9.92515], [148.92648, -9.92363], [148.92444, -9.92393], [148.92259, -9.92338], [148.9212, -9.92339], [148.92025, -9.9226], [148.91927, -9.92207], [148.91773, -9.92232], [148.9165, -9.92346], [148.91405, -9.92402], [148.91187, -9.92438], [148.90914, -9.92381], [148.90714, -9.92388], [148.905, -9.92303], [148.90244, -9.92212], [148.89796, -9.92344], [148.89508, -9.92432], [148.8921, -9.92443], [148.89033, -9.9256], [148.88847, -9.92719], [148.88844, -9.92872], [148.88687, -9.93002], [148.88396, -9.93149], [148.88172, -9.93257], [148.88032, -9.93403], [148.87985, -9.93541], [148.87865, -9.93647], [148.87734, -9.93678], [148.8759, -9.93861], [148.8743, -9.93875], [148.87216, -9.9392], [148.8708, -9.93719], [148.87102, -9.93635], [148.87141, -9.93533], [148.87142, -9.93259], [148.87075, -9.93221], [148.86871, -9.93205], [148.8668, -9.93126], [148.86448, -9.92949], [148.86312, -9.929], [148.86059, -9.92944], [148.85911, -9.9303], [148.85652, -9.93106], [148.85477, -9.93107], [148.85297, -9.93205], [148.85022, -9.93221], [148.84901, -9.93195], [148.84692, -9.93299], [148.84484, -9.93363], [148.84311, -9.93351], [148.84236, -9.93363], [148.84126, -9.93345], [148.84031, -9.93359], [148.83774, -9.93567], [148.83692, -9.93659], [148.83751, -9.93749], [148.8394, -9.93781], [148.84111, -9.93864], [148.84268, -9.9406], [148.84323, -9.94164], [148.84262, -9.94266], [148.84199, -9.94346], [148.8427, -9.94472], [148.84361, -9.94622], [148.84374, -9.94733], [148.84144, -9.94919], [148.84043, -9.95026], [148.839, -9.95168], [148.8376, -9.95316], [148.83606, -9.95434], [148.83526, -9.95537], [148.83507, -9.95701], [148.83528, -9.95841], [148.83579, -9.96006], [148.83595, -9.96255], [148.83555, -9.96499], [148.83491, -9.96692], [148.83363, -9.96913], [148.83189, -9.97166], [148.83067, -9.97224], [148.82917, -9.97227], [148.82728, -9.97294], [148.82582, -9.97334], [148.82298, -9.9728], [148.82111, -9.9723], [148.81957, -9.97337], [148.81808, -9.97428], [148.81586, -9.97463], [148.81388, -9.97541], [148.81338, -9.97642], [148.81261, -9.97696], [148.81002, -9.97548], [148.80762, -9.97494], [148.80514, -9.9749], [148.80174, -9.97411], [148.80079, -9.97203], [148.80073, -9.96922], [148.79857, -9.96552], [148.79628, -9.96327], [148.79526, -9.9611], [148.79415, -9.96027], [148.79355, -9.96001], [148.7935, -9.9577], [148.79252, -9.95573], [148.79063, -9.95486], [148.79019, -9.95393], [148.79104, -9.95019], [148.79312, -9.9452], [148.79449, -9.94256], [148.79428, -9.93974], [148.79341, -9.93704], [148.79251, -9.93652], [148.79061, -9.9368], [148.78805, -9.93666], [148.78675, -9.93541], [148.78641, -9.93489], [148.7844, -9.93513], [148.78248, -9.93414], [148.78119, -9.93268], [148.77984, -9.93225], [148.77762, -9.93422], [148.77516, -9.93591], [148.77467, -9.93864], [148.77258, -9.94089], [148.77088, -9.94226], [148.76994, -9.94496], [148.76831, -9.94666], [148.75986, -9.9493], [148.7565, -9.94933], [148.7511, -9.94649], [148.74958, -9.94609], [148.74852, -9.94655], [148.74726, -9.94571], [148.74557, -9.9448], [148.74362, -9.94516], [148.74245, -9.94614], [148.73893, -9.94539], [148.7365, -9.9447], [148.7348, -9.94427], [148.73367, -9.94276], [148.73304, -9.94133], [148.73213, -9.94044], [148.73106, -9.93942], [148.73075, -9.93798], [148.73031, -9.93726], [148.72909, -9.93723], [148.72491, -9.93723], [148.72305, -9.9368], [148.72224, -9.93611], [148.71948, -9.93811], [148.71833, -9.93907], [148.71553, -9.93951], [148.71297, -9.94046], [148.71126, -9.94136], [148.70683, -9.93926], [148.70668, -9.9373], [148.70297, -9.93299], [148.70078, -9.93168], [148.69765, -9.93082], [148.69523, -9.92692], [148.69632, -9.92301], [148.69705, -9.92165], [148.69638, -9.91948], [148.69357, -9.91645], [148.68946, -9.91342], [148.68832, -9.91254], [148.68578, -9.91278], [148.68364, -9.91386], [148.67957, -9.9142], [148.67365, -9.9135], [148.66854, -9.91303], [148.66647, -9.91228], [148.66353, -9.90995], [148.66068, -9.90878], [148.66027, -9.90745], [148.65696, -9.9043], [148.65681, -9.90285], [148.65516, -9.90305], [148.65196, -9.90023], [148.64879, -9.89859], [148.64669, -9.89763], [148.64531, -9.89598], [148.64312, -9.89273], [148.64088, -9.89048], [148.63983, -9.88992], [148.63781, -9.88989], [148.63626, -9.88789], [148.63386, -9.88618], [148.63164, -9.88475], [148.62926, -9.88454], [148.62732, -9.88507], [148.6243, -9.88693], [148.62161, -9.88896], [148.61914, -9.88914], [148.6158, -9.89022], [148.61409, -9.89104], [148.61293, -9.89041], [148.61209, -9.89112], [148.6108, -9.89164], [148.60782, -9.89171], [148.60666, -9.89232], [148.60365, -9.89388], [148.6027, -9.89275], [148.59919, -9.89112], [148.59603, -9.89029], [148.59442, -9.88997], [148.59279, -9.89027], [148.59092, -9.89052], [148.58862, -9.88778], [148.5876, -9.88513], [148.58681, -9.88366], [148.58482, -9.88151], [148.58242, -9.88141], [148.58022, -9.88207], [148.58016, -9.88125], [148.5801, -9.87884], [148.57823, -9.8756], [148.57532, -9.87449], [148.57254, -9.87455], [148.56963, -9.87436], [148.56813, -9.87351], [148.56798, -9.87196], [148.56836, -9.8696], [148.56833, -9.86835], [148.56625, -9.86674], [148.56568, -9.86497], [148.56568, -9.86213], [148.5653, -9.86052], [148.56298, -9.85949], [148.55774, -9.85817], [148.55433, -9.85681], [148.55101, -9.85642], [148.54749, -9.85541], [148.54535, -9.85396], [148.54392, -9.85282], [148.54212, -9.8528], [148.53889, -9.85352], [148.53722, -9.85458], [148.53633, -9.85396], [148.53507, -9.85222], [148.53338, -9.85154], [148.53282, -9.84982], [148.53508, -9.84562], [148.5351, -9.8425], [148.53476, -9.84095], [148.53524, -9.83922], [148.5338, -9.83734], [148.53162, -9.83501], [148.53095, -9.83376], [148.53242, -9.83086], [148.53325, -9.82947], [148.533, -9.82821], [148.53103, -9.82746], [148.52946, -9.82656], [148.52844, -9.82577], [148.52608, -9.82538], [148.52433, -9.82479], [148.52222, -9.82522], [148.51944, -9.82317], [148.51862, -9.8216], [148.51702, -9.82179], [148.51521, -9.82085], [148.51291, -9.82123], [148.51174, -9.8209], [148.51165, -9.81908], [148.51129, -9.81812], [148.5101, -9.81801], [148.50911, -9.81849], [148.50754, -9.81888], [148.50589, -9.81892], [148.50368, -9.81989], [148.50149, -9.82058], [148.50039, -9.81981], [148.49561, -9.82278], [148.49423, -9.82331], [148.49335, -9.82318], [148.49244, -9.82281], [148.49114, -9.82123], [148.49009, -9.82032], [148.48893, -9.81967], [148.48724, -9.81857], [148.48553, -9.81692], [148.48297, -9.81456], [148.48259, -9.81367], [148.48343, -9.81231], [148.48529, -9.81038], [148.48754, -9.80755], [148.48865, -9.80628], [148.48961, -9.80541], [148.48965, -9.80446], [148.48969, -9.8028], [148.49002, -9.80193], [148.4906, -9.80131], [148.49095, -9.80034], [148.49058, -9.79849], [148.48895, -9.79513], [148.48894, -9.79418], [148.48948, -9.79349], [148.49058, -9.79229], [148.49135, -9.79046], [148.49137, -9.78915], [148.4906, -9.78749], [148.48894, -9.78601], [148.48497, -9.78321], [148.48353, -9.78184], [148.48201, -9.78075], [148.48068, -9.77865], [148.48007, -9.77718], [148.47929, -9.7764], [148.47715, -9.77574], [148.475, -9.77542], [148.47392, -9.77451], [148.47238, -9.77202], [148.47158, -9.77095], [148.46906, -9.76936], [148.46787, -9.76786], [148.4671, -9.76691], [148.46582, -9.76534], [148.46321, -9.76338], [148.46048, -9.76209], [148.4584, -9.76106], [148.45465, -9.75978], [148.45133, -9.75796], [148.44849, -9.75566], [148.4477, -9.75341], [148.44694, -9.75159], [148.44619, -9.75078], [148.44458, -9.75076], [148.44278, -9.7516], [148.4406, -9.75279], [148.43895, -9.75397], [148.43758, -9.7545], [148.43579, -9.75443], [148.43417, -9.75384], [148.43052, -9.75066], [148.42934, -9.75015], [148.42747, -9.74956], [148.42621, -9.74951], [148.4235, -9.74875], [148.422, -9.74802], [148.41971, -9.74722], [148.41792, -9.74687], [148.41679, -9.74637], [148.41541, -9.74473], [148.41344, -9.74337], [148.41149, -9.74219], [148.4094, -9.74049], [148.40788, -9.73892], [148.4066, -9.73805], [148.40358, -9.73697], [148.40214, -9.73654], [148.40134, -9.73579], [148.40084, -9.7335], [148.40039, -9.73213], [148.4005, -9.73113], [148.39884, -9.72968], [148.3966, -9.72859], [148.39473, -9.72726], [148.39377, -9.72671], [148.39268, -9.72672], [148.39057, -9.72865], [148.38897, -9.7303], [148.38683, -9.73097], [148.38493, -9.73162], [148.38178, -9.7313], [148.3808, -9.73187], [148.38001, -9.73405], [148.37957, -9.7355], [148.37941, -9.73766], [148.3792, -9.73936], [148.37925, -9.74112], [148.37888, -9.74233], [148.37821, -9.74395], [148.37634, -9.74591], [148.37573, -9.74774], [148.37528, -9.74935], [148.37363, -9.75106], [148.37208, -9.75083], [148.3709, -9.7502], [148.36824, -9.75112], [148.36664, -9.75248], [148.36548, -9.75381], [148.36368, -9.75514], [148.36187, -9.75649], [148.36157, -9.75746], [148.36151, -9.759], [148.36141, -9.75997], [148.36066, -9.76016], [148.35943, -9.75809], [148.35884, -9.75702], [148.35695, -9.75599], [148.35626, -9.75467], [148.35519, -9.7526], [148.35402, -9.75076], [148.35294, -9.74935], [148.35139, -9.74824], [148.35003, -9.74666], [148.3486, -9.74611], [148.34665, -9.74602], [148.34428, -9.74643], [148.34392, -9.74833], [148.34348, -9.74978], [148.34249, -9.75132], [148.34132, -9.75235], [148.3404, -9.75328], [148.33977, -9.75435], [148.33816, -9.75486], [148.33692, -9.75467], [148.33632, -9.75517], [148.33638, -9.75631], [148.33638, -9.75713], [148.33582, -9.75711], [148.334, -9.75623], [148.33293, -9.75466], [148.33158, -9.75387], [148.33016, -9.75363], [148.32795, -9.75593], [148.32706, -9.75686], [148.32582, -9.75689], [148.32533, -9.75633], [148.32522, -9.75486], [148.32445, -9.75279], [148.3252, -9.75133], [148.32522, -9.75041], [148.32506, -9.74883], [148.32542, -9.74776], [148.32668, -9.74685], [148.32659, -9.7453], [148.3253, -9.7415], [148.3246, -9.74093], [148.32261, -9.74189], [148.32117, -9.74295], [148.31965, -9.74188], [148.31906, -9.74105], [148.31805, -9.74102], [148.31719, -9.74187], [148.31596, -9.74152], [148.31381, -9.74075], [148.31234, -9.73975], [148.31052, -9.73861], [148.30908, -9.73566], [148.30799, -9.73331], [148.30786, -9.73213], [148.30737, -9.73167], [148.3062, -9.73251], [148.30428, -9.73213], [148.30271, -9.7309], [148.30246, -9.73216], [148.30188, -9.73382], [148.30033, -9.73526], [148.29852, -9.73703], [148.29729, -9.73831], [148.29609, -9.73992], [148.2936, -9.74081], [148.2924, -9.74158], [148.28989, -9.74152], [148.28755, -9.7418], [148.28459, -9.74252], [148.28474, -9.74358], [148.28487, -9.74484], [148.2843, -9.74629], [148.28326, -9.74769], [148.28199, -9.74795], [148.2816, -9.74881], [148.28015, -9.74906], [148.27946, -9.74983], [148.27776, -9.7502], [148.27717, -9.75081], [148.27546, -9.75146], [148.27392, -9.75141], [148.2733, -9.75045], [148.26914, -9.74988], [148.26791, -9.75015], [148.26663, -9.75007], [148.26556, -9.749], [148.26484, -9.74801], [148.26214, -9.74696], [148.26081, -9.74552], [148.25934, -9.74394], [148.25521, -9.74075], [148.25375, -9.73912], [148.25251, -9.73765], [148.25054, -9.73635], [148.2487, -9.73441], [148.24771, -9.73261], [148.24764, -9.73137], [148.24859, -9.7282], [148.24871, -9.72604], [148.24787, -9.7248], [148.24748, -9.72348], [148.24793, -9.72123], [148.24816, -9.71971], [148.24734, -9.71869], [148.24528, -9.71738], [148.24421, -9.71574], [148.24355, -9.71508], [148.24241, -9.71491], [148.23997, -9.71503], [148.23683, -9.7155], [148.23576, -9.71524], [148.23539, -9.71384], [148.23512, -9.71239], [148.23499, -9.71127], [148.2372, -9.7095], [148.23835, -9.70809], [148.23813, -9.70733], [148.23699, -9.7061], [148.23578, -9.70504], [148.23474, -9.70431], [148.23351, -9.70395], [148.23194, -9.70249], [148.2312, -9.70094], [148.22922, -9.6996], [148.22706, -9.69848], [148.22564, -9.69797], [148.22405, -9.69587], [148.22322, -9.69462], [148.22263, -9.6928], [148.22076, -9.68978], [148.22095, -9.68919], [148.22245, -9.6868], [148.22442, -9.68566], [148.22807, -9.68202], [148.22747, -9.68019], [148.22693, -9.67904], [148.22703, -9.67784], [148.22549, -9.67546], [148.22629, -9.67307], [148.22698, -9.67125], [148.22768, -9.66994], [148.2274, -9.66868], [148.22559, -9.66846], [148.22346, -9.66559], [148.22141, -9.6633], [148.21807, -9.65954], [148.21457, -9.65791], [148.21289, -9.65642], [148.21083, -9.6553], [148.2083, -9.65452], [148.20561, -9.65424], [148.20363, -9.65404], [148.20105, -9.65399], [148.19934, -9.65353], [148.19784, -9.65166], [148.19558, -9.65053], [148.19409, -9.64862], [148.19157, -9.64785], [148.18975, -9.64571], [148.1884, -9.64423], [148.18667, -9.64295], [148.18488, -9.63953], [148.18458, -9.63791], [148.18488, -9.63634], [148.18447, -9.63443], [148.18218, -9.63281], [148.18101, -9.63117], [148.17874, -9.63005], [148.17666, -9.62964], [148.17436, -9.62847], [148.17281, -9.62838], [148.17044, -9.62639], [148.16938, -9.62367], [148.16823, -9.62151], [148.16726, -9.61965], [148.16491, -9.6183], [148.16331, -9.61771], [148.16193, -9.62001], [148.16055, -9.62062], [148.15948, -9.62063], [148.15872, -9.62164], [148.15558, -9.62453], [148.15432, -9.62576], [148.15392, -9.62704], [148.15361, -9.62782], [148.15288, -9.62769], [148.15123, -9.6255], [148.15021, -9.62442], [148.14755, -9.62311], [148.14458, -9.62123], [148.14303, -9.62161], [148.14183, -9.62146], [148.14019, -9.62014], [148.13781, -9.61907], [148.13546, -9.618], [148.1334, -9.6177], [148.13098, -9.61675], [148.12932, -9.61532], [148.12796, -9.6138], [148.1201, -9.61297], [148.11854, -9.61471], [148.11684, -9.61526], [148.11541, -9.61594], [148.1143, -9.61669], [148.11331, -9.61672], [148.11216, -9.615], [148.11121, -9.61364], [148.11086, -9.61206], [148.11105, -9.60994], [148.11072, -9.60909], [148.10849, -9.60909], [148.10739, -9.60854], [148.10582, -9.60672], [148.10461, -9.60459], [148.1039, -9.60239], [148.10373, -9.60081], [148.10384, -9.59792], [148.10349, -9.59568], [148.1036, -9.59382], [148.09939, -9.58997], [148.09815, -9.58963], [148.09637, -9.58996], [148.09418, -9.59016], [148.08817, -9.59275], [148.08629, -9.59177], [148.08548, -9.59117], [148.08389, -9.59054], [148.08321, -9.58931], [148.083, -9.58775], [148.0813, -9.58515], [148.07908, -9.58228], [148.07734, -9.58025], [148.07484, -9.57886], [148.07308, -9.57731], [148.07188, -9.57552], [148.07132, -9.57364], [148.06947, -9.57126], [148.06816, -9.56868], [148.06776, -9.56587], [148.06656, -9.56395], [148.06494, -9.56291], [148.06235, -9.5625], [148.0572, -9.5598], [148.05641, -9.55954], [148.05576, -9.56216], [148.05566, -9.56368], [148.05443, -9.56469], [148.05354, -9.56576], [148.05181, -9.56635], [148.04922, -9.56695], [148.04827, -9.56604], [148.0474, -9.56381], [148.04601, -9.56209], [148.04421, -9.5614], [148.0426, -9.55916], [148.04273, -9.55806], [148.04167, -9.55702], [148.03962, -9.55618], [148.03919, -9.55455], [148.03925, -9.55299], [148.03791, -9.55023], [148.03769, -9.54917], [148.03799, -9.54871], [148.03734, -9.54616], [148.03788, -9.54384], [148.0372, -9.54181], [148.03743, -9.54044], [148.03829, -9.5398], [148.03831, -9.53749], [148.03673, -9.53602], [148.03574, -9.53421], [148.0361, -9.53198], [148.03645, -9.52743], [148.03434, -9.52749], [148.03314, -9.52693], [148.03198, -9.52636], [148.03017, -9.52574], [148.02908, -9.52384], [148.02882, -9.52215], [148.02836, -9.52031], [148.02649, -9.51865], [148.02476, -9.51774], [148.02363, -9.51616], [148.02158, -9.51479], [148.02036, -9.51273], [148.01998, -9.51102], [148.02071, -9.50828], [148.02222, -9.50642], [148.02308, -9.50451], [148.0236, -9.50342], [148.02455, -9.50215], [148.02577, -9.50203], [148.02955, -9.50205], [148.03127, -9.50237], [148.03186, -9.50125], [148.03236, -9.50001], [148.03474, -9.49916], [148.03583, -9.49846], [148.03593, -9.49769], [148.04973, -9.49846], [148.04911, -9.49746], [148.04807, -9.49691], [148.04701, -9.49634], [148.04607, -9.49634], [148.04514, -9.49659], [148.04415, -9.49664], [148.04306, -9.49564], [148.04241, -9.49413], [148.0417, -9.49233], [148.04269, -9.48958], [148.04362, -9.48799], [148.04309, -9.48633], [148.04271, -9.48437], [148.04329, -9.48325], [148.04564, -9.48304], [148.04802, -9.48173], [148.0501, -9.48096], [148.05117, -9.48098], [148.05352, -9.48138], [148.05421, -9.48116], [148.05542, -9.47895], [148.05525, -9.47728], [148.05482, -9.47603], [148.05607, -9.47337], [148.05769, -9.47157], [148.058, -9.47024], [148.05784, -9.46858], [148.05811, -9.46761], [148.05896, -9.46719], [148.06085, -9.46722], [148.06266, -9.46697], [148.06373, -9.46594], [148.0643, -9.46376], [148.06533, -9.46242], [148.06422, -9.45659], [148.06422, -9.45506], [148.06276, -9.45115], [148.06222, -9.44863], [148.06182, -9.44644], [148.0619, -9.44424], [148.06214, -9.44299], [148.06067, -9.43933], [148.05971, -9.43707], [148.05977, -9.43573], [148.06221, -9.43127], [148.06365, -9.42943], [148.06468, -9.42708], [148.06422, -9.42349], [148.06173, -9.42028], [148.06118, -9.41889], [148.06033, -9.41777], [148.05845, -9.41701], [148.05691, -9.41659], [148.05512, -9.41542], [148.05425, -9.41427], [148.0533, -9.41266], [148.05199, -9.41131], [148.05048, -9.41025], [148.04843, -9.4091], [148.0473, -9.40758], [148.04678, -9.40559], [148.04415, -9.39431], [148.04397, -9.39233], [148.04472, -9.39108], [148.04469, -9.38949], [148.04233, -9.38462], [148.0374, -9.38149], [148.03676, -9.38018], [148.03618, -9.37908], [148.03534, -9.37804], [148.03405, -9.37745], [148.03164, -9.37681], [148.02931, -9.3762], [148.02627, -9.37619], [148.02361, -9.37613], [148.02136, -9.37565], [148.0198, -9.3752], [148.01737, -9.37528], [148.01492, -9.37568], [148.01421, -9.37594], [148.01398, -9.37716], [148.0135, -9.3777], [148.0075, -9.37707], [148.0064, -9.37622], [148.00587, -9.37512], [148.00554, -9.37333], [148.00476, -9.37225], [148.00413, -9.37099], [148.00386, -9.36874], [148.00343, -9.36696], [148.00298, -9.3657], [148.00178, -9.36463], [148.00074, -9.36337], [147.99947, -9.36186], [147.99808, -9.36067], [147.99684, -9.35953], [147.9953, -9.35813], [147.99358, -9.35713], [147.99218, -9.35571], [147.99144, -9.35499], [147.98998, -9.35341], [147.98876, -9.35217], [147.98762, -9.35103], [147.98662, -9.349], [147.98558, -9.3472], [147.98465, -9.3446], [147.98427, -9.34251], [147.98374, -9.34125], [147.98345, -9.33921], [147.98404, -9.33753], [147.98503, -9.33608], [147.98636, -9.33459], [147.98783, -9.3332], [147.98921, -9.33197], [147.99076, -9.33009], [147.99108, -9.32856], [147.99063, -9.32597], [147.98996, -9.32337], [147.98935, -9.32024], [147.98938, -9.31707], [147.98946, -9.31462], [147.99013, -9.31226], [147.99037, -9.3106], [147.98977, -9.30859], [147.98881, -9.30707], [147.98722, -9.3053], [147.9858, -9.30442], [147.98394, -9.30267], [147.98273, -9.30198], [147.98033, -9.3011], [147.97817, -9.30014], [147.97598, -9.29809], [147.97479, -9.29634], [147.97342, -9.29435], [147.9723, -9.29314], [147.97142, -9.29177], [147.97065, -9.29007], [147.96913, -9.28918], [147.96728, -9.28856], [147.9659, -9.28868], [147.96394, -9.28935], [147.96179, -9.2902], [147.95997, -9.29015], [147.95579, -9.28881], [147.9518, -9.28611], [147.95055, -9.2857], [147.94831, -9.28634], [147.94666, -9.28742], [147.94513, -9.28822], [147.94343, -9.28875], [147.94073, -9.28875], [147.93738, -9.28792], [147.9359, -9.28758], [147.93334, -9.28779], [147.9315, -9.28787], [147.92517, -9.28616], [147.92196, -9.28552], [147.92017, -9.28527], [147.91818, -9.2856], [147.91576, -9.28567], [147.91413, -9.28666], [147.91326, -9.28811], [147.91365, -9.28956], [147.91485, -9.29184], [147.91523, -9.29397], [147.91453, -9.29555], [147.91354, -9.2965], [147.90973, -9.29845], [147.90776, -9.29783], [147.90552, -9.29641], [147.90255, -9.29555], [147.90183, -9.29344], [147.903, -9.2903], [147.90332, -9.2887], [147.903, -9.28739], [147.90201, -9.28576], [147.90026, -9.2849], [147.89849, -9.28445], [147.89365, -9.28428], [147.89236, -9.28375], [147.88998, -9.28088], [147.88841, -9.27968], [147.88743, -9.27903], [147.8855, -9.27667], [147.88331, -9.27472], [147.8822, -9.27357], [147.88168, -9.2716], [147.88176, -9.26996], [147.88155, -9.26857], [147.88001, -9.26763], [147.87881, -9.26702], [147.87705, -9.26683], [147.87672, -9.26557], [147.87547, -9.26414], [147.87405, -9.26319], [147.87179, -9.26187], [147.86944, -9.26038], [147.86728, -9.25808], [147.86402, -9.25405], [147.86362, -9.2524], [147.86409, -9.24956], [147.86443, -9.24728], [147.86296, -9.24571], [147.86098, -9.24437], [147.85957, -9.24267], [147.85919, -9.24086], [147.86042, -9.23859], [147.86007, -9.2371], [147.85869, -9.23571], [147.85687, -9.23481], [147.85414, -9.23208], [147.85359, -9.22951], [147.85281, -9.22717], [147.85205, -9.22637], [147.85122, -9.2242], [147.85045, -9.22211], [147.85097, -9.22067], [147.85204, -9.21926], [147.8528, -9.21676], [147.85287, -9.21349], [147.85244, -9.20994], [147.85154, -9.20688], [147.85122, -9.20483], [147.85186, -9.20121], [147.85226, -9.19733], [147.85238, -9.19537], [147.85178, -9.19392], [147.84998, -9.19264], [147.84759, -9.19156], [147.84476, -9.18875], [147.84444, -9.18651], [147.84393, -9.18516], [147.84239, -9.18362], [147.84252, -9.18193], [147.84321, -9.18105], [147.843, -9.18011], [147.84133, -9.17784], [147.83969, -9.17646], [147.8379, -9.17218], [147.83646, -9.17052], [147.83574, -9.16815], [147.83465, -9.16632], [147.83449, -9.16472], [147.83326, -9.16108], [147.83211, -9.16072], [147.83076, -9.16067], [147.82821, -9.16089], [147.8252, -9.16091], [147.82325, -9.16171], [147.82083, -9.16134], [147.81922, -9.16053], [147.81811, -9.16063], [147.81647, -9.16185], [147.81489, -9.16151], [147.81413, -9.15979], [147.8141, -9.15788], [147.81476, -9.15599], [147.81574, -9.15455], [147.81591, -9.15372], [147.81476, -9.15323], [147.81332, -9.15422], [147.80954, -9.15538], [147.80615, -9.15664], [147.80346, -9.15647], [147.79834, -9.15538], [147.79665, -9.15581], [147.79455, -9.15808], [147.79164, -9.16322], [147.78891, -9.1648], [147.7868, -9.16586], [147.78472, -9.16787], [147.78122, -9.17012], [147.77736, -9.17171], [147.7741, -9.17152], [147.77255, -9.17085], [147.77042, -9.17015], [147.76826, -9.16925], [147.76591, -9.16792], [147.76394, -9.1675], [147.76226, -9.16806], [147.75743, -9.17049], [147.75607, -9.17023], [147.75339, -9.169], [147.75208, -9.16853], [147.74382, -9.16661], [147.74323, -9.16523], [147.74389, -9.1629], [147.74395, -9.16044], [147.74411, -9.15845], [147.74379, -9.15624], [147.74075, -9.14734], [147.74054, -9.14568], [147.74086, -9.14391], [147.74181, -9.14171], [147.74228, -9.13989], [147.74275, -9.13508], [147.7435, -9.133], [147.74344, -9.13048], [147.74339, -9.12823], [147.74372, -9.12659], [147.74379, -9.12445], [147.74297, -9.12314], [147.74141, -9.12161], [147.74082, -9.11872], [147.74001, -9.11628], [147.73888, -9.11273], [147.73773, -9.10858], [147.73638, -9.10603], [147.73507, -9.10486], [147.73178, -9.10357], [147.73043, -9.10216], [147.72928, -9.10036], [147.72856, -9.09829], [147.72731, -9.09724], [147.72491, -9.09609], [147.72112, -9.09473], [147.7154, -9.09203], [147.71464, -9.0913], [147.71484, -9.08679], [147.71476, -9.08434], [147.71407, -9.08194], [147.71311, -9.07953], [147.7121, -9.07774], [147.71183, -9.07386], [147.71124, -9.07257], [147.71007, -9.07115], [147.70871, -9.06692], [147.70779, -9.06558], [147.70486, -9.06482], [147.70366, -9.06352], [147.70086, -9.06173], [147.69934, -9.06004], [147.69928, -9.05843], [147.70054, -9.05589], [147.70093, -9.05359], [147.70168, -9.05091], [147.70179, -9.04826], [147.70091, -9.04553], [147.70059, -9.04363], [147.70063, -9.04184], [147.70037, -9.04004], [147.69921, -9.03844], [147.69731, -9.03773], [147.69488, -9.03696], [147.69371, -9.03543], [147.69198, -9.03449], [147.68942, -9.03478], [147.68654, -9.03589], [147.68467, -9.0354], [147.68355, -9.03426], [147.68318, -9.03265], [147.68243, -9.02829], [147.6821, -9.02649], [147.68128, -9.02483], [147.68016, -9.0241], [147.67788, -9.02322], [147.67573, -9.02255], [147.67439, -9.02124], [147.67392, -9.0199], [147.67386, -9.01822], [147.67417, -9.01626], [147.67434, -9.01455], [147.67367, -9.01385], [147.67188, -9.01286], [147.67133, -9.01185], [147.67084, -9.01], [147.66975, -9.00907], [147.66786, -9.00776], [147.66644, -9.00593], [147.66497, -9.00373], [147.66194, -9.00065], [147.66041, -8.99857], [147.6595, -8.99964], [147.65838, -8.99725], [147.65657, -8.99516], [147.65457, -8.993], [147.65265, -8.99115], [147.64968, -8.98973], [147.64734, -8.9885], [147.64481, -8.98604], [147.64315, -8.98421], [147.64277, -8.98073], [147.64282, -8.97515], [147.64296, -8.97078], [147.64222, -8.96917], [147.64101, -8.96732], [147.63875, -8.96802], [147.6357, -8.96746], [147.63272, -8.96717], [147.63125, -8.96542], [147.62936, -8.96512], [147.62765, -8.96503], [147.62397, -8.96625], [147.62105, -8.9663], [147.61716, -8.96555], [147.61375, -8.96503], [147.61089, -8.96266], [147.60752, -8.96147], [147.6027, -8.95932], [147.59834, -8.95808], [147.59517, -8.95931], [147.59387, -8.96133], [147.59235, -8.96296], [147.59223, -8.96404], [147.59072, -8.96454], [147.58673, -8.96332], [147.5822, -8.96239], [147.57828, -8.96247], [147.57263, -8.96208], [147.56896, -8.96178], [147.56587, -8.95964], [147.56324, -8.95646], [147.56022, -8.9534], [147.55675, -8.95177], [147.55526, -8.94985], [147.55355, -8.94696], [147.55245, -8.94181], [147.55232, -8.9367], [147.55154, -8.93294], [147.55166, -8.92971], [147.55264, -8.9278], [147.55515, -8.92505], [147.55643, -8.92363], [147.55739, -8.91961], [147.56371, -8.9096], [147.56443, -8.90796], [147.56407, -8.90695], [147.56214, -8.90594], [147.55933, -8.90541], [147.55214, -8.90612], [147.5504, -8.90594], [147.54979, -8.90462], [147.55005, -8.90331], [147.54859, -8.90092], [147.54443, -8.89852], [147.54015, -8.8968], [147.53627, -8.89574], [147.53266, -8.89415], [147.53042, -8.89094], [147.52836, -8.88845], [147.52615, -8.88571], [147.52395, -8.88302], [147.52367, -8.88237], [147.52124, -8.87656], [147.5159, -8.87196], [147.51435, -8.86995], [147.51387, -8.86714], [147.51233, -8.86367], [147.51268, -8.86045], [147.50907, -8.8544], [147.50707, -8.85079], [147.50603, -8.8494], [147.50525, -8.84709], [147.50366, -8.8447], [147.50265, -8.84329], [147.50183, -8.84142], [147.50222, -8.83912], [147.50255, -8.83718], [147.50214, -8.8357], [147.50179, -8.83442], [147.50166, -8.83197], [147.50229, -8.82964], [147.50267, -8.82762], [147.50237, -8.82575], [147.50176, -8.82404], [147.50069, -8.82249], [147.4989, -8.82029], [147.49746, -8.81831], [147.4917, -8.81531], [147.49042, -8.81429], [147.48987, -8.81341], [147.48826, -8.81273], [147.48668, -8.81253], [147.48508, -8.81207], [147.48325, -8.81041], [147.48015, -8.80883], [147.47903, -8.80765], [147.47893, -8.80551], [147.47839, -8.80422], [147.47574, -8.80374], [147.47457, -8.80351], [147.47296, -8.80147], [147.47183, -8.79869], [147.47102, -8.79623], [147.46948, -8.79502], [147.46659, -8.79376], [147.46382, -8.79277], [147.46267, -8.79196], [147.4611, -8.78972], [147.45985, -8.7891], [147.45835, -8.78768], [147.45643, -8.78672], [147.45669, -8.78576], [147.45736, -8.78492], [147.45763, -8.7839], [147.45702, -8.78232], [147.45614, -8.78081], [147.4563, -8.77722], [147.45662, -8.77542], [147.45726, -8.77266], [147.45841, -8.77189], [147.45936, -8.77063], [147.45947, -8.76896], [147.45913, -8.76758], [147.46035, -8.766], [147.46305, -8.76228], [147.46422, -8.75998], [147.46422, -8.75797], [147.46521, -8.75598], [147.46735, -8.75443], [147.4694, -8.75301], [147.47096, -8.75272], [147.47136, -8.75135], [147.47239, -8.75081], [147.47313, -8.74956], [147.47563, -8.7494], [147.48009, -8.74934], [147.48031, -8.7487], [147.47916, -8.74805], [147.47844, -8.74648], [147.47822, -8.74563], [147.47729, -8.7447], [147.47799, -8.74294], [147.47745, -8.74206], [147.47572, -8.73957], [147.47457, -8.73979], [147.47258, -8.73896], [147.47122, -8.74016], [147.46688, -8.73884], [147.46605, -8.73818], [147.46521, -8.73753], [147.46417, -8.73744], [147.46267, -8.73641], [147.46147, -8.73454], [147.4588, -8.73411], [147.45726, -8.73374], [147.45187, -8.73464], [147.45066, -8.73344], [147.44924, -8.73228], [147.44795, -8.73253], [147.44672, -8.73255], [147.44548, -8.73204], [147.44379, -8.73176], [147.43664, -8.73188], [147.65935, -8.54023], [147.46358, -8.34023], [147.38025, -8.36911], [147.05257, -8.04888], [147.00108, -7.99856], [146.94414, -7.96106], [146.94496, -7.96287], [146.94595, -7.96588], [146.94646, -7.96864], [146.94486, -7.97081], [146.94191, -7.97316], [146.9392, -7.97309], [146.9363, -7.97201], [146.9291, -7.97389], [146.92849, -7.97372], [146.92676, -7.97202], [146.92521, -7.97162], [146.92348, -7.96967], [146.92195, -7.96859], [146.92001, -7.9657], [146.91913, -7.96482], [146.91663, -7.96448], [146.91388, -7.9648], [146.91265, -7.96442], [146.91241, -7.96338], [146.91231, -7.96135], [146.91161, -7.95893], [146.91142, -7.95727], [146.91028, -7.95564], [146.91059, -7.95381], [146.90995, -7.95229], [146.90806, -7.9521], [146.90467, -7.95327], [146.90358, -7.95466], [146.90165, -7.95563], [146.8992, -7.95575], [146.89753, -7.95604], [146.8955, -7.9576], [146.89404, -7.95911], [146.89172, -7.96065], [146.8887, -7.9633], [146.88749, -7.965], [146.88691, -7.96753], [146.8862, -7.96943], [146.88496, -7.97136], [146.88272, -7.97261], [146.88043, -7.97377], [146.87862, -7.97402], [146.87406, -7.97941], [146.87193, -7.98541], [146.87075, -7.98756], [146.86942, -7.98869], [146.86595, -7.98986], [146.86213, -7.99064], [146.85878, -7.99147], [146.85651, -7.99279], [146.85563, -7.99511], [146.8546, -7.99599], [146.85245, -7.9965], [146.84918, -7.99618], [146.847, -7.99628], [146.84334, -7.99683], [146.84075, -7.99736], [146.83744, -7.99778], [146.83467, -7.99714], [146.83305, -7.99528], [146.83238, -7.99408], [146.83262, -7.99215], [146.83177, -7.9909], [146.83022, -7.99064], [146.82753, -7.99063], [146.82521, -7.98994], [146.8226, -7.99016], [146.82032, -7.98824], [146.81828, -7.98572], [146.81675, -7.98436], [146.81464, -7.98304], [146.81264, -7.98292], [146.80848, -7.98347], [146.80769, -7.98307], [146.80571, -7.97941], [146.80427, -7.97685], [146.80361, -7.97087], [146.80299, -7.96836], [146.80179, -7.96557], [146.80009, -7.96226], [146.79953, -7.96052], [146.79964, -7.95712], [146.79963, -7.95546], [146.80097, -7.95285], [146.80113, -7.95159], [146.80028, -7.95069], [146.79843, -7.95002], [146.79588, -7.94631], [146.79494, -7.94427], [146.79393, -7.94274], [146.79251, -7.94088], [146.79176, -7.93859], [146.79123, -7.9368], [146.78966, -7.93479], [146.788, -7.93221], [146.785, -7.93234], [146.78175, -7.9321], [146.77886, -7.93216], [146.77753, -7.93153], [146.7767, -7.9306], [146.77624, -7.93131], [146.77632, -7.93336], [146.77627, -7.93538], [146.77555, -7.93701], [146.77468, -7.9381], [146.77419, -7.93975], [146.77195, -7.94146], [146.77225, -7.94389], [146.77214, -7.94541], [146.7715, -7.94605], [146.76859, -7.94634], [146.76681, -7.94635], [146.76569, -7.94724], [146.76392, -7.94871], [146.76251, -7.94877], [146.76161, -7.94882], [146.76051, -7.95029], [146.75864, -7.95205], [146.75655, -7.95274], [146.75452, -7.9524], [146.75358, -7.95287], [146.75061, -7.95723], [146.74889, -7.95632], [146.74703, -7.95549], [146.74585, -7.95375], [146.74112, -7.95306], [146.73864, -7.95122], [146.73875, -7.95029], [146.73997, -7.94869], [146.74025, -7.94685], [146.73987, -7.94359], [146.73864, -7.94035], [146.73763, -7.93785], [146.73704, -7.93615], [146.7347, -7.93258], [146.73391, -7.93001], [146.73281, -7.92557], [146.73243, -7.92202], [146.73195, -7.91944], [146.73112, -7.91676], [146.7299, -7.91421], [146.72792, -7.91098], [146.72878, -7.90829], [146.72974, -7.90563], [146.72972, -7.90378], [146.72828, -7.90122], [146.72725, -7.89944], [146.72675, -7.89666], [146.72761, -7.89311], [146.72811, -7.89077], [146.72905, -7.88843], [146.72929, -7.88589], [146.7303, -7.88298], [146.73089, -7.88162], [146.73054, -7.88047], [146.72573, -7.87644], [146.72459, -7.87384], [146.72083, -7.87095], [146.72113, -7.8697], [146.72211, -7.86757], [146.72342, -7.86647], [146.72435, -7.86522], [146.72841, -7.86381], [146.73177, -7.86285], [146.73459, -7.86255], [146.73632, -7.86104], [146.73897, -7.85908], [146.74192, -7.85724], [146.74467, -7.85216], [146.74699, -7.84855], [146.74755, -7.84658], [146.74798, -7.84356], [146.74836, -7.84101], [146.74776, -7.84037], [146.74551, -7.83964], [146.74501, -7.83842], [146.74523, -7.83666], [146.74624, -7.83378], [146.74726, -7.83229], [146.74776, -7.83092], [146.74803, -7.82995], [146.71296, -7.80716], [146.64886, -7.76551]]]]}}, {"type": "Feature", "properties": {"name": "Gulf Province", "level": "province"}, "geometry": {"type": "MultiPolygon", "coordinates": [[[[146.15963, -8.21856], [146.15963, -8.21799], [146.15906, -8.21741], [146.15792, -8.21682], [146.15388, -8.21677], [146.15193, -8.21618], [146.14987, -8.215], [146.14873, -8.21384], [146.14473, -8.21126], [146.1429, -8.21057], [146.14182, -8.21041], [146.14254, -8.21124], [146.14734, -8.21474], [146.15019, -8.21731], [146.15364, -8.2185], [146.15675, -8.21853], [146.15882, -8.21913], [146.15963, -8.21856]]], [[[146.14071, -8.20926], [146.13307, -8.20215], [146.13192, -8.20214], [146.13157, -8.20271], [146.13669, -8.20829], [146.13933, -8.2097], [146.14055, -8.20983], [146.14071, -8.20926]]], [[[146.10431, -8.14459], [146.10317, -8.14366], [146.10225, -8.14364], [146.10201, -8.14422], [146.10258, -8.1448], [146.10373, -8.14539], [146.10431, -8.14459]]], [[[146.07433, -8.09473], [146.07399, -8.09415], [146.07261, -8.09414], [146.07226, -8.09494], [146.07259, -8.09586], [146.07317, -8.0961], [146.07433, -8.09473]]], [[[146.06857, -8.09467], [146.068, -8.09408], [146.06651, -8.09407], [146.06399, -8.09288], [146.06309, -8.09115], [146.06194, -8.09021], [146.06136, -8.09078], [146.06169, -8.09286], [146.06282, -8.09426], [146.06569, -8.09544], [146.06822, -8.09547], [146.06857, -8.09467]]], [[[145.42429, -7.94389], [145.42659, -7.94302], [145.42832, -7.94157], [145.42889, -7.94014], [145.42859, -7.93956], [145.42744, -7.93957], [145.42168, -7.94161], [145.42082, -7.94247], [145.42082, -7.94305], [145.42141, -7.9439], [145.42429, -7.94389]]], [[[145.7327, -7.94063], [145.73443, -7.93975], [145.73739, -7.93677], [145.73239, -7.93804], [145.73067, -7.9392], [145.73039, -7.94006], [145.73097, -7.94064], [145.7327, -7.94063]]], [[[145.43445, -7.92307], [145.4344, -7.92243], [145.43396, -7.92192], [145.43355, -7.9221], [145.4334, -7.92261], [145.43387, -7.92331], [145.43445, -7.92307]]], [[[145.43569, -7.91973], [145.43453, -7.9183], [145.43366, -7.91802], [145.43346, -7.91847], [145.43421, -7.91899], [145.4354, -7.92031], [145.43569, -7.91973]]], [[[145.39479, -7.93115], [145.39536, -7.92972], [145.39507, -7.92885], [145.39449, -7.92828], [145.39246, -7.92686], [145.39216, -7.92601], [145.39155, -7.91884], [145.39038, -7.91741], [145.38981, -7.91742], [145.38923, -7.91828], [145.38899, -7.92574], [145.38929, -7.92717], [145.39219, -7.93059], [145.39422, -7.93173], [145.39479, -7.93115]]], [[[145.38715, -7.90739], [145.38684, -7.90452], [145.38626, -7.90338], [145.3854, -7.90339], [145.38483, -7.90425], [145.38455, -7.90741], [145.3837, -7.90971], [145.38255, -7.91058], [145.38139, -7.90972], [145.38082, -7.91029], [145.37997, -7.91259], [145.37999, -7.91603], [145.38029, -7.91747], [145.38234, -7.92262], [145.38466, -7.9249], [145.3861, -7.92489], [145.38667, -7.92374], [145.38665, -7.92088], [145.38722, -7.91915], [145.3872, -7.91657], [145.38546, -7.914], [145.38545, -7.91257], [145.38715, -7.90739]]], [[[145.21106, -7.83696], [145.21221, -7.8361], [145.21278, -7.83494], [145.21275, -7.83093], [145.21159, -7.82835], [145.21014, -7.82693], [145.20754, -7.82551], [145.20638, -7.82666], [145.20727, -7.8301], [145.20785, -7.83067], [145.20757, -7.8321], [145.20845, -7.83497], [145.2099, -7.83697], [145.21106, -7.83696]]], [[[145.04141, -7.83386], [145.04256, -7.83328], [145.04543, -7.83039], [145.04803, -7.82981], [145.04946, -7.82836], [145.04974, -7.82722], [145.04916, -7.82579], [145.048, -7.82436], [145.04308, -7.82037], [145.03671, -7.81696], [145.03555, -7.81725], [145.03527, -7.81869], [145.03704, -7.82441], [145.03677, -7.82901], [145.03881, -7.8333], [145.03968, -7.83387], [145.04141, -7.83386]]], [[[145.18184, -7.82192], [145.18327, -7.81875], [145.18325, -7.81617], [145.18238, -7.81503], [145.1818, -7.81504], [145.18123, -7.81562], [145.18065, -7.81676], [145.17981, -7.81992], [145.17982, -7.82164], [145.18098, -7.82279], [145.18184, -7.82192]]], [[[145.02687, -7.81013], [145.02686, -7.80956], [145.02628, -7.80898], [145.02571, -7.80899], [145.02542, -7.80956], [145.02629, -7.81042], [145.02687, -7.81013]]], [[[145.20858, -7.85791], [145.21088, -7.85675], [145.21203, -7.8556], [145.2126, -7.85445], [145.2123, -7.85273], [145.20987, -7.84915], [145.20881, -7.84759], [145.20777, -7.84224], [145.20615, -7.83699], [145.20324, -7.8327], [145.19975, -7.82555], [145.19974, -7.8244], [145.19857, -7.82183], [145.1968, -7.81466], [145.19679, -7.81266], [145.19474, -7.80636], [145.19271, -7.80437], [145.1904, -7.80409], [145.18954, -7.80495], [145.18582, -7.81071], [145.18526, -7.81358], [145.1853, -7.82075], [145.18473, -7.82305], [145.18387, -7.82478], [145.18302, -7.82564], [145.18304, -7.83051], [145.18567, -7.83767], [145.18542, -7.84341], [145.18285, -7.84801], [145.18258, -7.85117], [145.18404, -7.85489], [145.1852, -7.85632], [145.18607, -7.8566], [145.19243, -7.858], [145.20858, -7.85791]]], [[[145.03096, -7.82044], [145.03095, -7.81929], [145.0292, -7.81585], [145.02717, -7.81328], [145.02427, -7.81043], [145.02339, -7.80843], [145.02193, -7.80384], [145.02106, -7.80328], [145.01962, -7.80357], [145.01876, -7.80444], [145.01704, -7.8076], [145.01705, -7.80846], [145.0139, -7.8145], [145.01334, -7.81737], [145.01336, -7.82081], [145.01569, -7.82567], [145.01629, -7.82912], [145.01774, -7.83054], [145.02237, -7.83195], [145.02496, -7.83165], [145.02813, -7.8302], [145.03071, -7.82732], [145.03127, -7.82502], [145.0304, -7.82388], [145.0278, -7.82303], [145.02635, -7.82304], [145.02519, -7.8219], [145.02606, -7.82075], [145.02807, -7.82045], [145.02981, -7.82101], [145.03096, -7.82044]]], [[[145.08616, -7.78687], [145.08529, -7.78601], [145.08472, -7.7863], [145.08472, -7.78688], [145.08559, -7.78773], [145.08616, -7.78687]]], [[[145.09136, -7.78741], [145.09048, -7.7857], [145.08932, -7.78456], [145.08875, -7.78456], [145.08846, -7.78514], [145.09079, -7.78828], [145.09136, -7.78741]]], [[[143.87599, -7.84926], [143.87874, -7.84791], [143.88202, -7.84753], [143.88339, -7.84712], [143.88468, -7.84533], [143.88504, -7.84309], [143.88402, -7.83662], [143.88311, -7.8327], [143.88022, -7.82828], [143.8786, -7.82509], [143.87798, -7.82287], [143.87745, -7.81874], [143.87696, -7.81632], [143.87427, -7.81203], [143.87264, -7.80825], [143.87122, -7.80572], [143.86953, -7.80243], [143.86802, -7.79832], [143.86496, -7.79108], [143.86162, -7.78733], [143.8578, -7.78168], [143.85473, -7.77851], [143.85274, -7.77782], [143.85064, -7.77791], [143.8494, -7.77865], [143.84884, -7.78049], [143.84829, -7.78385], [143.84618, -7.78703], [143.84381, -7.79139], [143.84325, -7.79376], [143.84337, -7.79782], [143.84487, -7.80135], [143.84619, -7.80621], [143.84949, -7.81213], [143.85401, -7.81954], [143.8566, -7.82625], [143.85989, -7.8308], [143.8679, -7.84439], [143.87171, -7.84833], [143.8737, -7.84942], [143.87599, -7.84926]]], [[[144.93713, -7.77051], [144.93545, -7.76923], [144.9337, -7.76839], [144.93257, -7.76832], [144.93239, -7.76859], [144.93328, -7.76962], [144.93478, -7.77054], [144.93662, -7.77113], [144.93713, -7.77051]]], [[[144.21063, -7.74992], [144.20519, -7.74902], [144.19678, -7.74762], [144.19418, -7.74677], [144.19165, -7.74559], [144.19014, -7.74554], [144.18842, -7.74577], [144.18719, -7.74724], [144.18676, -7.74981], [144.18619, -7.75147], [144.18489, -7.75288], [144.18289, -7.75607], [144.18206, -7.75833], [144.18165, -7.76177], [144.18151, -7.76546], [144.18221, -7.76809], [144.18213, -7.7803], [144.18303, -7.78339], [144.18559, -7.78672], [144.18757, -7.79058], [144.18781, -7.79342], [144.18771, -7.79593], [144.1869, -7.79917], [144.1868, -7.80122], [144.18769, -7.80286], [144.19069, -7.80479], [144.19448, -7.80625], [144.20056, -7.80603], [144.20586, -7.80674], [144.21174, -7.80659], [144.22605, -7.80427], [144.22796, -7.80391], [144.23059, -7.80268], [144.2335, -7.80178], [144.23553, -7.80063], [144.24214, -7.7929], [144.24315, -7.79355], [144.24303, -7.795], [144.242, -7.797], [144.24104, -7.79846], [144.24106, -7.80005], [144.24213, -7.80089], [144.2443, -7.80066], [144.24653, -7.79956], [144.25699, -7.79123], [144.26072, -7.78854], [144.26334, -7.78711], [144.26602, -7.78477], [144.26732, -7.78309], [144.26866, -7.77998], [144.26908, -7.77746], [144.2685, -7.77417], [144.26707, -7.77076], [144.26505, -7.76842], [144.26099, -7.76234], [144.25877, -7.76013], [144.25637, -7.75879], [144.24937, -7.75486], [144.24756, -7.75305], [144.24557, -7.75242], [144.24291, -7.7518], [144.24013, -7.7515], [144.23425, -7.75166], [144.23094, -7.75104], [144.22868, -7.75095], [144.22221, -7.75065], [144.21903, -7.7505], [144.21638, -7.7506], [144.21063, -7.74992]]], [[[144.86058, -7.7303], [144.8596, -7.72884], [144.85818, -7.72729], [144.85512, -7.7263], [144.85321, -7.72633], [144.85121, -7.72723], [144.84642, -7.73287], [144.8448, -7.73437], [144.84124, -7.73564], [144.83815, -7.73786], [144.83597, -7.73798], [144.83344, -7.73811], [144.8318, -7.73883], [144.8306, -7.74024], [144.83063, -7.7419], [144.83293, -7.74481], [144.83542, -7.74756], [144.83791, -7.75082], [144.84304, -7.75543], [144.84465, -7.75836], [144.84873, -7.76317], [144.85111, -7.76504], [144.85435, -7.76586], [144.85681, -7.76704], [144.85787, -7.76789], [144.85805, -7.7685], [144.85753, -7.76894], [144.85641, -7.76922], [144.85597, -7.76949], [144.85608, -7.77105], [144.85919, -7.77448], [144.86246, -7.77729], [144.86703, -7.77974], [144.87577, -7.78247], [144.87778, -7.78244], [144.88253, -7.77959], [144.8843, -7.7766], [144.88637, -7.7744], [144.88843, -7.77272], [144.89084, -7.77137], [144.89368, -7.76898], [144.89444, -7.76715], [144.89476, -7.7654], [144.89369, -7.76429], [144.89159, -7.76319], [144.88852, -7.76229], [144.88099, -7.75962], [144.87765, -7.75811], [144.87379, -7.75574], [144.87157, -7.75334], [144.86935, -7.7505], [144.86844, -7.74782], [144.86865, -7.74487], [144.86905, -7.7426], [144.87229, -7.73811], [144.87392, -7.73618], [144.87406, -7.73452], [144.87309, -7.73341], [144.86835, -7.7314], [144.86626, -7.73099], [144.86208, -7.73106], [144.86058, -7.7303]]], [[[144.40523, -7.7734], [144.41144, -7.77324], [144.41473, -7.77234], [144.41603, -7.77087], [144.416, -7.76928], [144.41433, -7.76765], [144.41115, -7.76684], [144.40834, -7.76498], [144.40016, -7.7618], [144.39384, -7.75913], [144.38818, -7.75592], [144.3833, -7.75249], [144.37715, -7.74776], [144.3715, -7.74211], [144.36719, -7.7369], [144.36449, -7.73259], [144.36272, -7.72961], [144.36101, -7.72567], [144.3607, -7.72218], [144.35989, -7.72127], [144.35856, -7.72083], [144.35724, -7.72098], [144.3562, -7.72199], [144.35664, -7.72957], [144.35742, -7.73322], [144.35772, -7.74891], [144.3586, -7.75471], [144.3597, -7.75726], [144.36244, -7.7592], [144.36557, -7.76028], [144.36802, -7.7605], [144.36981, -7.76114], [144.37121, -7.7621], [144.37322, -7.76392], [144.38378, -7.7674], [144.38889, -7.76804], [144.3988, -7.77257], [144.40219, -7.77365], [144.40523, -7.7734]]], [[[143.99339, -7.83465], [143.99419, -7.83113], [143.99473, -7.82706], [143.99414, -7.823], [143.9925, -7.81843], [143.991, -7.81524], [143.98958, -7.81277], [143.98933, -7.80831], [143.98869, -7.80577], [143.98742, -7.80349], [143.98382, -7.80026], [143.98142, -7.79767], [143.9797, -7.79252], [143.97816, -7.79083], [143.97654, -7.78838], [143.97286, -7.78372], [143.97, -7.78114], [143.96701, -7.77875], [143.95407, -7.76563], [143.94931, -7.75979], [143.94546, -7.75664], [143.94268, -7.75536], [143.93802, -7.75283], [143.93037, -7.75097], [143.9253, -7.75013], [143.91463, -7.74658], [143.9104, -7.74546], [143.89639, -7.73962], [143.89136, -7.73714], [143.88677, -7.73399], [143.8816, -7.73007], [143.87165, -7.72405], [143.86729, -7.72208], [143.85996, -7.71988], [143.8579, -7.71853], [143.8555, -7.71575], [143.85345, -7.71493], [143.85168, -7.71541], [143.85098, -7.71667], [143.85273, -7.7198], [143.85782, -7.72681], [143.85999, -7.73077], [143.86184, -7.73599], [143.86292, -7.73847], [143.86493, -7.74106], [143.86926, -7.74526], [143.8738, -7.75005], [143.88305, -7.76238], [143.89128, -7.77286], [143.89729, -7.78378], [143.89863, -7.78574], [143.90498, -7.79313], [143.9095, -7.79648], [143.91349, -7.79897], [143.91687, -7.80181], [143.92447, -7.80885], [143.92852, -7.81161], [143.93408, -7.81448], [143.93858, -7.81626], [143.94207, -7.81732], [143.94539, -7.81907], [143.94844, -7.82101], [143.95247, -7.82285], [143.9555, -7.82359], [143.95909, -7.82617], [143.96334, -7.82892], [143.96872, -7.83337], [143.97348, -7.83533], [143.97545, -7.8353], [143.97788, -7.83494], [143.97999, -7.83524], [143.9843, -7.83747], [143.98641, -7.83816], [143.98982, -7.83785], [143.99164, -7.83657], [143.99339, -7.83465]]], [[[144.92406, -7.7066], [144.92351, -7.70514], [144.92201, -7.70385], [144.91973, -7.70302], [144.91738, -7.70332], [144.91176, -7.70532], [144.90856, -7.70685], [144.90622, -7.70767], [144.903, -7.70798], [144.89977, -7.70794], [144.8983, -7.7084], [144.89736, -7.70893], [144.89628, -7.71243], [144.89216, -7.71684], [144.89185, -7.71919], [144.89084, -7.72121], [144.88904, -7.72314], [144.88224, -7.72847], [144.87929, -7.72913], [144.87774, -7.72984], [144.87627, -7.73091], [144.87559, -7.73196], [144.87536, -7.73388], [144.87463, -7.73728], [144.87361, -7.73912], [144.87202, -7.74271], [144.87161, -7.74463], [144.8715, -7.74889], [144.87249, -7.7507], [144.87445, -7.75328], [144.87665, -7.75472], [144.8805, -7.75605], [144.8889, -7.75836], [144.89325, -7.7582], [144.89579, -7.75894], [144.89877, -7.76029], [144.90019, -7.76209], [144.90121, -7.76554], [144.90125, -7.76843], [144.90103, -7.7707], [144.90045, -7.77279], [144.90084, -7.77583], [144.90245, -7.77841], [144.90387, -7.77969], [144.90615, -7.78087], [144.90894, -7.78109], [144.91482, -7.78334], [144.91858, -7.78432], [144.92268, -7.78487], [144.92815, -7.78612], [144.93094, -7.78686], [144.93793, -7.78823], [144.95481, -7.79257], [144.95746, -7.79461], [144.95824, -7.79477], [144.95937, -7.79414], [144.95987, -7.79301], [144.95889, -7.79189], [144.95688, -7.79123], [144.95494, -7.7897], [144.95201, -7.78653], [144.94761, -7.78321], [144.94338, -7.78058], [144.9403, -7.77828], [144.93626, -7.77609], [144.93026, -7.77123], [144.9249, -7.76818], [144.92375, -7.76707], [144.9207, -7.76155], [144.91933, -7.75801], [144.91895, -7.75575], [144.91934, -7.74758], [144.92016, -7.74418], [144.92211, -7.74032], [144.92343, -7.73639], [144.92409, -7.73386], [144.92369, -7.73065], [144.92016, -7.72483], [144.91925, -7.72267], [144.91926, -7.71728], [144.92043, -7.71396], [144.92391, -7.70843], [144.92406, -7.7066]]], [[[144.42763, -7.68308], [144.42632, -7.68209], [144.42503, -7.68201], [144.42356, -7.68259], [144.42173, -7.68382], [144.41935, -7.68431], [144.41704, -7.68435], [144.41333, -7.68339], [144.41186, -7.68332], [144.41056, -7.68361], [144.4104, -7.68472], [144.41172, -7.68655], [144.41352, -7.68974], [144.41758, -7.69567], [144.41864, -7.69869], [144.41886, -7.70108], [144.41732, -7.70322], [144.41387, -7.70678], [144.41033, -7.71089], [144.41009, -7.71301], [144.41021, -7.71512], [144.41088, -7.7164], [144.41358, -7.71802], [144.41562, -7.71891], [144.41964, -7.72226], [144.43027, -7.72965], [144.43196, -7.73147], [144.43328, -7.73329], [144.43571, -7.73518], [144.43844, -7.73827], [144.44071, -7.74211], [144.44139, -7.74449], [144.44201, -7.74863], [144.4424, -7.75033], [144.44712, -7.75707], [144.45471, -7.76506], [144.45652, -7.76807], [144.4582, -7.7697], [144.46304, -7.77277], [144.46689, -7.77662], [144.46915, -7.77944], [144.4714, -7.78115], [144.47483, -7.78276], [144.47728, -7.78603], [144.47959, -7.78628], [144.48126, -7.78699], [144.48249, -7.78821], [144.48213, -7.78914], [144.48139, -7.78924], [144.47612, -7.78803], [144.47242, -7.78791], [144.47058, -7.78821], [144.46977, -7.78914], [144.47006, -7.79071], [144.47158, -7.79335], [144.47383, -7.79571], [144.47505, -7.79615], [144.47903, -7.79757], [144.48405, -7.79989], [144.48574, -7.80198], [144.48595, -7.80372], [144.48514, -7.80457], [144.48393, -7.80422], [144.48234, -7.80313], [144.48094, -7.80168], [144.479, -7.80134], [144.47845, -7.80209], [144.4793, -7.80318], [144.48275, -7.80543], [144.48539, -7.80771], [144.48621, -7.80842], [144.489, -7.81012], [144.49502, -7.81151], [144.49911, -7.8132], [144.50291, -7.81415], [144.50476, -7.81412], [144.5089, -7.81314], [144.51128, -7.81209], [144.513, -7.80986], [144.51536, -7.8077], [144.51877, -7.80682], [144.52114, -7.80522], [144.52213, -7.80336], [144.52162, -7.80014], [144.52037, -7.79731], [144.51726, -7.79303], [144.51398, -7.78939], [144.50921, -7.7856], [144.5029, -7.78348], [144.49992, -7.78159], [144.49411, -7.7756], [144.49164, -7.77113], [144.4858, -7.76357], [144.4831, -7.76149], [144.47909, -7.75907], [144.47712, -7.75716], [144.47625, -7.75488], [144.47521, -7.75268], [144.47362, -7.75151], [144.47001, -7.75064], [144.46822, -7.74915], [144.46747, -7.74769], [144.46734, -7.73968], [144.46592, -7.73132], [144.46388, -7.72389], [144.46236, -7.72152], [144.46157, -7.71803], [144.45967, -7.71447], [144.4574, -7.71073], [144.45318, -7.70628], [144.43841, -7.69397], [144.43588, -7.69162], [144.43384, -7.69073], [144.43187, -7.68891], [144.42952, -7.6861], [144.42763, -7.68308]]], [[[144.33126, -7.71217], [144.33336, -7.71089], [144.33439, -7.70936], [144.33468, -7.70684], [144.33399, -7.70461], [144.33114, -7.69991], [144.33024, -7.69733], [144.32889, -7.69504], [144.3266, -7.69243], [144.32318, -7.68893], [144.31926, -7.68364], [144.31516, -7.67869], [144.31212, -7.67471], [144.30962, -7.67091], [144.3073, -7.66613], [144.30592, -7.66246], [144.3047, -7.65146], [144.30374, -7.64937], [144.30339, -7.64772], [144.30389, -7.64593], [144.30321, -7.64475], [144.30201, -7.64398], [144.30036, -7.64401], [144.29878, -7.64436], [144.29629, -7.64604], [144.29419, -7.64714], [144.29023, -7.64772], [144.28859, -7.64847], [144.28431, -7.65368], [144.28172, -7.65781], [144.28038, -7.66073], [144.28063, -7.66383], [144.28182, -7.66836], [144.28456, -7.67446], [144.28694, -7.67918], [144.28834, -7.68047], [144.29003, -7.68256], [144.2918, -7.68563], [144.29251, -7.6891], [144.2934, -7.69595], [144.29405, -7.69891], [144.29563, -7.7034], [144.29646, -7.71019], [144.2975, -7.71294], [144.29984, -7.71489], [144.3051, -7.71744], [144.30741, -7.71761], [144.30906, -7.71725], [144.3122, -7.7147], [144.31358, -7.71435], [144.31544, -7.71478], [144.31784, -7.71666], [144.32015, -7.71676], [144.32175, -7.71667], [144.32612, -7.71445], [144.33126, -7.71217]]], [[[144.12567, -7.64295], [144.12619, -7.64248], [144.12697, -7.64109], [144.12794, -7.63995], [144.12871, -7.63802], [144.12878, -7.63413], [144.12856, -7.63222], [144.12863, -7.62826], [144.12827, -7.62641], [144.12715, -7.62617], [144.12622, -7.62645], [144.12545, -7.62798], [144.12363, -7.63414], [144.12327, -7.63679], [144.12359, -7.64021], [144.12401, -7.64225], [144.12462, -7.64304], [144.12567, -7.64295]]], [[[144.18039, -7.62759], [144.17892, -7.62604], [144.17379, -7.61905], [144.1717, -7.61503], [144.17093, -7.61226], [144.16958, -7.61011], [144.1683, -7.60841], [144.16718, -7.60843], [144.1662, -7.6093], [144.16355, -7.61363], [144.16147, -7.61577], [144.15856, -7.61769], [144.15661, -7.62003], [144.15626, -7.62254], [144.15609, -7.62538], [144.15519, -7.62692], [144.15316, -7.62787], [144.15078, -7.62803], [144.14751, -7.62603], [144.14443, -7.62324], [144.14249, -7.62182], [144.14068, -7.62007], [144.13967, -7.61823], [144.13924, -7.61646], [144.13874, -7.61393], [144.13916, -7.61069], [144.13834, -7.60898], [144.13734, -7.60886], [144.13558, -7.61021], [144.13481, -7.61214], [144.13487, -7.61576], [144.13543, -7.61839], [144.13555, -7.63047], [144.13456, -7.63477], [144.13304, -7.6441], [144.13373, -7.65036], [144.13431, -7.65371], [144.13522, -7.65734], [144.13688, -7.66207], [144.13942, -7.67259], [144.14085, -7.67593], [144.14315, -7.6792], [144.1457, -7.68207], [144.15252, -7.68724], [144.15746, -7.69047], [144.16448, -7.69577], [144.17094, -7.70203], [144.17605, -7.70756], [144.17888, -7.71148], [144.18133, -7.71593], [144.18244, -7.71974], [144.18457, -7.72551], [144.18703, -7.73062], [144.18967, -7.73422], [144.19267, -7.73668], [144.1966, -7.73867], [144.20232, -7.74056], [144.2061, -7.74096], [144.21495, -7.7409], [144.22176, -7.74067], [144.22499, -7.73969], [144.22728, -7.73814], [144.23026, -7.73454], [144.23519, -7.72757], [144.23549, -7.72579], [144.23413, -7.72356], [144.22823, -7.71785], [144.22795, -7.71659], [144.22833, -7.71533], [144.23006, -7.7163], [144.23507, -7.72018], [144.2372, -7.72088], [144.23905, -7.72085], [144.24062, -7.71984], [144.24338, -7.71841], [144.2473, -7.71532], [144.25163, -7.7134], [144.25359, -7.71159], [144.25403, -7.70987], [144.25354, -7.70823], [144.25133, -7.70628], [144.25137, -7.70516], [144.25189, -7.70397], [144.252, -7.70258], [144.25119, -7.70147], [144.25091, -7.70022], [144.25096, -7.69903], [144.25271, -7.69695], [144.25327, -7.69477], [144.25344, -7.69286], [144.25322, -7.68692], [144.25266, -7.68507], [144.25119, -7.68384], [144.24914, -7.68354], [144.2332, -7.68351], [144.22812, -7.68418], [144.22627, -7.68427], [144.22276, -7.6836], [144.21718, -7.68183], [144.20614, -7.67771], [144.20094, -7.67462], [144.19764, -7.67068], [144.19492, -7.66537], [144.19266, -7.66046], [144.18717, -7.64684], [144.1844, -7.6389], [144.18348, -7.63476], [144.18189, -7.62963], [144.18134, -7.62832], [144.18039, -7.62759]]], [[[144.42343, -7.67915], [144.42465, -7.67649], [144.42481, -7.66968], [144.4252, -7.66493], [144.42606, -7.66056], [144.42714, -7.65797], [144.42811, -7.65624], [144.42842, -7.65478], [144.42714, -7.6488], [144.42702, -7.64556], [144.42738, -7.64299], [144.42715, -7.64081], [144.42639, -7.63865], [144.42477, -7.63682], [144.4219, -7.63528], [144.41515, -7.63387], [144.41254, -7.63232], [144.41046, -7.63011], [144.40876, -7.62724], [144.40764, -7.623], [144.40608, -7.61999], [144.40412, -7.61718], [144.40176, -7.61431], [144.40087, -7.61221], [144.4003, -7.60952], [144.39928, -7.60749], [144.3978, -7.60566], [144.39454, -7.60446], [144.39203, -7.60463], [144.38718, -7.60721], [144.38381, -7.60752], [144.38112, -7.60855], [144.37465, -7.61313], [144.37202, -7.61463], [144.36633, -7.61854], [144.36398, -7.62069], [144.36249, -7.62262], [144.36148, -7.62554], [144.36132, -7.62811], [144.36195, -7.63055], [144.36558, -7.63432], [144.36865, -7.63638], [144.37662, -7.64346], [144.37898, -7.64652], [144.38035, -7.64927], [144.38147, -7.65354], [144.38197, -7.65637], [144.38182, -7.65954], [144.38121, -7.66298], [144.37941, -7.66644], [144.37554, -7.6723], [144.37238, -7.67783], [144.37021, -7.68254], [144.36862, -7.68699], [144.3628, -7.69567], [144.36102, -7.70045], [144.36022, -7.70441], [144.36018, -7.71049], [144.36062, -7.71305], [144.36524, -7.72142], [144.36767, -7.72482], [144.37078, -7.72945], [144.37512, -7.7366], [144.37883, -7.74129], [144.38172, -7.74409], [144.38646, -7.74738], [144.39296, -7.75335], [144.39581, -7.75416], [144.39826, -7.75426], [144.40777, -7.75372], [144.41081, -7.75229], [144.41363, -7.75132], [144.41731, -7.74969], [144.41987, -7.74806], [144.42182, -7.74652], [144.42266, -7.74505], [144.42342, -7.74278], [144.42498, -7.74124], [144.42929, -7.73768], [144.42927, -7.73623], [144.42905, -7.73491], [144.42798, -7.73367], [144.41813, -7.7263], [144.41345, -7.72222], [144.41064, -7.72021], [144.40493, -7.71885], [144.4028, -7.71802], [144.40259, -7.71717], [144.40331, -7.7163], [144.40423, -7.71616], [144.4055, -7.71666], [144.40642, -7.71652], [144.4072, -7.71598], [144.40804, -7.71461], [144.40828, -7.70874], [144.40917, -7.70641], [144.41047, -7.70482], [144.41243, -7.7032], [144.41439, -7.70185], [144.4151, -7.70059], [144.415, -7.69874], [144.41432, -7.6971], [144.40973, -7.69117], [144.40784, -7.6881], [144.40748, -7.68606], [144.40805, -7.6844], [144.4092, -7.68233], [144.41103, -7.68092], [144.41208, -7.68051], [144.4136, -7.68049], [144.41699, -7.68143], [144.41904, -7.68133], [144.4216, -7.68063], [144.42343, -7.67915]]], [[[144.66443, -7.65424], [144.66685, -7.65351], [144.66866, -7.65218], [144.66944, -7.65191], [144.67196, -7.65169], [144.6742, -7.64957], [144.67633, -7.64693], [144.67663, -7.64371], [144.6764, -7.64058], [144.67349, -7.63184], [144.67141, -7.62736], [144.67003, -7.62216], [144.6698, -7.61843], [144.67018, -7.61495], [144.67022, -7.61243], [144.66975, -7.60965], [144.6681, -7.6049], [144.66644, -7.60405], [144.66453, -7.60451], [144.6635, -7.60549], [144.66335, -7.60714], [144.66427, -7.6106], [144.66555, -7.61441], [144.667, -7.61804], [144.667, -7.62378], [144.66621, -7.62918], [144.66498, -7.63372], [144.66293, -7.63662], [144.66079, -7.63848], [144.65802, -7.64008], [144.65089, -7.64063], [144.64708, -7.64164], [144.64501, -7.64298], [144.64349, -7.64605], [144.64379, -7.64891], [144.64558, -7.65227], [144.64762, -7.6545], [144.65051, -7.65524], [144.66443, -7.65424]]], [[[144.44469, -7.68787], [144.44824, -7.68644], [144.45071, -7.68409], [144.45179, -7.68167], [144.4524, -7.67783], [144.45412, -7.67358], [144.45562, -7.66808], [144.45785, -7.66231], [144.458, -7.65954], [144.45745, -7.65763], [144.45603, -7.6558], [144.4479, -7.64807], [144.44567, -7.64488], [144.44192, -7.63779], [144.44022, -7.63412], [144.43859, -7.63138], [144.43604, -7.62871], [144.43174, -7.61981], [144.42914, -7.6141], [144.42724, -7.61103], [144.42449, -7.60803], [144.42114, -7.60531], [144.41741, -7.60346], [144.41369, -7.60226], [144.4082, -7.60201], [144.40345, -7.60221], [144.40187, -7.60264], [144.40082, -7.60338], [144.40104, -7.60469], [144.40388, -7.60868], [144.40652, -7.61316], [144.41002, -7.62128], [144.41147, -7.62575], [144.4129, -7.62857], [144.41524, -7.63044], [144.4191, -7.63144], [144.42406, -7.63223], [144.42705, -7.6335], [144.42833, -7.63477], [144.42962, -7.63718], [144.43135, -7.65095], [144.43162, -7.65583], [144.43157, -7.66091], [144.4313, -7.66507], [144.42932, -7.67361], [144.42923, -7.67671], [144.42985, -7.67848], [144.43155, -7.68123], [144.43479, -7.6844], [144.43974, -7.68815], [144.44166, -7.68845], [144.44469, -7.68787]]], [[[143.77666, -7.61186], [143.77736, -7.6108], [143.7774, -7.60897], [143.77687, -7.60392], [143.77553, -7.60191], [143.77361, -7.60122], [143.77236, -7.60143], [143.77017, -7.60415], [143.77, -7.60612], [143.77082, -7.60807], [143.77163, -7.60924], [143.77264, -7.6112], [143.77371, -7.61203], [143.77528, -7.61221], [143.77666, -7.61186]]], [[[144.25166, -7.59338], [144.24975, -7.59334], [144.24824, -7.59436], [144.24455, -7.60397], [144.24274, -7.60677], [144.24172, -7.60923], [144.24157, -7.61233], [144.24254, -7.61529], [144.24498, -7.61915], [144.24813, -7.62233], [144.25016, -7.6254], [144.25079, -7.62777], [144.25137, -7.63119], [144.25128, -7.6339], [144.25058, -7.63582], [144.24844, -7.63855], [144.24601, -7.64382], [144.24593, -7.64752], [144.24637, -7.65015], [144.24798, -7.6521], [144.24998, -7.653], [144.2517, -7.65311], [144.25294, -7.65249], [144.25463, -7.65056], [144.2568, -7.64907], [144.25896, -7.64805], [144.2612, -7.64755], [144.26371, -7.64771], [144.26552, -7.64861], [144.26752, -7.64997], [144.26944, -7.6504], [144.27175, -7.65037], [144.27418, -7.64941], [144.27687, -7.64765], [144.27941, -7.64544], [144.28136, -7.64322], [144.28278, -7.64075], [144.28328, -7.63922], [144.28304, -7.63613], [144.28054, -7.62805], [144.27815, -7.62334], [144.27679, -7.62039], [144.2763, -7.61875], [144.2733, -7.61265], [144.27045, -7.60794], [144.27016, -7.60558], [144.27037, -7.6026], [144.27006, -7.59904], [144.2683, -7.59643], [144.26642, -7.59428], [144.26429, -7.59339], [144.2623, -7.59342], [144.25999, -7.59372], [144.25736, -7.59428], [144.25466, -7.59439], [144.25166, -7.59338]]], [[[144.22642, -7.66964], [144.23202, -7.66851], [144.23754, -7.66658], [144.24505, -7.66429], [144.25487, -7.66217], [144.25756, -7.66113], [144.25959, -7.65992], [144.26017, -7.65892], [144.25929, -7.65742], [144.25749, -7.65652], [144.25497, -7.65609], [144.24889, -7.65605], [144.24609, -7.65477], [144.24382, -7.65283], [144.24254, -7.65107], [144.24144, -7.64818], [144.24141, -7.6462], [144.24184, -7.64413], [144.24551, -7.63319], [144.24526, -7.6295], [144.24461, -7.62588], [144.24054, -7.61908], [144.23911, -7.61606], [144.2382, -7.61324], [144.23842, -7.60981], [144.23974, -7.6055], [144.24205, -7.60091], [144.24456, -7.59645], [144.24466, -7.59434], [144.24418, -7.5931], [144.24278, -7.59199], [144.24105, -7.59169], [144.23914, -7.59211], [144.22254, -7.60431], [144.21907, -7.60706], [144.21752, -7.60913], [144.21636, -7.61112], [144.2158, -7.61344], [144.21586, -7.61747], [144.21629, -7.62439], [144.21715, -7.62847], [144.21733, -7.63169], [144.21683, -7.63375], [144.21523, -7.63701], [144.20769, -7.64591], [144.20536, -7.64951], [144.20365, -7.65402], [144.20226, -7.65885], [144.2023, -7.66136], [144.20321, -7.66438], [144.20537, -7.66739], [144.20771, -7.6692], [144.21083, -7.67034], [144.22642, -7.66964]]], [[[144.34811, -7.59219], [144.34823, -7.59107], [144.34794, -7.58963], [144.34693, -7.58858], [144.3446, -7.58736], [144.34335, -7.58745], [144.34283, -7.58805], [144.34337, -7.5889], [144.34464, -7.5902], [144.34519, -7.59131], [144.34673, -7.59235], [144.34811, -7.59219]]], [[[144.29409, -7.64447], [144.29719, -7.64369], [144.3002, -7.64193], [144.30189, -7.64052], [144.30286, -7.63879], [144.30362, -7.63197], [144.30417, -7.62925], [144.30449, -7.61955], [144.30368, -7.61468], [144.3027, -7.61087], [144.30203, -7.606], [144.30088, -7.60423], [144.29835, -7.60229], [144.29388, -7.59991], [144.28583, -7.59634], [144.28389, -7.59505], [144.2802, -7.59122], [144.27763, -7.58742], [144.27641, -7.585], [144.27528, -7.58469], [144.27396, -7.58497], [144.26901, -7.58979], [144.2687, -7.59132], [144.26905, -7.59244], [144.27073, -7.59452], [144.27212, -7.59879], [144.27428, -7.60146], [144.27736, -7.60451], [144.28191, -7.60841], [144.2842, -7.61121], [144.2861, -7.61448], [144.28748, -7.61849], [144.28773, -7.62152], [144.28735, -7.63181], [144.28775, -7.64027], [144.28832, -7.6431], [144.28946, -7.64447], [144.29125, -7.64484], [144.29409, -7.64447]]], [[[144.29944, -7.57786], [144.29718, -7.57671], [144.29231, -7.57335], [144.28905, -7.57221], [144.28641, -7.57244], [144.28497, -7.57299], [144.28359, -7.57407], [144.2827, -7.57613], [144.28254, -7.57877], [144.28372, -7.58284], [144.28533, -7.58453], [144.28854, -7.58653], [144.29226, -7.58806], [144.29633, -7.59031], [144.30113, -7.59347], [144.30549, -7.59763], [144.30811, -7.60069], [144.31083, -7.6054], [144.31343, -7.61136], [144.31448, -7.61455], [144.31402, -7.61984], [144.31427, -7.62267], [144.31573, -7.62766], [144.31869, -7.64419], [144.31978, -7.64662], [144.3275, -7.65864], [144.32979, -7.66151], [144.33229, -7.66537], [144.33539, -7.66882], [144.33896, -7.67331], [144.34037, -7.67471], [144.3427, -7.67613], [144.34592, -7.67899], [144.34847, -7.68205], [144.35048, -7.68367], [144.35247, -7.68397], [144.35445, -7.68354], [144.35601, -7.6822], [144.36375, -7.66942], [144.36609, -7.66634], [144.36986, -7.66233], [144.37128, -7.65987], [144.37204, -7.65761], [144.37199, -7.6551], [144.37057, -7.65268], [144.36541, -7.64782], [144.36073, -7.64465], [144.35781, -7.64364], [144.35423, -7.64297], [144.34972, -7.64158], [144.34359, -7.63851], [144.34045, -7.63638], [144.33803, -7.63371], [144.33693, -7.63099], [144.33648, -7.62723], [144.33753, -7.62234], [144.3398, -7.61907], [144.34441, -7.61405], [144.34602, -7.61143], [144.34903, -7.60465], [144.3489, -7.60069], [144.34785, -7.59715], [144.34596, -7.5944], [144.34289, -7.59234], [144.34003, -7.59112], [144.33558, -7.58985], [144.32175, -7.58452], [144.31723, -7.58241], [144.31502, -7.58046], [144.31386, -7.57784], [144.31301, -7.57502], [144.31195, -7.57417], [144.31049, -7.57393], [144.30911, -7.57428], [144.30642, -7.57597], [144.30183, -7.57789], [144.29944, -7.57786]]], [[[144.25622, -7.57325], [144.25648, -7.57259], [144.25614, -7.57194], [144.25475, -7.57189], [144.25424, -7.57282], [144.25458, -7.57335], [144.25537, -7.57353], [144.25622, -7.57325]]], [[[144.10337, -7.57544], [144.10374, -7.56923], [144.10336, -7.56587], [144.10333, -7.56383], [144.10195, -7.56009], [144.10081, -7.55891], [144.09908, -7.55815], [144.09709, -7.55771], [144.09333, -7.5581], [144.09221, -7.55845], [144.09169, -7.55911], [144.0917, -7.5603], [144.09248, -7.56313], [144.09256, -7.56913], [144.09379, -7.57148], [144.09547, -7.57325], [144.09746, -7.57427], [144.09932, -7.57464], [144.10152, -7.57593], [144.10252, -7.57604], [144.10337, -7.57544]]], [[[144.3912, -7.55717], [144.38794, -7.55543], [144.38225, -7.55064], [144.38054, -7.55086], [144.37977, -7.55239], [144.37981, -7.55549], [144.3815, -7.55778], [144.38486, -7.56161], [144.39269, -7.5681], [144.39451, -7.57031], [144.39568, -7.57333], [144.39624, -7.57979], [144.39665, -7.58519], [144.3964, -7.59067], [144.39706, -7.59489], [144.39835, -7.59665], [144.40061, -7.59786], [144.40359, -7.59822], [144.40973, -7.59754], [144.41701, -7.59828], [144.42292, -7.59984], [144.42575, -7.59973], [144.42772, -7.59884], [144.42909, -7.59757], [144.42912, -7.59487], [144.42601, -7.59029], [144.42403, -7.58676], [144.42208, -7.58402], [144.4197, -7.57996], [144.41887, -7.57747], [144.41834, -7.57253], [144.41749, -7.56957], [144.41578, -7.56537], [144.41512, -7.56103], [144.41192, -7.55441], [144.41005, -7.55365], [144.4084, -7.55381], [144.40203, -7.55654], [144.39809, -7.55753], [144.39452, -7.55771], [144.3912, -7.55717]]], [[[144.37752, -7.55484], [144.37763, -7.55319], [144.37831, -7.55002], [144.37847, -7.5479], [144.37759, -7.54653], [144.37634, -7.54635], [144.37561, -7.54702], [144.37538, -7.54907], [144.37544, -7.55309], [144.37634, -7.55526], [144.37693, -7.55538], [144.37752, -7.55484]]], [[[143.76987, -7.60104], [143.77136, -7.59977], [143.77308, -7.59646], [143.77311, -7.59371], [143.77128, -7.58973], [143.7703, -7.58548], [143.76556, -7.57079], [143.76352, -7.56649], [143.76065, -7.5585], [143.75739, -7.55114], [143.7541, -7.54659], [143.75278, -7.54601], [143.75154, -7.5463], [143.75089, -7.54716], [143.75053, -7.54949], [143.74989, -7.55062], [143.74821, -7.55221], [143.74326, -7.55537], [143.74105, -7.5575], [143.74042, -7.55948], [143.74093, -7.56288], [143.74284, -7.56738], [143.74356, -7.5719], [143.74473, -7.57535], [143.74646, -7.5771], [143.74942, -7.58224], [143.75196, -7.58496], [143.75406, -7.58952], [143.7556, -7.59146], [143.76168, -7.59827], [143.76534, -7.6013], [143.76809, -7.60132], [143.76987, -7.60104]]], [[[144.24369, -7.5882], [144.24446, -7.58719], [144.24504, -7.58138], [144.24592, -7.57892], [144.24754, -7.57619], [144.24975, -7.57359], [144.25212, -7.5688], [144.25209, -7.56662], [144.2516, -7.56472], [144.25012, -7.56342], [144.24442, -7.56232], [144.23905, -7.56088], [144.23658, -7.55927], [144.23436, -7.55693], [144.23253, -7.55431], [144.23103, -7.55071], [144.23032, -7.54768], [144.22949, -7.54519], [144.22801, -7.54343], [144.22548, -7.54208], [144.22257, -7.54159], [144.22066, -7.54189], [144.21968, -7.54289], [144.21971, -7.54507], [144.2202, -7.54704], [144.22142, -7.54854], [144.22536, -7.55198], [144.22933, -7.55614], [144.23062, -7.5585], [144.23452, -7.56319], [144.23648, -7.56593], [144.23771, -7.56895], [144.23837, -7.57297], [144.2383, -7.57732], [144.23866, -7.57923], [144.23986, -7.58033], [144.24082, -7.58203], [144.24215, -7.58716], [144.24289, -7.58821], [144.24369, -7.5882]]], [[[144.59723, -7.56265], [144.59774, -7.56152], [144.59787, -7.55917], [144.59829, -7.55812], [144.59924, -7.55723], [144.60157, -7.5559], [144.60434, -7.55481], [144.60734, -7.55207], [144.60898, -7.551], [144.61095, -7.54897], [144.61214, -7.54669], [144.61226, -7.54339], [144.61106, -7.53914], [144.60667, -7.53661], [144.60299, -7.53553], [144.59977, -7.53566], [144.59544, -7.5366], [144.5938, -7.53801], [144.5921, -7.54065], [144.59056, -7.5425], [144.58824, -7.54419], [144.58565, -7.54553], [144.58436, -7.54685], [144.58422, -7.54877], [144.58434, -7.55111], [144.58558, -7.5524], [144.58866, -7.55452], [144.58982, -7.55607], [144.59005, -7.56042], [144.59103, -7.56136], [144.59208, -7.56187], [144.59418, -7.5627], [144.59602, -7.56302], [144.59723, -7.56265]]], [[[144.56452, -7.54818], [144.56146, -7.5477], [144.55934, -7.546], [144.55766, -7.54402], [144.55681, -7.54258], [144.55634, -7.54033], [144.55536, -7.53913], [144.55273, -7.53804], [144.54845, -7.53671], [144.5453, -7.53606], [144.54084, -7.53483], [144.53797, -7.53461], [144.53606, -7.53481], [144.53511, -7.53587], [144.53548, -7.53708], [144.53566, -7.5429], [144.53631, -7.54576], [144.53795, -7.55017], [144.53983, -7.55353], [144.54222, -7.55654], [144.54601, -7.55909], [144.54874, -7.56131], [144.55174, -7.56413], [144.55265, -7.56638], [144.55312, -7.56872], [144.55465, -7.57157], [144.55531, -7.5752], [144.55567, -7.58207], [144.55658, -7.58406], [144.55714, -7.58632], [144.55708, -7.58806], [144.55814, -7.589], [144.55927, -7.58916], [144.56109, -7.58861], [144.56315, -7.58658], [144.56417, -7.585], [144.56502, -7.58412], [144.56598, -7.58419], [144.56652, -7.58505], [144.56567, -7.58645], [144.56241, -7.58955], [144.55974, -7.59132], [144.55713, -7.59137], [144.55601, -7.59199], [144.55532, -7.59313], [144.55614, -7.59547], [144.55709, -7.60041], [144.55809, -7.603], [144.55968, -7.60454], [144.56258, -7.60597], [144.56618, -7.60844], [144.56709, -7.6106], [144.56774, -7.61363], [144.56901, -7.61674], [144.57158, -7.61983], [144.57223, -7.62217], [144.57285, -7.62329], [144.57373, -7.62345], [144.57815, -7.61687], [144.58126, -7.61465], [144.58193, -7.61333], [144.58207, -7.61115], [144.58184, -7.60725], [144.58242, -7.60523], [144.58454, -7.60138], [144.58632, -7.59866], [144.58994, -7.59591], [144.59138, -7.59354], [144.59289, -7.58969], [144.59405, -7.58602], [144.59519, -7.5837], [144.59498, -7.58118], [144.59375, -7.58024], [144.59104, -7.57985], [144.58903, -7.57918], [144.58833, -7.57876], [144.58832, -7.57815], [144.58918, -7.57788], [144.59189, -7.57836], [144.59363, -7.5785], [144.59539, -7.57978], [144.59645, -7.58029], [144.59757, -7.5801], [144.59851, -7.57878], [144.59787, -7.5707], [144.59798, -7.5667], [144.59629, -7.56447], [144.5947, -7.56336], [144.592, -7.56314], [144.59016, -7.56265], [144.58901, -7.56136], [144.58862, -7.55815], [144.58755, -7.55669], [144.58631, -7.55541], [144.58438, -7.55457], [144.58323, -7.5532], [144.58266, -7.55033], [144.58143, -7.54931], [144.57872, -7.54883], [144.57508, -7.54958], [144.57203, -7.54989], [144.56452, -7.54818]]], [[[144.74647, -7.62827], [144.74942, -7.62752], [144.75271, -7.62609], [144.75408, -7.62458], [144.75517, -7.62231], [144.75617, -7.61925], [144.75665, -7.61655], [144.75972, -7.61267], [144.76089, -7.60935], [144.76163, -7.60664], [144.76195, -7.60421], [144.76172, -7.60134], [144.76066, -7.59997], [144.76037, -7.59841], [144.76062, -7.59754], [144.76265, -7.59376], [144.7634, -7.5914], [144.76344, -7.58888], [144.76298, -7.58672], [144.76199, -7.58456], [144.75959, -7.5819], [144.75853, -7.58], [144.75841, -7.57826], [144.75734, -7.57654], [144.7553, -7.57414], [144.75203, -7.57097], [144.74999, -7.56831], [144.74872, -7.56555], [144.74736, -7.562], [144.74511, -7.55743], [144.74272, -7.55434], [144.74034, -7.5529], [144.73483, -7.55124], [144.72894, -7.5476], [144.72443, -7.54358], [144.72161, -7.54163], [144.71995, -7.54069], [144.71694, -7.53761], [144.71553, -7.53642], [144.71265, -7.5362], [144.71047, -7.53571], [144.70582, -7.53404], [144.70399, -7.53407], [144.7034, -7.53504], [144.7036, -7.5366], [144.70494, -7.53857], [144.70521, -7.54527], [144.70591, -7.55047], [144.70537, -7.55518], [144.70421, -7.55937], [144.70244, -7.5627], [144.70009, -7.56643], [144.69883, -7.56915], [144.69878, -7.57106], [144.69852, -7.57159], [144.69757, -7.57238], [144.69611, -7.5731], [144.69509, -7.5746], [144.6928, -7.57906], [144.69248, -7.58063], [144.69285, -7.58184], [144.69408, -7.58252], [144.696, -7.58327], [144.69803, -7.58507], [144.7, -7.58869], [144.70123, -7.59467], [144.70223, -7.59708], [144.70436, -7.59992], [144.70812, -7.604], [144.71287, -7.60688], [144.7165, -7.61082], [144.71971, -7.61512], [144.72465, -7.61974], [144.73599, -7.62652], [144.74054, -7.62801], [144.74342, -7.6284], [144.74647, -7.62827]]], [[[144.26829, -7.58865], [144.271, -7.58438], [144.2725, -7.58317], [144.27486, -7.58202], [144.27623, -7.58081], [144.27784, -7.57742], [144.27819, -7.57462], [144.27808, -7.57159], [144.27683, -7.5633], [144.27593, -7.5608], [144.27411, -7.55839], [144.27151, -7.55632], [144.26724, -7.54985], [144.2651, -7.54803], [144.26271, -7.54735], [144.2596, -7.54692], [144.25714, -7.54571], [144.25539, -7.54363], [144.25435, -7.54074], [144.2523, -7.53641], [144.25083, -7.53491], [144.24849, -7.5335], [144.24477, -7.53217], [144.24345, -7.53232], [144.24228, -7.53326], [144.23974, -7.53581], [144.23714, -7.53914], [144.2351, -7.54359], [144.23473, -7.54578], [144.23493, -7.55], [144.23569, -7.55216], [144.23611, -7.554], [144.23706, -7.55558], [144.239, -7.55759], [144.2414, -7.55894], [144.25016, -7.56073], [144.25361, -7.5618], [144.25722, -7.56452], [144.25917, -7.56686], [144.2606, -7.56994], [144.26091, -7.57257], [144.25981, -7.57411], [144.25416, -7.57658], [144.24984, -7.57902], [144.24855, -7.58109], [144.24785, -7.58341], [144.24788, -7.58558], [144.25024, -7.58852], [144.25304, -7.59046], [144.2561, -7.5912], [144.25788, -7.59098], [144.26241, -7.58906], [144.26361, -7.58944], [144.26552, -7.58975], [144.26697, -7.58946], [144.26829, -7.58865]]], [[[144.6501, -7.53505], [144.64937, -7.53297], [144.64804, -7.53187], [144.64622, -7.53172], [144.64387, -7.53228], [144.63989, -7.53425], [144.63618, -7.53648], [144.63048, -7.539], [144.62736, -7.53975], [144.62439, -7.53987], [144.62003, -7.53985], [144.61681, -7.53964], [144.61436, -7.53907], [144.6134, -7.53917], [144.61298, -7.54013], [144.6137, -7.54142], [144.61433, -7.54307], [144.61445, -7.54515], [144.61388, -7.54725], [144.61235, -7.54979], [144.60875, -7.5535], [144.60652, -7.55588], [144.60064, -7.55858], [144.60005, -7.56007], [144.59958, -7.56372], [144.59999, -7.56754], [144.59945, -7.57163], [144.60136, -7.57691], [144.60147, -7.57847], [144.60314, -7.57975], [144.60506, -7.58007], [144.6075, -7.5796], [144.60916, -7.57975], [144.60935, -7.58105], [144.60874, -7.58184], [144.60657, -7.58187], [144.6043, -7.58164], [144.60133, -7.58108], [144.60012, -7.58145], [144.59918, -7.5826], [144.59748, -7.58531], [144.59622, -7.5882], [144.59565, -7.59108], [144.59456, -7.59388], [144.59329, -7.59581], [144.59158, -7.59758], [144.58814, -7.6005], [144.58703, -7.60208], [144.58672, -7.60478], [144.58704, -7.60886], [144.5862, -7.61072], [144.5799, -7.62021], [144.57927, -7.62447], [144.57966, -7.62725], [144.57943, -7.6289], [144.57746, -7.63137], [144.57575, -7.63322], [144.57508, -7.63488], [144.57548, -7.63792], [144.57706, -7.63937], [144.57961, -7.6409], [144.58242, -7.64215], [144.58591, -7.64306], [144.58801, -7.6432], [144.59087, -7.6422], [144.59164, -7.64132], [144.59236, -7.6374], [144.5933, -7.63608], [144.5945, -7.63519], [144.59624, -7.63438], [144.59487, -7.6364], [144.59361, -7.63929], [144.59296, -7.64226], [144.59249, -7.64574], [144.59313, -7.64729], [144.59454, -7.6491], [144.59798, -7.65113], [144.60174, -7.65238], [144.61168, -7.65353], [144.61378, -7.65385], [144.617, -7.65397], [144.62023, -7.65453], [144.62276, -7.65466], [144.62537, -7.65419], [144.62718, -7.65347], [144.63249, -7.64739], [144.63547, -7.64308], [144.63623, -7.64125], [144.63506, -7.639], [144.63379, -7.63598], [144.6329, -7.63452], [144.63122, -7.63315], [144.63063, -7.63155], [144.63106, -7.63085], [144.63218, -7.63031], [144.63306, -7.63099], [144.63335, -7.63256], [144.63583, -7.63503], [144.63664, -7.63693], [144.63738, -7.63971], [144.63827, -7.64108], [144.63976, -7.64167], [144.64081, -7.64174], [144.64306, -7.64118], [144.64634, -7.63896], [144.64841, -7.63797], [144.65329, -7.63859], [144.65546, -7.63812], [144.66023, -7.63657], [144.66118, -7.63569], [144.66219, -7.63376], [144.66302, -7.63088], [144.66383, -7.62721], [144.66422, -7.62399], [144.66433, -7.614], [144.66395, -7.61217], [144.66237, -7.61116], [144.66106, -7.611], [144.6575, -7.61158], [144.65549, -7.6117], [144.65278, -7.61096], [144.64908, -7.60814], [144.64796, -7.60586], [144.64835, -7.60254], [144.64924, -7.59862], [144.64913, -7.59697], [144.64808, -7.59638], [144.64686, -7.59623], [144.64565, -7.59685], [144.6405, -7.6018], [144.63878, -7.60313], [144.63748, -7.6035], [144.63712, -7.60298], [144.6383, -7.60062], [144.6407, -7.59831], [144.64389, -7.59618], [144.64571, -7.59546], [144.64806, -7.59507], [144.65015, -7.5953], [144.65104, -7.59642], [144.65124, -7.5985], [144.6499, -7.60182], [144.64959, -7.60418], [144.65023, -7.60591], [144.65235, -7.60831], [144.65471, -7.60888], [144.65854, -7.60865], [144.66113, -7.60687], [144.66301, -7.60441], [144.66341, -7.60266], [144.66347, -7.60075], [144.66201, -7.59608], [144.66117, -7.59279], [144.65983, -7.59054], [144.65788, -7.58866], [144.65517, -7.58732], [144.65255, -7.58675], [144.65019, -7.58661], [144.6475, -7.58708], [144.64585, -7.58772], [144.64413, -7.58905], [144.64199, -7.59152], [144.64096, -7.59197], [144.63851, -7.59183], [144.63704, -7.59237], [144.63524, -7.59388], [144.63379, -7.59564], [144.63179, -7.59663], [144.62997, -7.597], [144.62822, -7.59651], [144.62628, -7.59462], [144.62528, -7.59229], [144.62516, -7.58978], [144.6263, -7.59063], [144.62773, -7.59243], [144.62862, -7.59416], [144.62976, -7.59484], [144.63107, -7.59473], [144.63279, -7.59348], [144.63537, -7.5911], [144.63831, -7.58975], [144.64013, -7.58955], [144.64143, -7.58909], [144.64375, -7.58697], [144.64625, -7.58519], [144.64815, -7.58429], [144.65015, -7.58426], [144.65261, -7.58536], [144.65436, -7.58576], [144.65714, -7.58581], [144.65809, -7.5851], [144.65876, -7.58387], [144.65925, -7.58099], [144.65927, -7.5769], [144.65827, -7.57457], [144.6565, -7.57173], [144.65322, -7.56821], [144.65127, -7.56546], [144.64983, -7.56261], [144.6503, -7.55957], [144.65062, -7.55208], [144.65009, -7.55157], [144.64922, -7.55176], [144.64846, -7.55325], [144.64788, -7.555], [144.64686, -7.55657], [144.64557, -7.5572], [144.64486, -7.55678], [144.64493, -7.55565], [144.64587, -7.55407], [144.64661, -7.55153], [144.64988, -7.54383], [144.6501, -7.53505]]], [[[144.68093, -7.56372], [144.68345, -7.56289], [144.68666, -7.56232], [144.68856, -7.56125], [144.69155, -7.55755], [144.69383, -7.55326], [144.69499, -7.5495], [144.69521, -7.54637], [144.69428, -7.54221], [144.69231, -7.53929], [144.6892, -7.53525], [144.6848, -7.53184], [144.67997, -7.52983], [144.67113, -7.52692], [144.66948, -7.52686], [144.66471, -7.52789], [144.66176, -7.52889], [144.66038, -7.52987], [144.66014, -7.53152], [144.66277, -7.53783], [144.66307, -7.54078], [144.66331, -7.54469], [144.66196, -7.55322], [144.66246, -7.55696], [144.66379, -7.55868], [144.66519, -7.55917], [144.67094, -7.55978], [144.67384, -7.56069], [144.67507, -7.56181], [144.67632, -7.56335], [144.67798, -7.56437], [144.67929, -7.56444], [144.68093, -7.56372]]], [[[144.38, -7.53203], [144.38057, -7.53093], [144.38054, -7.52904], [144.3795, -7.52556], [144.3787, -7.52534], [144.37799, -7.52591], [144.37748, -7.52724], [144.37751, -7.52949], [144.37792, -7.53047], [144.3792, -7.5321], [144.38, -7.53203]]], [[[144.3732, -7.52434], [144.37266, -7.52101], [144.37168, -7.51961], [144.37082, -7.51939], [144.36984, -7.52069], [144.36977, -7.52241], [144.37051, -7.52342], [144.37148, -7.5243], [144.37245, -7.52465], [144.3732, -7.52434]]], [[[144.24396, -7.52146], [144.24392, -7.51901], [144.24339, -7.51876], [144.24357, -7.5218], [144.24396, -7.52146]]], [[[144.45364, -7.53725], [144.45057, -7.53625], [144.4488, -7.53411], [144.44772, -7.5316], [144.44775, -7.52838], [144.44852, -7.52168], [144.44839, -7.51881], [144.44671, -7.51701], [144.44426, -7.51601], [144.44251, -7.51585], [144.43939, -7.51668], [144.43749, -7.51793], [144.43561, -7.52013], [144.43366, -7.52364], [144.43284, -7.52669], [144.43287, -7.52843], [144.43547, -7.53413], [144.4385, -7.53817], [144.43967, -7.54093], [144.44144, -7.54821], [144.44185, -7.5522], [144.44156, -7.55589], [144.44093, -7.56051], [144.44101, -7.56555], [144.44003, -7.57026], [144.44018, -7.57391], [144.44128, -7.57771], [144.44343, -7.58142], [144.44748, -7.58467], [144.45564, -7.58889], [144.46401, -7.59485], [144.4688, -7.60068], [144.46976, -7.6011], [144.47063, -7.60083], [144.47157, -7.59986], [144.47206, -7.59785], [144.47221, -7.59585], [144.47181, -7.59307], [144.47066, -7.59161], [144.46855, -7.58956], [144.46669, -7.58802], [144.46557, -7.58326], [144.46535, -7.57978], [144.46559, -7.57874], [144.46645, -7.57838], [144.46742, -7.57888], [144.46779, -7.58009], [144.46779, -7.58549], [144.46911, -7.5872], [144.47239, -7.59037], [144.4732, -7.5921], [144.4737, -7.59387], [144.47322, -7.60248], [144.47347, -7.60735], [144.47421, -7.61003], [144.47588, -7.61148], [144.47695, -7.61277], [144.47971, -7.6169], [144.4832, -7.62276], [144.4863, -7.62654], [144.49041, -7.63308], [144.49308, -7.6368], [144.49451, -7.63939], [144.49666, -7.64344], [144.49853, -7.64575], [144.50153, -7.64867], [144.50428, -7.65201], [144.5101, -7.66253], [144.51123, -7.66464], [144.51205, -7.66706], [144.51245, -7.67036], [144.51474, -7.67823], [144.51689, -7.68238], [144.52035, -7.68632], [144.52387, -7.68887], [144.52773, -7.69055], [144.52991, -7.69095], [144.53261, -7.69048], [144.54023, -7.68767], [144.54672, -7.68479], [144.54955, -7.68248], [144.55141, -7.67907], [144.55292, -7.67453], [144.55344, -7.66904], [144.55355, -7.66452], [144.55194, -7.66176], [144.55018, -7.66066], [144.54722, -7.6607], [144.54513, -7.66056], [144.54127, -7.65897], [144.53661, -7.65634], [144.53483, -7.6535], [144.53175, -7.65121], [144.52811, -7.64674], [144.52424, -7.64497], [144.52335, -7.64351], [144.52159, -7.63658], [144.52068, -7.63372], [144.52027, -7.63008], [144.51911, -7.62819], [144.51727, -7.62752], [144.50717, -7.62689], [144.50401, -7.62579], [144.50111, -7.62384], [144.49889, -7.62117], [144.49702, -7.61833], [144.49531, -7.61444], [144.49448, -7.61133], [144.49286, -7.60831], [144.49047, -7.60557], [144.48624, -7.60259], [144.4827, -7.5989], [144.48047, -7.59529], [144.47982, -7.59243], [144.47977, -7.58921], [144.48007, -7.58599], [144.48149, -7.58258], [144.48354, -7.57959], [144.49159, -7.57095], [144.49303, -7.56814], [144.49316, -7.55943], [144.49207, -7.55649], [144.48959, -7.55401], [144.48652, -7.55223], [144.48248, -7.5502], [144.48126, -7.54987], [144.47962, -7.55094], [144.47842, -7.55261], [144.47855, -7.55495], [144.47798, -7.5574], [144.47704, -7.55889], [144.47528, -7.56035], [144.4712, -7.56111], [144.46537, -7.56137], [144.46352, -7.55992], [144.46306, -7.55827], [144.46284, -7.55558], [144.46511, -7.55024], [144.46486, -7.54564], [144.46428, -7.54139], [144.46333, -7.5391], [144.46086, -7.5374], [144.45886, -7.53717], [144.45555, -7.53757], [144.45364, -7.53725]]], [[[144.38087, -7.52432], [144.38151, -7.52296], [144.38162, -7.52141], [144.3806, -7.51743], [144.37982, -7.51593], [144.37869, -7.51541], [144.37757, -7.51592], [144.37706, -7.51712], [144.37703, -7.51934], [144.37812, -7.5216], [144.37991, -7.5245], [144.38087, -7.52432]]], [[[144.59478, -7.50849], [144.59275, -7.50644], [144.59131, -7.50341], [144.59016, -7.50195], [144.58927, -7.50136], [144.58823, -7.50137], [144.58686, -7.50252], [144.58584, -7.50428], [144.58035, -7.51575], [144.57049, -7.53069], [144.56508, -7.53607], [144.56309, -7.53714], [144.56118, -7.53743], [144.55936, -7.53798], [144.55876, -7.53834], [144.55799, -7.53948], [144.55828, -7.54112], [144.5596, -7.54241], [144.56742, -7.54707], [144.57031, -7.54772], [144.57405, -7.54793], [144.5771, -7.54771], [144.57978, -7.54663], [144.58426, -7.54307], [144.58693, -7.54147], [144.59269, -7.53695], [144.59633, -7.53515], [144.60092, -7.53378], [144.60247, -7.53297], [144.6034, -7.53105], [144.60464, -7.52712], [144.60521, -7.52406], [144.60614, -7.52205], [144.60767, -7.51959], [144.60842, -7.51749], [144.60845, -7.51411], [144.60797, -7.51133], [144.60699, -7.50961], [144.60506, -7.50894], [144.60314, -7.5088], [144.59714, -7.50914], [144.59478, -7.50849]]], [[[144.81611, -7.5175], [144.81785, -7.51623], [144.82016, -7.51319], [144.82523, -7.5073], [144.82783, -7.5023], [144.82969, -7.50005], [144.83026, -7.499], [144.82987, -7.49861], [144.82797, -7.49858], [144.82621, -7.49893], [144.82464, -7.49915], [144.82256, -7.49978], [144.82082, -7.50098], [144.81973, -7.50282], [144.81866, -7.50544], [144.81831, -7.508], [144.81698, -7.51056], [144.81535, -7.5149], [144.81492, -7.51693], [144.81539, -7.51751], [144.81611, -7.5175]]], [[[144.36984, -7.50973], [144.37107, -7.509], [144.37156, -7.50713], [144.37133, -7.50433], [144.37026, -7.50278], [144.36794, -7.50054], [144.36619, -7.49836], [144.36507, -7.49803], [144.36417, -7.49842], [144.36378, -7.49944], [144.36394, -7.50044], [144.3659, -7.50374], [144.36656, -7.50538], [144.36693, -7.50742], [144.368, -7.50897], [144.36895, -7.50982], [144.36984, -7.50973]]], [[[144.8023, -7.49764], [144.80122, -7.49596], [144.80003, -7.49454], [144.79885, -7.49417], [144.79754, -7.49438], [144.79463, -7.49599], [144.79224, -7.49793], [144.79036, -7.49861], [144.78871, -7.49824], [144.78687, -7.49749], [144.78582, -7.49737], [144.7841, -7.49809], [144.78225, -7.50086], [144.78077, -7.50212], [144.77954, -7.50273], [144.77732, -7.50309], [144.77635, -7.50388], [144.77346, -7.50765], [144.76978, -7.51127], [144.76782, -7.51417], [144.7675, -7.51635], [144.76755, -7.51913], [144.76889, -7.52128], [144.7698, -7.52361], [144.77001, -7.52631], [144.76805, -7.52869], [144.7658, -7.52994], [144.76331, -7.53233], [144.76047, -7.53411], [144.75883, -7.53483], [144.75393, -7.53916], [144.75325, -7.5403], [144.75353, -7.54151], [144.7577, -7.5465], [144.7616, -7.55043], [144.76567, -7.55524], [144.76903, -7.55814], [144.77525, -7.56083], [144.7785, -7.56286], [144.78052, -7.56336], [144.78208, -7.5629], [144.78249, -7.56176], [144.78176, -7.55942], [144.77783, -7.5527], [144.77767, -7.54801], [144.77821, -7.54427], [144.7789, -7.5433], [144.78046, -7.54293], [144.78325, -7.54288], [144.78631, -7.54397], [144.78823, -7.54411], [144.78986, -7.54287], [144.79063, -7.54173], [144.79095, -7.54007], [144.7897, -7.538], [144.78734, -7.53708], [144.78507, -7.53703], [144.77761, -7.53888], [144.7756, -7.53865], [144.77446, -7.53789], [144.77312, -7.53591], [144.77336, -7.53417], [144.77395, -7.53312], [144.77602, -7.53221], [144.77563, -7.53448], [144.77609, -7.53595], [144.77767, -7.53688], [144.77942, -7.53719], [144.78306, -7.5361], [144.78497, -7.53572], [144.78793, -7.53594], [144.79003, -7.53634], [144.79162, -7.53788], [144.79235, -7.53961], [144.79203, -7.54179], [144.79111, -7.54397], [144.78965, -7.54539], [144.78774, -7.54611], [144.78301, -7.5441], [144.7817, -7.54412], [144.7805, -7.54535], [144.78048, -7.54953], [144.78079, -7.55257], [144.78162, -7.55568], [144.78306, -7.55862], [144.78362, -7.56113], [144.78356, -7.56287], [144.78185, -7.56455], [144.78055, -7.56483], [144.7781, -7.56443], [144.77487, -7.56352], [144.77188, -7.56209], [144.77087, -7.56189], [144.77001, -7.56216], [144.76942, -7.56339], [144.76889, -7.57409], [144.76928, -7.57669], [144.7702, -7.58024], [144.77155, -7.58813], [144.77164, -7.5915], [144.77174, -7.59491], [144.77159, -7.59912], [144.77105, -7.60349], [144.76948, -7.60898], [144.7678, -7.61292], [144.76739, -7.61444], [144.76714, -7.61537], [144.76631, -7.62329], [144.76542, -7.62458], [144.76268, -7.62696], [144.76059, -7.63282], [144.75969, -7.63692], [144.7599, -7.63917], [144.761, -7.6422], [144.76094, -7.64438], [144.75984, -7.64657], [144.7605, -7.64925], [144.75991, -7.65074], [144.74996, -7.66046], [144.74921, -7.66273], [144.7495, -7.66428], [144.75196, -7.66599], [144.75503, -7.66733], [144.76587, -7.67038], [144.76936, -7.67041], [144.77102, -7.67082], [144.77242, -7.67097], [144.77397, -7.67025], [144.77534, -7.66876], [144.77659, -7.66517], [144.77708, -7.66264], [144.77825, -7.65976], [144.77988, -7.65799], [144.7816, -7.65684], [144.78498, -7.65556], [144.78897, -7.65463], [144.79167, -7.65468], [144.79523, -7.65419], [144.79747, -7.65259], [144.79822, -7.65049], [144.79792, -7.64771], [144.79693, -7.64555], [144.79418, -7.64256], [144.79135, -7.63999], [144.78898, -7.63829], [144.78874, -7.63712], [144.78969, -7.63641], [144.79099, -7.63648], [144.79248, -7.63698], [144.79745, -7.6429], [144.79906, -7.64557], [144.79979, -7.64808], [144.79933, -7.65182], [144.79832, -7.6541], [144.79617, -7.65596], [144.79314, -7.6567], [144.78926, -7.65716], [144.78458, -7.65818], [144.78173, -7.66022], [144.77952, -7.66295], [144.77774, -7.6662], [144.77572, -7.67093], [144.77465, -7.67511], [144.77513, -7.67815], [144.77663, -7.67943], [144.78488, -7.68312], [144.78752, -7.68508], [144.7891, -7.68567], [144.79084, -7.68546], [144.79389, -7.68542], [144.79877, -7.68613], [144.80278, -7.68589], [144.80694, -7.68469], [144.8111, -7.68385], [144.81518, -7.68265], [144.81795, -7.68157], [144.81872, -7.68077], [144.81845, -7.67991], [144.81554, -7.67812], [144.8151, -7.67709], [144.81534, -7.67613], [144.81664, -7.67559], [144.81919, -7.67729], [144.82015, -7.67719], [144.82228, -7.67463], [144.82402, -7.67434], [144.82574, -7.67345], [144.8265, -7.67152], [144.82732, -7.66847], [144.82755, -7.66071], [144.82827, -7.65627], [144.82849, -7.65365], [144.83073, -7.64684], [144.83324, -7.64028], [144.83345, -7.63688], [144.83341, -7.63471], [144.83216, -7.6323], [144.82792, -7.62854], [144.8272, -7.62682], [144.82558, -7.62389], [144.82363, -7.62174], [144.82144, -7.6209], [144.81935, -7.62068], [144.81641, -7.62159], [144.81147, -7.62367], [144.80912, -7.62414], [144.8072, -7.6233], [144.80635, -7.62197], [144.80622, -7.61945], [144.80835, -7.61099], [144.80773, -7.60987], [144.80077, -7.60528], [144.79988, -7.60425], [144.80013, -7.60312], [144.80267, -7.60394], [144.8046, -7.60504], [144.80759, -7.60717], [144.80928, -7.60923], [144.81002, -7.61157], [144.81005, -7.61383], [144.80829, -7.61803], [144.8079, -7.6209], [144.80861, -7.62202], [144.81035, -7.62217], [144.8133, -7.62152], [144.819, -7.6183], [144.82256, -7.61763], [144.8244, -7.61813], [144.82582, -7.61958], [144.82753, -7.62364], [144.82818, -7.62598], [144.82959, -7.627], [144.83081, -7.62706], [144.83211, -7.62652], [144.83312, -7.62434], [144.83395, -7.6218], [144.83382, -7.61928], [144.83432, -7.61719], [144.83616, -7.61264], [144.8385, -7.60608], [144.84005, -7.60006], [144.84069, -7.59605], [144.84025, -7.59324], [144.83997, -7.59237], [144.83882, -7.59074], [144.83634, -7.58852], [144.83341, -7.58482], [144.82984, -7.57931], [144.82548, -7.57321], [144.81526, -7.55998], [144.81372, -7.55644], [144.81312, -7.55689], [144.81258, -7.56141], [144.81175, -7.56377], [144.81046, -7.56475], [144.80876, -7.56491], [144.80709, -7.56407], [144.80458, -7.55933], [144.80184, -7.5572], [144.79884, -7.5542], [144.79679, -7.55101], [144.79595, -7.54798], [144.79654, -7.54589], [144.79799, -7.54413], [144.80013, -7.54209], [144.80192, -7.53954], [144.80189, -7.53781], [144.80149, -7.53478], [144.80369, -7.53604], [144.80441, -7.53786], [144.80462, -7.54012], [144.80336, -7.54266], [144.80156, -7.54443], [144.80009, -7.54532], [144.79916, -7.54698], [144.79937, -7.54976], [144.80155, -7.55468], [144.80295, -7.55553], [144.80654, -7.55721], [144.80823, -7.5591], [144.80925, -7.56308], [144.80978, -7.56333], [144.81072, -7.56245], [144.81103, -7.56019], [144.81104, -7.5554], [144.81062, -7.55072], [144.80997, -7.54768], [144.80948, -7.5443], [144.80851, -7.53275], [144.80824, -7.5265], [144.80844, -7.52214], [144.8095, -7.51787], [144.81332, -7.50608], [144.8128, -7.50452], [144.81199, -7.5029], [144.81, -7.50105], [144.8046, -7.49878], [144.8023, -7.49764]]], [[[144.51166, -7.50423], [144.51391, -7.50009], [144.5144, -7.49806], [144.51652, -7.49467], [144.51783, -7.49174], [144.51795, -7.49002], [144.51695, -7.48839], [144.51439, -7.48708], [144.5108, -7.48736], [144.50633, -7.48855], [144.50269, -7.49018], [144.5001, -7.49216], [144.49465, -7.49732], [144.48968, -7.50023], [144.48301, -7.5047], [144.4784, -7.50611], [144.47607, -7.50593], [144.47375, -7.50499], [144.47079, -7.50257], [144.46741, -7.49687], [144.46513, -7.49444], [144.4625, -7.49328], [144.45912, -7.49296], [144.45674, -7.4936], [144.45416, -7.49587], [144.45092, -7.49921], [144.44802, -7.5006], [144.4449, -7.50169], [144.4429, -7.50322], [144.44134, -7.50474], [144.44016, -7.50702], [144.43986, -7.50998], [144.44006, -7.51215], [144.44121, -7.51343], [144.4434, -7.51435], [144.44724, -7.51464], [144.44917, -7.51505], [144.45004, -7.51591], [144.45076, -7.52259], [144.45062, -7.52511], [144.44879, -7.53044], [144.44908, -7.53226], [144.45005, -7.53364], [144.45156, -7.5351], [144.45339, -7.53576], [144.45566, -7.53573], [144.45992, -7.53506], [144.46209, -7.5352], [144.46403, -7.5363], [144.46528, -7.53837], [144.46601, -7.54088], [144.46658, -7.54417], [144.46666, -7.54904], [144.46594, -7.55357], [144.46588, -7.55796], [144.46739, -7.55968], [144.47009, -7.55972], [144.4739, -7.55871], [144.47589, -7.55729], [144.47639, -7.55589], [144.47615, -7.55198], [144.47742, -7.54935], [144.47923, -7.54803], [144.48104, -7.5473], [144.48227, -7.54763], [144.48482, -7.54933], [144.48728, -7.55051], [144.49017, -7.55151], [144.49234, -7.55165], [144.49433, -7.55075], [144.49579, -7.54925], [144.49851, -7.54512], [144.49909, -7.54294], [144.49837, -7.5413], [144.49679, -7.54019], [144.49478, -7.53988], [144.49216, -7.53982], [144.48796, -7.53859], [144.482, -7.53625], [144.4758, -7.5346], [144.47142, -7.53319], [144.46887, -7.53096], [144.46736, -7.5289], [144.46749, -7.52621], [144.46828, -7.52398], [144.46973, -7.52213], [144.47291, -7.51904], [144.47592, -7.51682], [144.47869, -7.51574], [144.48278, -7.51515], [144.4886, -7.51498], [144.49322, -7.51525], [144.49537, -7.51583], [144.49516, -7.5167], [144.49456, -7.5174], [144.49301, -7.51804], [144.49161, -7.51815], [144.48776, -7.51699], [144.48549, -7.5165], [144.48384, -7.51661], [144.48003, -7.51789], [144.47491, -7.51936], [144.47095, -7.52237], [144.46909, -7.52605], [144.46905, -7.52875], [144.4703, -7.53029], [144.47406, -7.53215], [144.48758, -7.53633], [144.48994, -7.53682], [144.49203, -7.5367], [144.49448, -7.53745], [144.49817, -7.5393], [144.50028, -7.5411], [144.50074, -7.54301], [144.50051, -7.54465], [144.49632, -7.55312], [144.49549, -7.5553], [144.49544, -7.55773], [144.49681, -7.56171], [144.49712, -7.56484], [144.49639, -7.56867], [144.49565, -7.57155], [144.49412, -7.57384], [144.49069, -7.57754], [144.4861, -7.58421], [144.48431, -7.58728], [144.48373, -7.58947], [144.4842, -7.59146], [144.48544, -7.59309], [144.48986, -7.59694], [144.4941, -7.60113], [144.49685, -7.60431], [144.49891, -7.60836], [144.5001, -7.61217], [144.50059, -7.61538], [144.50246, -7.61805], [144.50413, -7.61933], [144.50596, -7.61955], [144.50752, -7.61892], [144.51088, -7.61644], [144.51285, -7.61432], [144.51234, -7.60964], [144.5123, -7.60703], [144.51252, -7.60407], [144.51905, -7.58667], [144.52259, -7.57949], [144.523, -7.57748], [144.52265, -7.57175], [144.52188, -7.56759], [144.52073, -7.56561], [144.51851, -7.56301], [144.5182, -7.5598], [144.51694, -7.55721], [144.51413, -7.55021], [144.5132, -7.54597], [144.51327, -7.5338], [144.51391, -7.53005], [144.51395, -7.52666], [144.51347, -7.5238], [144.51036, -7.51376], [144.50999, -7.50716], [144.51166, -7.50423]]], [[[144.69667, -7.49512], [144.69664, -7.49297], [144.69622, -7.49121], [144.69198, -7.48358], [144.69005, -7.48113], [144.68795, -7.48038], [144.68618, -7.48034], [144.68508, -7.48127], [144.68448, -7.48467], [144.68316, -7.48776], [144.68099, -7.49093], [144.67795, -7.49313], [144.67496, -7.49428], [144.67072, -7.4952], [144.66772, -7.49531], [144.66581, -7.49475], [144.66326, -7.49453], [144.66052, -7.49471], [144.65935, -7.49518], [144.65852, -7.4965], [144.65835, -7.49813], [144.65898, -7.5006], [144.662, -7.50578], [144.6662, -7.51087], [144.6716, -7.51571], [144.6759, -7.5193], [144.68307, -7.52246], [144.688, -7.52414], [144.69195, -7.52591], [144.6946, -7.52796], [144.69604, -7.52839], [144.69715, -7.52805], [144.69779, -7.52699], [144.69777, -7.52556], [144.69548, -7.5173], [144.69438, -7.51148], [144.69393, -7.50802], [144.69408, -7.50463], [144.69442, -7.50175], [144.69667, -7.49512]]], [[[144.2604, -7.48112], [144.2605, -7.48045], [144.26027, -7.47986], [144.25955, -7.47908], [144.25932, -7.47908], [144.25918, -7.4795], [144.25942, -7.48028], [144.26021, -7.48127], [144.2604, -7.48112]]], [[[144.36256, -7.49055], [144.36323, -7.48793], [144.36261, -7.48651], [144.35989, -7.48473], [144.35591, -7.48083], [144.35182, -7.47768], [144.34896, -7.47608], [144.34802, -7.47639], [144.34738, -7.47786], [144.34792, -7.4799], [144.34975, -7.48208], [144.35293, -7.48449], [144.3572, -7.48734], [144.35966, -7.48947], [144.36212, -7.491], [144.36256, -7.49055]]], [[[144.30853, -7.52594], [144.30725, -7.52431], [144.30458, -7.52224], [144.29999, -7.5202], [144.29317, -7.51661], [144.2909, -7.51537], [144.28765, -7.5131], [144.28484, -7.51016], [144.27746, -7.50153], [144.27156, -7.49773], [144.26854, -7.49539], [144.26522, -7.49342], [144.26339, -7.49128], [144.26018, -7.48707], [144.2578, -7.4827], [144.25693, -7.47973], [144.25652, -7.47689], [144.25568, -7.47586], [144.25464, -7.47647], [144.25393, -7.4791], [144.25346, -7.48217], [144.25231, -7.48607], [144.2517, -7.48966], [144.24974, -7.49395], [144.24784, -7.49689], [144.24646, -7.4996], [144.24501, -7.50299], [144.24438, -7.50561], [144.24364, -7.51159], [144.24384, -7.51374], [144.24535, -7.51722], [144.24564, -7.51873], [144.24573, -7.52051], [144.24433, -7.52389], [144.24343, -7.52556], [144.24333, -7.528], [144.24382, -7.52925], [144.24475, -7.53009], [144.24834, -7.53129], [144.25001, -7.53272], [144.25121, -7.53329], [144.25273, -7.53334], [144.25384, -7.53266], [144.25587, -7.53085], [144.25895, -7.52896], [144.26348, -7.52744], [144.26493, -7.52728], [144.266, -7.52766], [144.26542, -7.52906], [144.26385, -7.52987], [144.26043, -7.53078], [144.25793, -7.53168], [144.25571, -7.53342], [144.25487, -7.53529], [144.25432, -7.53747], [144.25486, -7.53892], [144.25823, -7.54302], [144.26044, -7.54477], [144.26529, -7.54668], [144.26841, -7.54756], [144.27107, -7.54874], [144.27335, -7.55068], [144.27726, -7.5559], [144.27941, -7.5628], [144.28044, -7.56948], [144.28125, -7.57066], [144.28224, -7.57097], [144.28343, -7.57076], [144.28513, -7.56954], [144.28756, -7.56819], [144.29026, -7.56795], [144.29278, -7.56884], [144.29473, -7.57078], [144.29728, -7.57292], [144.30041, -7.57446], [144.30252, -7.57456], [144.30463, -7.57387], [144.30573, -7.5724], [144.30622, -7.57012], [144.30658, -7.56332], [144.30678, -7.55863], [144.30657, -7.55401], [144.30677, -7.54919], [144.30705, -7.54629], [144.30811, -7.54139], [144.30808, -7.53578], [144.30895, -7.53148], [144.30902, -7.52765], [144.30853, -7.52594]]], [[[144.25688, -7.47107], [144.25819, -7.4681], [144.25868, -7.46593], [144.25859, -7.46473], [144.25776, -7.46445], [144.2569, -7.46461], [144.25602, -7.46589], [144.25563, -7.46706], [144.25549, -7.47038], [144.25581, -7.47146], [144.25644, -7.47153], [144.25688, -7.47107]]], [[[144.348, -7.46534], [144.34897, -7.46481], [144.3493, -7.46435], [144.34903, -7.46394], [144.34806, -7.46396], [144.34717, -7.46438], [144.34665, -7.46495], [144.34655, -7.46552], [144.34704, -7.46558], [144.348, -7.46534]]], [[[144.25644, -7.46402], [144.25662, -7.4636], [144.25643, -7.46298], [144.2559, -7.46287], [144.25546, -7.46333], [144.25561, -7.46381], [144.256, -7.46406], [144.25644, -7.46402]]], [[[144.38975, -7.46074], [144.38812, -7.45894], [144.38616, -7.45788], [144.3838, -7.45781], [144.38141, -7.45814], [144.37366, -7.46038], [144.37318, -7.46048], [144.3696, -7.46115], [144.36605, -7.46151], [144.36212, -7.46149], [144.35837, -7.46091], [144.35624, -7.46128], [144.35477, -7.46254], [144.3536, -7.46416], [144.35201, -7.46785], [144.35199, -7.47131], [144.35314, -7.4735], [144.35455, -7.47517], [144.36153, -7.47929], [144.36445, -7.48167], [144.36697, -7.48492], [144.36873, -7.48781], [144.3714, -7.49113], [144.37417, -7.49426], [144.37601, -7.497], [144.37732, -7.49948], [144.38058, -7.50473], [144.38171, -7.50716], [144.38419, -7.51418], [144.3855, -7.52181], [144.38511, -7.52676], [144.38489, -7.53396], [144.3853, -7.53917], [144.38588, -7.54292], [144.38774, -7.54745], [144.38956, -7.54999], [144.39123, -7.55116], [144.39308, -7.55152], [144.39486, -7.5515], [144.39744, -7.55073], [144.40052, -7.54937], [144.40537, -7.54639], [144.40773, -7.54537], [144.40977, -7.545], [144.41242, -7.54543], [144.41515, -7.54618], [144.42307, -7.54619], [144.42425, -7.54551], [144.42483, -7.54425], [144.424, -7.54208], [144.42129, -7.53751], [144.41391, -7.53003], [144.41074, -7.52579], [144.40726, -7.51838], [144.40433, -7.50452], [144.40373, -7.50207], [144.40319, -7.49834], [144.40203, -7.49589], [144.39522, -7.4883], [144.39365, -7.48579], [144.39218, -7.48245], [144.39123, -7.47947], [144.39078, -7.47652], [144.39068, -7.47279], [144.3909, -7.46917], [144.39104, -7.46696], [144.39094, -7.46293], [144.38975, -7.46074]]], [[[144.66836, -7.52492], [144.66808, -7.5237], [144.66332, -7.52021], [144.6596, -7.51619], [144.6549, -7.50935], [144.65091, -7.50126], [144.64927, -7.49752], [144.64826, -7.49403], [144.64703, -7.48879], [144.6445, -7.48322], [144.64153, -7.47845], [144.63921, -7.47621], [144.63736, -7.47528], [144.63424, -7.47235], [144.63156, -7.46915], [144.63028, -7.46557], [144.6297, -7.46216], [144.62895, -7.45902], [144.62779, -7.45782], [144.62585, -7.45758], [144.62429, -7.45813], [144.62141, -7.45993], [144.61677, -7.46009], [144.61485, -7.46073], [144.61139, -7.46385], [144.60872, -7.46722], [144.60814, -7.46916], [144.60842, -7.47012], [144.60993, -7.47131], [144.61356, -7.47328], [144.6155, -7.47465], [144.61685, -7.47647], [144.61725, -7.47953], [144.61557, -7.48428], [144.61302, -7.49019], [144.60987, -7.49602], [144.60746, -7.49938], [144.60635, -7.50142], [144.60577, -7.50326], [144.60562, -7.50476], [144.60634, -7.50588], [144.60889, -7.50835], [144.60978, -7.50991], [144.61168, -7.51432], [144.61284, -7.51568], [144.61347, -7.5175], [144.61298, -7.51986], [144.61172, -7.52239], [144.60932, -7.52478], [144.60779, -7.52706], [144.60722, -7.52959], [144.60794, -7.53184], [144.60954, -7.53356], [144.61174, -7.53491], [144.61322, -7.53524], [144.61514, -7.53504], [144.62121, -7.53347], [144.62868, -7.5324], [144.63508, -7.52961], [144.63942, -7.52866], [144.64237, -7.52784], [144.64651, -7.52569], [144.64895, -7.52522], [144.65173, -7.52517], [144.65487, -7.52564], [144.65619, -7.52615], [144.65707, -7.52718], [144.65787, -7.52777], [144.65978, -7.52757], [144.66272, -7.52657], [144.66481, -7.52645], [144.66741, -7.52589], [144.66836, -7.52492]]], [[[144.4813, -7.46581], [144.48208, -7.46303], [144.48174, -7.4605], [144.48052, -7.45843], [144.47811, -7.4575], [144.47571, -7.45723], [144.47295, -7.45794], [144.47103, -7.45924], [144.46757, -7.46326], [144.46529, -7.4656], [144.46165, -7.46693], [144.45845, -7.46817], [144.45651, -7.46873], [144.45494, -7.46845], [144.45099, -7.465], [144.44985, -7.46337], [144.44951, -7.46114], [144.44829, -7.45914], [144.44647, -7.45767], [144.44385, -7.45726], [144.44206, -7.45781], [144.44029, -7.45941], [144.44024, -7.46143], [144.44057, -7.46306], [144.44151, -7.46567], [144.44147, -7.4685], [144.44009, -7.47114], [144.43471, -7.47638], [144.43391, -7.4778], [144.43393, -7.47945], [144.4353, -7.48048], [144.44118, -7.48337], [144.44442, -7.48549], [144.44692, -7.4877], [144.45003, -7.48996], [144.45222, -7.49112], [144.45409, -7.49139], [144.45529, -7.49123], [144.45744, -7.49022], [144.46216, -7.49068], [144.46389, -7.49177], [144.46592, -7.49263], [144.47031, -7.4957], [144.47177, -7.49837], [144.47279, -7.50104], [144.47409, -7.50259], [144.47656, -7.50368], [144.47829, -7.5038], [144.47978, -7.50325], [144.48036, -7.50242], [144.4802, -7.50145], [144.47928, -7.5005], [144.47709, -7.49881], [144.47586, -7.49659], [144.47536, -7.49316], [144.47517, -7.49033], [144.47574, -7.47897], [144.47891, -7.47093], [144.4813, -7.46581]]], [[[144.2929, -7.45863], [144.29367, -7.45735], [144.29299, -7.45688], [144.2892, -7.45649], [144.28802, -7.45703], [144.28773, -7.4577], [144.28815, -7.45834], [144.28962, -7.45898], [144.29115, -7.45907], [144.2929, -7.45863]]], [[[144.42755, -7.46916], [144.4266, -7.46809], [144.42631, -7.46653], [144.42688, -7.45953], [144.42662, -7.45734], [144.42541, -7.45609], [144.4212, -7.4548], [144.41812, -7.45425], [144.41675, -7.45469], [144.41549, -7.45571], [144.41474, -7.45774], [144.4147, -7.46301], [144.41426, -7.46537], [144.41283, -7.46776], [144.41105, -7.46917], [144.40575, -7.47186], [144.40323, -7.47381], [144.40223, -7.47473], [144.40154, -7.47536], [144.40034, -7.47822], [144.40066, -7.48217], [144.40158, -7.48398], [144.40387, -7.48667], [144.40656, -7.48861], [144.41029, -7.49045], [144.41169, -7.49185], [144.41265, -7.4955], [144.41404, -7.49889], [144.41617, -7.50402], [144.41784, -7.51027], [144.41919, -7.51753], [144.42099, -7.52057], [144.42228, -7.52185], [144.42465, -7.52267], [144.42734, -7.52282], [144.42992, -7.52256], [144.43145, -7.52186], [144.43303, -7.52042], [144.43435, -7.51827], [144.43709, -7.51442], [144.43791, -7.51205], [144.43883, -7.50853], [144.43952, -7.50445], [144.44043, -7.50227], [144.44168, -7.50106], [144.44261, -7.50019], [144.44749, -7.49865], [144.45013, -7.49764], [144.45119, -7.49635], [144.45124, -7.49457], [144.45073, -7.49289], [144.44928, -7.49141], [144.44233, -7.48695], [144.4351, -7.48366], [144.43287, -7.48223], [144.43157, -7.48034], [144.43158, -7.47903], [144.43217, -7.47746], [144.43333, -7.47564], [144.43577, -7.47344], [144.43826, -7.47053], [144.43962, -7.46808], [144.43966, -7.46599], [144.43902, -7.46323], [144.43825, -7.46209], [144.43735, -7.46188], [144.43665, -7.4623], [144.43437, -7.46532], [144.43202, -7.46801], [144.43054, -7.46941], [144.42883, -7.46967], [144.42755, -7.46916]]], [[[144.32063, -7.46354], [144.31882, -7.46215], [144.31751, -7.45997], [144.31527, -7.45507], [144.31402, -7.45401], [144.31229, -7.45377], [144.30804, -7.45469], [144.30139, -7.45726], [144.29532, -7.45929], [144.2941, -7.4605], [144.29386, -7.46192], [144.29418, -7.46315], [144.2972, -7.46543], [144.29905, -7.46645], [144.30436, -7.46817], [144.3085, -7.46993], [144.31092, -7.47151], [144.31214, -7.47305], [144.31255, -7.47559], [144.3113, -7.48195], [144.30956, -7.48598], [144.3095, -7.4917], [144.31009, -7.49632], [144.31032, -7.49942], [144.31072, -7.50098], [144.31202, -7.50268], [144.31388, -7.5043], [144.31679, -7.50634], [144.31798, -7.50838], [144.31896, -7.51143], [144.31898, -7.51572], [144.31855, -7.51728], [144.31757, -7.51842], [144.3162, -7.5191], [144.31164, -7.51963], [144.31034, -7.52097], [144.31023, -7.52249], [144.31132, -7.52425], [144.31248, -7.52681], [144.31344, -7.52937], [144.31367, -7.53122], [144.31372, -7.53946], [144.31276, -7.55017], [144.31289, -7.55882], [144.31229, -7.56662], [144.31266, -7.56958], [144.31444, -7.57384], [144.31707, -7.57731], [144.32089, -7.58055], [144.32908, -7.58484], [144.34117, -7.58453], [144.34521, -7.58513], [144.34782, -7.58734], [144.35091, -7.59045], [144.35302, -7.59451], [144.35503, -7.60033], [144.3552, -7.60316], [144.35459, -7.60614], [144.35144, -7.61226], [144.34943, -7.6148], [144.34617, -7.61781], [144.34415, -7.62009], [144.34202, -7.62297], [144.341, -7.62569], [144.34064, -7.62827], [144.34068, -7.63077], [144.34177, -7.63293], [144.34358, -7.63469], [144.34663, -7.63537], [144.3506, -7.63518], [144.35494, -7.63419], [144.3581, -7.63302], [144.35948, -7.63208], [144.36017, -7.63061], [144.35975, -7.62851], [144.35907, -7.62681], [144.35903, -7.62476], [144.35977, -7.62125], [144.36118, -7.618], [144.36514, -7.61351], [144.36958, -7.60994], [144.37699, -7.60593], [144.37881, -7.60445], [144.38003, -7.6018], [144.37973, -7.59969], [144.37769, -7.59576], [144.3752, -7.5925], [144.37117, -7.58854], [144.36687, -7.58352], [144.36177, -7.57403], [144.36093, -7.57134], [144.36075, -7.56797], [144.3601, -7.5644], [144.35848, -7.56192], [144.35648, -7.56103], [144.3543, -7.56106], [144.35018, -7.56344], [144.34796, -7.56564], [144.34257, -7.56757], [144.34008, -7.56913], [144.33844, -7.56968], [144.33467, -7.56974], [144.33043, -7.56907], [144.32651, -7.56738], [144.32362, -7.56426], [144.32226, -7.5621], [144.32249, -7.56005], [144.32451, -7.55758], [144.32615, -7.55676], [144.32819, -7.55667], [144.33045, -7.55716], [144.33359, -7.55942], [144.33532, -7.56032], [144.33664, -7.5601], [144.33736, -7.55943], [144.3374, -7.55798], [144.33296, -7.55257], [144.3324, -7.55067], [144.33231, -7.54902], [144.33288, -7.54769], [144.33406, -7.54662], [144.3374, -7.54472], [144.33857, -7.54358], [144.33901, -7.54205], [144.33846, -7.54068], [144.33712, -7.53964], [144.33466, -7.53823], [144.33312, -7.53686], [144.3329, -7.53535], [144.33321, -7.53429], [144.33445, -7.5332], [144.33532, -7.53398], [144.33567, -7.53562], [144.33621, -7.53627], [144.33735, -7.53725], [144.33955, -7.53821], [144.34129, -7.54016], [144.34166, -7.54247], [144.34109, -7.54418], [144.33946, -7.54592], [144.33736, -7.54708], [144.33528, -7.54922], [144.33485, -7.55068], [144.33533, -7.55226], [144.33909, -7.55629], [144.3397, -7.5574], [144.33981, -7.5605], [144.33792, -7.56185], [144.33568, -7.56202], [144.3327, -7.5618], [144.33123, -7.56096], [144.32815, -7.5587], [144.32637, -7.55846], [144.32526, -7.55907], [144.32501, -7.56086], [144.3255, -7.5625], [144.32772, -7.56471], [144.33019, -7.56652], [144.33318, -7.56747], [144.33649, -7.56762], [144.3382, -7.56739], [144.34443, -7.56403], [144.34697, -7.56201], [144.35353, -7.55888], [144.35544, -7.55858], [144.35756, -7.55869], [144.36022, -7.55977], [144.36258, -7.56257], [144.36476, -7.56702], [144.36574, -7.5709], [144.36724, -7.57404], [144.37041, -7.57815], [144.37357, -7.58121], [144.37619, -7.58421], [144.37896, -7.58845], [144.38149, -7.59356], [144.38255, -7.59836], [144.38371, -7.60092], [144.38505, -7.60195], [144.38671, -7.60239], [144.39125, -7.60107], [144.39435, -7.60076], [144.39533, -7.60008], [144.39565, -7.59902], [144.39569, -7.59777], [144.39282, -7.59227], [144.39108, -7.58635], [144.39112, -7.58391], [144.39217, -7.57941], [144.39225, -7.57645], [144.39183, -7.57427], [144.39007, -7.57159], [144.38819, -7.56971], [144.38532, -7.56784], [144.38233, -7.56656], [144.38059, -7.56527], [144.37838, -7.56299], [144.37485, -7.55678], [144.37414, -7.55406], [144.37399, -7.54839], [144.37323, -7.54616], [144.37303, -7.5422], [144.37203, -7.53252], [144.37139, -7.52943], [144.36851, -7.52235], [144.36832, -7.51885], [144.3686, -7.51568], [144.36798, -7.51252], [144.36719, -7.51026], [144.36375, -7.50519], [144.35869, -7.49436], [144.35758, -7.49262], [144.355, -7.49018], [144.35266, -7.48895], [144.34926, -7.4865], [144.34403, -7.48203], [144.34257, -7.47969], [144.34126, -7.47706], [144.34066, -7.47524], [144.33899, -7.46805], [144.33763, -7.46452], [144.33591, -7.46223], [144.33402, -7.46117], [144.33227, -7.46124], [144.32841, -7.46316], [144.32569, -7.46376], [144.32255, -7.46396], [144.32063, -7.46354]]], [[[144.27721, -7.45431], [144.27682, -7.4535], [144.27607, -7.45333], [144.27555, -7.45355], [144.27567, -7.45411], [144.27609, -7.45474], [144.27706, -7.45484], [144.27721, -7.45431]]], [[[144.31146, -7.51783], [144.314, -7.51738], [144.31649, -7.51649], [144.31744, -7.51535], [144.31713, -7.51178], [144.31615, -7.50899], [144.31467, -7.50737], [144.31184, -7.50618], [144.31014, -7.50489], [144.30835, -7.50238], [144.30762, -7.50008], [144.30711, -7.49576], [144.30661, -7.48725], [144.30765, -7.48171], [144.30888, -7.47885], [144.30892, -7.47668], [144.30753, -7.47386], [144.30487, -7.47121], [144.30208, -7.46939], [144.29877, -7.46854], [144.29405, -7.46817], [144.29172, -7.46723], [144.29005, -7.46568], [144.28648, -7.46193], [144.28361, -7.45973], [144.28038, -7.45911], [144.27641, -7.45879], [144.27085, -7.45693], [144.26933, -7.45591], [144.26759, -7.45384], [144.26547, -7.45238], [144.2636, -7.45264], [144.26272, -7.45354], [144.26149, -7.4567], [144.25954, -7.46614], [144.25943, -7.46861], [144.26129, -7.47754], [144.26379, -7.4846], [144.26517, -7.48704], [144.26692, -7.48903], [144.27342, -7.49379], [144.27577, -7.4957], [144.27759, -7.49754], [144.28414, -7.50035], [144.28551, -7.50119], [144.28699, -7.50252], [144.29175, -7.50797], [144.29427, -7.51167], [144.29616, -7.51298], [144.30098, -7.51482], [144.30441, -7.51648], [144.30832, -7.51803], [144.31146, -7.51783]]], [[[144.72487, -7.45268], [144.72231, -7.452], [144.72088, -7.45215], [144.71815, -7.45304], [144.71529, -7.45465], [144.71291, -7.45652], [144.70195, -7.46263], [144.69905, -7.46495], [144.69633, -7.46696], [144.69546, -7.46938], [144.69555, -7.4714], [144.69651, -7.47387], [144.70302, -7.485], [144.70566, -7.49071], [144.70715, -7.49878], [144.7087, -7.50541], [144.70876, -7.50946], [144.70765, -7.51412], [144.70552, -7.51989], [144.7035, -7.52456], [144.70329, -7.52776], [144.70483, -7.53008], [144.70826, -7.53218], [144.7103, -7.53274], [144.71206, -7.53245], [144.71322, -7.53152], [144.71475, -7.52941], [144.71714, -7.51648], [144.71832, -7.51281], [144.72042, -7.50899], [144.72292, -7.50595], [144.72479, -7.50409], [144.72528, -7.50206], [144.72523, -7.49906], [144.72547, -7.49736], [144.7269, -7.49468], [144.72714, -7.4933], [144.72647, -7.49273], [144.72516, -7.49229], [144.72228, -7.49201], [144.72023, -7.49067], [144.71949, -7.48944], [144.7204, -7.48871], [144.72275, -7.48887], [144.72676, -7.49037], [144.72854, -7.4908], [144.7301, -7.49045], [144.73087, -7.48953], [144.7322, -7.48683], [144.73425, -7.48399], [144.73533, -7.48208], [144.73739, -7.47977], [144.73815, -7.47819], [144.73781, -7.47747], [144.73669, -7.47691], [144.73349, -7.47682], [144.73073, -7.47654], [144.72878, -7.47729], [144.72676, -7.47725], [144.72557, -7.47629], [144.7252, -7.47388], [144.72606, -7.47028], [144.72953, -7.46194], [144.73227, -7.45765], [144.73343, -7.45626], [144.73539, -7.45591], [144.73785, -7.45502], [144.73842, -7.45397], [144.73782, -7.45313], [144.73638, -7.45256], [144.73474, -7.45259], [144.73214, -7.45315], [144.72984, -7.45292], [144.72677, -7.45297], [144.72487, -7.45268]]], [[[144.30874, -7.45071], [144.30918, -7.45041], [144.30925, -7.44996], [144.30884, -7.44985], [144.30761, -7.45009], [144.30735, -7.45055], [144.30781, -7.45077], [144.30874, -7.45071]]], [[[144.75183, -7.46476], [144.75023, -7.46296], [144.74901, -7.46017], [144.7483, -7.45672], [144.74805, -7.45274], [144.74689, -7.44989], [144.74589, -7.44886], [144.74465, -7.44894], [144.74349, -7.44955], [144.74123, -7.45187], [144.74041, -7.45377], [144.7398, -7.45607], [144.7387, -7.45713], [144.73734, -7.45806], [144.73512, -7.45829], [144.73402, -7.4587], [144.73216, -7.46108], [144.73097, -7.46462], [144.72846, -7.47106], [144.72759, -7.47401], [144.72793, -7.47511], [144.72911, -7.47536], [144.73107, -7.4748], [144.73407, -7.47463], [144.73742, -7.47549], [144.7396, -7.47663], [144.74072, -7.47778], [144.74058, -7.47913], [144.73814, -7.48184], [144.73584, -7.48494], [144.73381, -7.48889], [144.72867, -7.49517], [144.72766, -7.49715], [144.72788, -7.49904], [144.72862, -7.50053], [144.7297, -7.50247], [144.73208, -7.504], [144.7359, -7.50603], [144.73605, -7.50619], [144.73803, -7.50834], [144.74146, -7.51064], [144.74507, -7.51143], [144.74552, -7.51145], [144.74742, -7.51153], [144.75062, -7.51089], [144.75289, -7.50981], [144.75373, -7.50882], [144.75335, -7.50628], [144.75004, -7.50319], [144.74802, -7.49964], [144.74626, -7.49529], [144.74609, -7.49256], [144.74682, -7.48934], [144.7498, -7.48329], [144.75023, -7.48172], [144.75021, -7.48054], [144.74928, -7.47945], [144.74724, -7.47856], [144.74474, -7.47789], [144.74184, -7.47598], [144.74069, -7.47332], [144.74115, -7.46979], [144.74252, -7.46725], [144.74414, -7.46612], [144.74714, -7.46588], [144.74938, -7.46708], [144.75063, -7.46752], [144.75167, -7.46718], [144.75212, -7.46651], [144.75183, -7.46476]]], [[[144.32555, -7.4617], [144.329, -7.45967], [144.3318, -7.45738], [144.33235, -7.45629], [144.33218, -7.45488], [144.32828, -7.44941], [144.32589, -7.44724], [144.32292, -7.44613], [144.31911, -7.44611], [144.31791, -7.44647], [144.31495, -7.44837], [144.31463, -7.44931], [144.31487, -7.4504], [144.31654, -7.45168], [144.31822, -7.45397], [144.31858, -7.45602], [144.31886, -7.45952], [144.32, -7.46082], [144.32215, -7.46183], [144.32405, -7.46198], [144.32555, -7.4617]]], [[[144.31096, -7.44866], [144.315, -7.44692], [144.31529, -7.44609], [144.31488, -7.44569], [144.31349, -7.44578], [144.31267, -7.44621], [144.31033, -7.44654], [144.30905, -7.44674], [144.30839, -7.44765], [144.30882, -7.44843], [144.3099, -7.44875], [144.31096, -7.44866]]], [[[144.27385, -7.45283], [144.27429, -7.45193], [144.27409, -7.45111], [144.27269, -7.45001], [144.2714, -7.44854], [144.27043, -7.44683], [144.26903, -7.44551], [144.26787, -7.44527], [144.26705, -7.44569], [144.26704, -7.447], [144.2677, -7.44897], [144.2687, -7.45052], [144.27198, -7.45268], [144.27311, -7.45307], [144.27385, -7.45283]]], [[[144.57927, -7.4541], [144.57866, -7.45202], [144.57735, -7.45012], [144.56881, -7.44369], [144.56561, -7.44338], [144.56183, -7.44403], [144.55872, -7.44587], [144.55564, -7.4497], [144.55364, -7.45252], [144.55315, -7.45444], [144.55348, -7.45711], [144.5548, -7.45947], [144.55674, -7.46101], [144.5582, -7.46099], [144.55978, -7.46166], [144.56019, -7.46235], [144.55924, -7.46481], [144.55935, -7.4679], [144.56062, -7.47096], [144.5618, -7.47205], [144.56374, -7.47341], [144.56481, -7.47473], [144.565, -7.47555], [144.56442, -7.47584], [144.56318, -7.47505], [144.56231, -7.47547], [144.56142, -7.4774], [144.5603, -7.48067], [144.55778, -7.49065], [144.55578, -7.49341], [144.55432, -7.49663], [144.55244, -7.49933], [144.55055, -7.50116], [144.5479, -7.50308], [144.54533, -7.50607], [144.54207, -7.50925], [144.53959, -7.51216], [144.53834, -7.51592], [144.53717, -7.51932], [144.53671, -7.52307], [144.53667, -7.52629], [144.53714, -7.5288], [144.53883, -7.5306], [144.54163, -7.53169], [144.54311, -7.53201], [144.54531, -7.53329], [144.54672, -7.53413], [144.55848, -7.53448], [144.56056, -7.53375], [144.5634, -7.5317], [144.56605, -7.52845], [144.56897, -7.52597], [144.57137, -7.52341], [144.57308, -7.52104], [144.57442, -7.51815], [144.57769, -7.51208], [144.58011, -7.50832], [144.5817, -7.50465], [144.58264, -7.50294], [144.58418, -7.50076], [144.58543, -7.49877], [144.5867, -7.49828], [144.58951, -7.49911], [144.59038, -7.49863], [144.59053, -7.49787], [144.59011, -7.4962], [144.58631, -7.48817], [144.58546, -7.48552], [144.58594, -7.48284], [144.58734, -7.47916], [144.5876, -7.47706], [144.58727, -7.47484], [144.586, -7.47172], [144.58375, -7.46915], [144.58191, -7.4665], [144.58064, -7.46379], [144.57997, -7.46164], [144.57927, -7.4541]]], [[[144.66698, -7.44516], [144.66072, -7.44264], [144.65818, -7.44307], [144.65617, -7.44389], [144.65274, -7.44629], [144.65106, -7.4471], [144.64916, -7.447], [144.64732, -7.44637], [144.64523, -7.44673], [144.64329, -7.44787], [144.63981, -7.45139], [144.63827, -7.45291], [144.63648, -7.45581], [144.6351, -7.4589], [144.63481, -7.46151], [144.63497, -7.4634], [144.63671, -7.46592], [144.64344, -7.47019], [144.64715, -7.47353], [144.65008, -7.47714], [144.65296, -7.4814], [144.65485, -7.48477], [144.65648, -7.48892], [144.65727, -7.48989], [144.65859, -7.49], [144.66099, -7.48964], [144.67064, -7.49158], [144.67292, -7.49128], [144.67564, -7.48961], [144.67757, -7.48761], [144.67956, -7.48524], [144.68056, -7.48261], [144.68136, -7.47934], [144.6823, -7.47684], [144.68238, -7.47312], [144.68198, -7.46849], [144.68122, -7.46589], [144.67954, -7.46285], [144.67756, -7.46203], [144.67548, -7.46206], [144.67272, -7.46184], [144.67121, -7.46141], [144.66982, -7.46006], [144.66907, -7.45772], [144.66895, -7.45433], [144.66989, -7.4517], [144.67265, -7.44859], [144.67537, -7.44679], [144.67666, -7.44572], [144.67652, -7.44508], [144.67521, -7.44483], [144.67195, -7.44534], [144.66901, -7.44545], [144.66698, -7.44516]]], [[[144.26525, -7.44736], [144.26568, -7.4465], [144.26438, -7.44233], [144.26302, -7.44086], [144.26186, -7.44102], [144.26131, -7.44185], [144.26133, -7.44308], [144.26234, -7.44546], [144.26295, -7.44668], [144.26413, -7.44738], [144.26525, -7.44736]]], [[[144.60213, -7.50692], [144.60263, -7.50542], [144.60281, -7.49981], [144.6052, -7.4953], [144.60743, -7.49168], [144.60914, -7.48894], [144.61334, -7.48265], [144.61417, -7.48001], [144.61448, -7.47668], [144.6126, -7.47452], [144.60723, -7.47311], [144.605, -7.47087], [144.60514, -7.46842], [144.60781, -7.46513], [144.6117, -7.46157], [144.6135, -7.45874], [144.61398, -7.45575], [144.61344, -7.44919], [144.61227, -7.44391], [144.61037, -7.44079], [144.60851, -7.43924], [144.60479, -7.43746], [144.59978, -7.43648], [144.59439, -7.4335], [144.59218, -7.43291], [144.59114, -7.43319], [144.5894, -7.43445], [144.5867, -7.43572], [144.58188, -7.43597], [144.57892, -7.43715], [144.57639, -7.43859], [144.57527, -7.43992], [144.57551, -7.44368], [144.5758, -7.44587], [144.57767, -7.4475], [144.57901, -7.44888], [144.57959, -7.44971], [144.58066, -7.45127], [144.58123, -7.45363], [144.5818, -7.45677], [144.58223, -7.46141], [144.58279, -7.46394], [144.58477, -7.46715], [144.58961, -7.47373], [144.59034, -7.476], [144.59029, -7.47845], [144.58862, -7.48382], [144.58822, -7.4861], [144.58878, -7.48828], [144.59074, -7.49027], [144.5922, -7.49436], [144.59274, -7.50066], [144.59409, -7.50301], [144.59783, -7.50637], [144.60012, -7.50738], [144.60213, -7.50692]]], [[[143.69442, -7.43147], [143.69435, -7.43093], [143.69377, -7.43035], [143.69308, -7.4302], [143.69267, -7.43054], [143.69258, -7.43096], [143.69304, -7.43158], [143.69391, -7.43181], [143.69442, -7.43147]]], [[[144.86943, -7.43463], [144.8721, -7.43413], [144.87346, -7.43287], [144.87317, -7.43156], [144.87179, -7.43054], [144.87001, -7.42992], [144.86747, -7.43002], [144.86571, -7.43057], [144.86447, -7.43137], [144.86364, -7.4325], [144.86465, -7.43379], [144.86721, -7.43479], [144.86943, -7.43463]]], [[[144.26233, -7.43965], [144.26265, -7.43908], [144.26286, -7.43782], [144.2625, -7.4364], [144.26208, -7.43331], [144.26153, -7.43111], [144.26053, -7.42986], [144.25941, -7.42998], [144.25853, -7.43082], [144.25825, -7.43202], [144.25831, -7.4359], [144.25877, -7.43694], [144.26056, -7.43889], [144.26165, -7.43966], [144.26233, -7.43965]]], [[[144.25719, -7.43117], [144.25747, -7.42964], [144.25715, -7.42886], [144.25666, -7.42864], [144.25637, -7.42894], [144.25628, -7.43063], [144.2563, -7.43156], [144.2566, -7.43171], [144.25719, -7.43117]]], [[[144.40134, -7.42941], [144.40046, -7.42845], [144.39925, -7.42784], [144.39716, -7.42746], [144.3933, -7.42726], [144.39078, -7.42643], [144.38921, -7.42628], [144.38791, -7.42681], [144.38603, -7.42856], [144.38407, -7.42999], [144.38251, -7.43039], [144.37865, -7.43019], [144.37645, -7.43041], [144.37467, -7.43178], [144.37353, -7.43318], [144.37304, -7.43502], [144.37317, -7.4367], [144.37433, -7.44131], [144.37414, -7.44355], [144.37228, -7.44911], [144.37223, -7.45105], [144.37256, -7.45269], [144.3732, -7.45339], [144.37403, -7.45367], [144.37597, -7.45338], [144.37802, -7.45276], [144.3821, -7.4528], [144.3866, -7.4539], [144.39003, -7.45508], [144.39298, -7.45713], [144.39538, -7.4602], [144.39718, -7.46349], [144.39776, -7.46688], [144.39811, -7.47229], [144.39827, -7.47279], [144.39865, -7.47389], [144.39948, -7.47444], [144.40075, -7.47416], [144.40086, -7.47406], [144.40204, -7.47302], [144.40383, -7.4703], [144.40592, -7.46788], [144.41175, -7.46443], [144.41296, -7.46292], [144.41282, -7.46101], [144.41178, -7.45954], [144.41061, -7.45869], [144.40705, -7.45782], [144.40388, -7.45656], [144.40113, -7.45488], [144.39897, -7.45348], [144.39787, -7.45244], [144.39662, -7.45093], [144.39638, -7.44776], [144.39743, -7.44531], [144.39834, -7.44111], [144.39976, -7.43859], [144.40062, -7.43663], [144.40066, -7.43402], [144.40112, -7.43233], [144.40134, -7.42941]]], [[[144.38563, -7.42309], [144.38241, -7.42052], [144.37963, -7.41926], [144.37596, -7.41898], [144.37365, -7.41946], [144.37183, -7.42068], [144.3666, -7.42353], [144.36519, -7.42394], [144.3628, -7.42413], [144.35853, -7.42408], [144.35667, -7.42425], [144.35234, -7.42533], [144.35044, -7.42557], [144.34644, -7.42603], [144.34183, -7.42543], [144.34101, -7.42571], [144.33987, -7.42684], [144.33852, -7.42899], [144.33833, -7.43112], [144.33863, -7.43377], [144.33977, -7.43754], [144.34139, -7.44053], [144.34299, -7.44301], [144.34435, -7.44587], [144.34436, -7.44634], [144.34449, -7.45035], [144.34395, -7.45435], [144.34421, -7.45641], [144.34499, -7.45875], [144.34636, -7.46014], [144.34786, -7.46068], [144.34958, -7.46076], [144.35107, -7.46041], [144.35503, -7.4577], [144.35645, -7.457], [144.36159, -7.45528], [144.36248, -7.45523], [144.36316, -7.45518], [144.36466, -7.45561], [144.36704, -7.45718], [144.36779, -7.45739], [144.36872, -7.45701], [144.36937, -7.4561], [144.36943, -7.45483], [144.36824, -7.45261], [144.36831, -7.44988], [144.36855, -7.44842], [144.36956, -7.44605], [144.37076, -7.44387], [144.37111, -7.44187], [144.37144, -7.43671], [144.37188, -7.43364], [144.37253, -7.43184], [144.37333, -7.4306], [144.37469, -7.42946], [144.37655, -7.42842], [144.38242, -7.42789], [144.38472, -7.42692], [144.38601, -7.42566], [144.38636, -7.4242], [144.38563, -7.42309]]], [[[144.36503, -7.42041], [144.36564, -7.41921], [144.36495, -7.41821], [144.36327, -7.41779], [144.36222, -7.41821], [144.3616, -7.41927], [144.36162, -7.42021], [144.36219, -7.42094], [144.36347, -7.42114], [144.36503, -7.42041]]], [[[144.57467, -7.43778], [144.57536, -7.4373], [144.57907, -7.43643], [144.58011, -7.43561], [144.58026, -7.43444], [144.57949, -7.43323], [144.56617, -7.4257], [144.5624, -7.42291], [144.5593, -7.41866], [144.5576, -7.41729], [144.55396, -7.41572], [144.55201, -7.41383], [144.55047, -7.41188], [144.54919, -7.41161], [144.54792, -7.4125], [144.54789, -7.42186], [144.54721, -7.42326], [144.54684, -7.42536], [144.54745, -7.42721], [144.54771, -7.42889], [144.54851, -7.43161], [144.5496, -7.4345], [144.54933, -7.43601], [144.54539, -7.44084], [144.54267, -7.44164], [144.54163, -7.44276], [144.54166, -7.44415], [144.54256, -7.44594], [144.54545, -7.44868], [144.54926, -7.4502], [144.55159, -7.45034], [144.55314, -7.44944], [144.55502, -7.44685], [144.55802, -7.44437], [144.56165, -7.44251], [144.56519, -7.4417], [144.56746, -7.44167], [144.56944, -7.44216], [144.57056, -7.44301], [144.57161, -7.44271], [144.57467, -7.43778]]], [[[144.43253, -7.4191], [144.42989, -7.41757], [144.42783, -7.41498], [144.42491, -7.4098], [144.4238, -7.40556], [144.42229, -7.40461], [144.42019, -7.40449], [144.41617, -7.40568], [144.40863, -7.40683], [144.407, -7.4076], [144.40627, -7.40859], [144.40613, -7.40941], [144.40712, -7.41096], [144.40708, -7.41253], [144.40464, -7.41481], [144.40467, -7.41638], [144.40633, -7.4177], [144.41251, -7.42067], [144.41599, -7.42331], [144.41949, -7.42714], [144.42034, -7.42922], [144.42045, -7.43123], [144.41912, -7.43267], [144.41764, -7.43336], [144.41264, -7.43456], [144.41072, -7.43571], [144.40984, -7.43684], [144.41008, -7.43841], [144.41193, -7.44182], [144.41312, -7.44643], [144.41247, -7.44778], [144.41137, -7.44907], [144.40936, -7.44977], [144.40487, -7.44992], [144.4021, -7.44966], [144.40121, -7.45004], [144.401, -7.45124], [144.40259, -7.45241], [144.40783, -7.45433], [144.41113, -7.45465], [144.41351, -7.45401], [144.41581, -7.45264], [144.41835, -7.45237], [144.4215, -7.45315], [144.42518, -7.45437], [144.42745, -7.45583], [144.42867, -7.45723], [144.42868, -7.45812], [144.42799, -7.46172], [144.42803, -7.4644], [144.42873, -7.46589], [144.42993, -7.46647], [144.43172, -7.46577], [144.43303, -7.46358], [144.43426, -7.4608], [144.43529, -7.45966], [144.43681, -7.45856], [144.44253, -7.45616], [144.44453, -7.45478], [144.44547, -7.45283], [144.44529, -7.45058], [144.44434, -7.44753], [144.44444, -7.44454], [144.44662, -7.43509], [144.45246, -7.42596], [144.45631, -7.42277], [144.45799, -7.42021], [144.45877, -7.4175], [144.4585, -7.41445], [144.45742, -7.41229], [144.45516, -7.41121], [144.453, -7.41139], [144.44795, -7.41438], [144.44456, -7.4172], [144.44172, -7.41888], [144.43755, -7.41962], [144.43501, -7.41973], [144.43253, -7.4191]]], [[[144.56804, -7.42225], [144.56942, -7.42104], [144.57012, -7.41865], [144.57049, -7.4159], [144.57144, -7.41392], [144.57312, -7.41141], [144.57475, -7.40972], [144.57494, -7.40874], [144.57446, -7.40797], [144.57262, -7.40665], [144.57069, -7.40533], [144.5691, -7.4038], [144.56655, -7.40254], [144.56442, -7.40283], [144.56267, -7.40369], [144.56157, -7.40619], [144.56079, -7.40942], [144.56048, -7.41269], [144.56047, -7.41533], [144.56138, -7.41718], [144.56349, -7.41989], [144.56565, -7.42188], [144.5668, -7.42238], [144.56804, -7.42225]]], [[[144.64824, -7.40972], [144.6469, -7.40638], [144.64506, -7.40333], [144.64288, -7.40171], [144.64087, -7.40138], [144.63823, -7.40235], [144.63298, -7.40615], [144.6296, -7.40957], [144.62789, -7.41039], [144.62309, -7.41025], [144.61742, -7.41041], [144.61269, -7.41026], [144.6102, -7.40956], [144.60758, -7.40842], [144.60312, -7.40486], [144.60139, -7.40369], [144.59988, -7.40341], [144.59838, -7.40384], [144.59788, -7.40483], [144.59767, -7.40784], [144.59547, -7.41016], [144.59467, -7.41213], [144.59341, -7.41433], [144.59287, -7.41605], [144.59294, -7.41729], [144.594, -7.41857], [144.5976, -7.42033], [144.59908, -7.4216], [144.59935, -7.42279], [144.5988, -7.42394], [144.59691, -7.42593], [144.59524, -7.42729], [144.59519, -7.42893], [144.59609, -7.43092], [144.59971, -7.43352], [144.60575, -7.43458], [144.60987, -7.43659], [144.61312, -7.43861], [144.61466, -7.44031], [144.61562, -7.4423], [144.61648, -7.44729], [144.61691, -7.45173], [144.61747, -7.45494], [144.61877, -7.45621], [144.62049, -7.45618], [144.62247, -7.45458], [144.62425, -7.45355], [144.62597, -7.45353], [144.62727, -7.45401], [144.62937, -7.45555], [144.63052, -7.4556], [144.63137, -7.45466], [144.6319, -7.45214], [144.63411, -7.44674], [144.64023, -7.43891], [144.64284, -7.4363], [144.64539, -7.4344], [144.64716, -7.43272], [144.64982, -7.42867], [144.65169, -7.42427], [144.65202, -7.42234], [144.65118, -7.41942], [144.64893, -7.41293], [144.64824, -7.40972]]], [[[144.25768, -7.42513], [144.25796, -7.42394], [144.258, -7.42147], [144.25871, -7.41929], [144.2589, -7.41705], [144.25721, -7.41357], [144.25756, -7.41192], [144.25743, -7.40878], [144.25718, -7.40706], [144.25476, -7.40486], [144.25399, -7.40345], [144.25419, -7.40158], [144.25349, -7.39995], [144.25258, -7.39937], [144.25124, -7.39953], [144.25006, -7.4006], [144.24785, -7.40803], [144.24767, -7.41087], [144.2483, -7.41288], [144.24982, -7.41495], [144.25344, -7.42169], [144.25535, -7.42427], [144.25701, -7.42537], [144.25768, -7.42513]]], [[[144.41015, -7.44782], [144.4111, -7.44616], [144.41062, -7.44445], [144.40824, -7.44038], [144.40732, -7.43815], [144.40737, -7.43688], [144.40783, -7.43557], [144.40849, -7.43436], [144.41004, -7.43299], [144.41205, -7.43222], [144.41436, -7.43166], [144.41652, -7.43155], [144.41793, -7.43063], [144.41791, -7.42914], [144.41682, -7.42632], [144.4134, -7.42338], [144.40572, -7.41961], [144.40338, -7.41763], [144.40238, -7.41593], [144.4022, -7.41451], [144.40292, -7.41286], [144.40313, -7.41151], [144.40212, -7.40921], [144.40285, -7.40815], [144.40552, -7.40669], [144.4064, -7.40564], [144.40667, -7.40339], [144.40641, -7.40056], [144.40496, -7.39931], [144.40204, -7.39845], [144.39628, -7.39862], [144.3939, -7.39955], [144.38958, -7.40293], [144.38819, -7.4049], [144.38756, -7.40768], [144.38725, -7.41208], [144.38684, -7.41501], [144.38675, -7.41867], [144.38723, -7.4209], [144.38884, -7.42319], [144.39125, -7.42428], [144.39852, -7.42514], [144.40115, -7.42584], [144.40281, -7.42716], [144.40367, -7.42924], [144.40415, -7.43162], [144.40358, -7.43387], [144.39949, -7.44522], [144.3998, -7.44619], [144.40063, -7.44662], [144.40236, -7.44667], [144.40605, -7.4481], [144.40807, -7.4483], [144.41015, -7.44782]]], [[[144.28161, -7.39457], [144.28146, -7.39401], [144.28093, -7.39358], [144.28067, -7.39358], [144.28056, -7.39437], [144.28102, -7.39488], [144.28154, -7.39491], [144.28161, -7.39457]]], [[[144.58799, -7.4328], [144.59147, -7.43016], [144.59246, -7.42983], [144.59307, -7.4291], [144.59258, -7.42797], [144.59256, -7.42651], [144.59363, -7.42546], [144.5957, -7.42455], [144.59725, -7.42412], [144.5977, -7.42344], [144.59736, -7.42147], [144.59615, -7.42061], [144.59423, -7.42022], [144.59292, -7.41967], [144.59098, -7.4181], [144.59116, -7.41607], [144.59181, -7.4142], [144.59312, -7.41263], [144.59402, -7.40702], [144.59463, -7.40582], [144.59545, -7.40518], [144.59822, -7.39981], [144.59875, -7.39715], [144.59788, -7.39479], [144.59651, -7.3931], [144.59489, -7.3925], [144.59276, -7.39207], [144.59027, -7.3921], [144.58862, -7.39249], [144.58646, -7.39392], [144.5855, -7.39586], [144.58568, -7.40087], [144.58553, -7.40435], [144.58488, -7.40617], [144.5832, -7.40848], [144.58152, -7.4099], [144.57738, -7.41064], [144.57624, -7.41117], [144.57462, -7.41332], [144.57165, -7.41943], [144.57107, -7.42182], [144.57163, -7.42461], [144.573, -7.42573], [144.57696, -7.42743], [144.57891, -7.42942], [144.58075, -7.43089], [144.58379, -7.43266], [144.58613, -7.43309], [144.58799, -7.4328]]], [[[144.28185, -7.39078], [144.28177, -7.38977], [144.28127, -7.38948], [144.28094, -7.3896], [144.28092, -7.39053], [144.28108, -7.3912], [144.28156, -7.39124], [144.28185, -7.39078]]], [[[144.55187, -7.40247], [144.55325, -7.4011], [144.55393, -7.39834], [144.55449, -7.39461], [144.55478, -7.38937], [144.55382, -7.38809], [144.55262, -7.38774], [144.55129, -7.38823], [144.54974, -7.38929], [144.54847, -7.39076], [144.54668, -7.39245], [144.54199, -7.39428], [144.53847, -7.39485], [144.5361, -7.39571], [144.53482, -7.39708], [144.53444, -7.39906], [144.53545, -7.4006], [144.53719, -7.40243], [144.53866, -7.40759], [144.53939, -7.41084], [144.54034, -7.41213], [144.54164, -7.41257], [144.54226, -7.4122], [144.54239, -7.41064], [144.5418, -7.4091], [144.54172, -7.40744], [144.54299, -7.40566], [144.5452, -7.40402], [144.54716, -7.40306], [144.54892, -7.40293], [144.55063, -7.40306], [144.55187, -7.40247]]], [[[144.26994, -7.38401], [144.27074, -7.38311], [144.27055, -7.38269], [144.27003, -7.38285], [144.26933, -7.38343], [144.26926, -7.38394], [144.26953, -7.38417], [144.26994, -7.38401]]], [[[144.28233, -7.38467], [144.28448, -7.37852], [144.28459, -7.3756], [144.28344, -7.3739], [144.28208, -7.3728], [144.27998, -7.37261], [144.27821, -7.37345], [144.27592, -7.37565], [144.27431, -7.37821], [144.27318, -7.3822], [144.27164, -7.38483], [144.27039, -7.38605], [144.26905, -7.38644], [144.268, -7.38623], [144.26626, -7.38506], [144.26212, -7.38355], [144.25813, -7.38122], [144.25571, -7.37954], [144.25421, -7.37971], [144.25347, -7.38025], [144.25239, -7.38266], [144.25253, -7.38691], [144.25229, -7.39117], [144.25232, -7.39137], [144.25263, -7.39416], [144.25428, -7.39921], [144.25957, -7.40757], [144.26042, -7.40965], [144.26132, -7.4201], [144.26244, -7.42501], [144.26271, -7.42739], [144.26467, -7.43342], [144.26493, -7.43604], [144.26587, -7.43864], [144.26748, -7.44115], [144.26984, -7.44411], [144.27432, -7.44868], [144.27887, -7.45294], [144.28235, -7.45528], [144.28497, -7.45583], [144.28766, -7.45565], [144.29094, -7.45485], [144.29511, -7.45359], [144.30167, -7.45088], [144.30527, -7.44679], [144.30675, -7.44557], [144.31599, -7.4435], [144.31966, -7.44329], [144.3242, -7.44187], [144.32666, -7.44199], [144.33072, -7.44328], [144.33292, -7.44474], [144.33545, -7.4494], [144.33634, -7.45342], [144.33736, -7.45685], [144.33829, -7.45907], [144.33966, -7.46017], [144.34048, -7.46016], [144.34106, -7.45918], [144.34111, -7.45738], [144.34068, -7.4538], [144.34124, -7.45088], [144.34126, -7.4476], [144.34071, -7.44536], [144.34003, -7.44421], [144.33901, -7.44248], [144.33254, -7.43511], [144.32925, -7.42983], [144.32765, -7.42807], [144.32553, -7.42616], [144.32319, -7.42447], [144.31893, -7.42013], [144.3169, -7.41889], [144.31457, -7.41833], [144.31187, -7.41829], [144.30955, -7.41915], [144.30696, -7.42054], [144.30509, -7.42094], [144.30412, -7.42073], [144.30321, -7.41992], [144.29719, -7.41799], [144.2954, -7.41794], [144.29399, -7.41864], [144.2934, -7.41977], [144.29345, -7.42136], [144.29356, -7.42499], [144.29319, -7.42552], [144.29193, -7.42614], [144.29073, -7.42586], [144.28989, -7.42452], [144.28986, -7.42288], [144.29065, -7.42026], [144.29081, -7.42006], [144.29461, -7.41534], [144.29518, -7.41354], [144.29492, -7.41093], [144.2939, -7.40795], [144.292, -7.40597], [144.28975, -7.40555], [144.28654, -7.40575], [144.28474, -7.40555], [144.28338, -7.40468], [144.28231, -7.40312], [144.28088, -7.39769], [144.27974, -7.39621], [144.27806, -7.3934], [144.27781, -7.39228], [144.27838, -7.39041], [144.27947, -7.38808], [144.28233, -7.38467]]], [[[144.24746, -7.37029], [144.24714, -7.36932], [144.2459, -7.36605], [144.24437, -7.36398], [144.24179, -7.36133], [144.24067, -7.36097], [144.24015, -7.36143], [144.24027, -7.36441], [144.24204, -7.36775], [144.24606, -7.37173], [144.24718, -7.37186], [144.24746, -7.37029]]], [[[144.64545, -7.35352], [144.64456, -7.35301], [144.64329, -7.3532], [144.64059, -7.35438], [144.63866, -7.35428], [144.63602, -7.35353], [144.63439, -7.35329], [144.63238, -7.35368], [144.63003, -7.35468], [144.62843, -7.35637], [144.62851, -7.35807], [144.62947, -7.36073], [144.63143, -7.3635], [144.63615, -7.36777], [144.63763, -7.36936], [144.63882, -7.36978], [144.63955, -7.36951], [144.64033, -7.36858], [144.64223, -7.36399], [144.64408, -7.35858], [144.64581, -7.35461], [144.64545, -7.35352]]], [[[144.33101, -7.35183], [144.32696, -7.3436], [144.3256, -7.3418], [144.32378, -7.34045], [144.32167, -7.3397], [144.31958, -7.33973], [144.31686, -7.34018], [144.31445, -7.34126], [144.31018, -7.34376], [144.30847, -7.34423], [144.30413, -7.34425], [144.3022, -7.34459], [144.30074, -7.34513], [144.29008, -7.35291], [144.28778, -7.35357], [144.28583, -7.35349], [144.28154, -7.35139], [144.28056, -7.35137], [144.27978, -7.35179], [144.27898, -7.35322], [144.27712, -7.35863], [144.27628, -7.36012], [144.27476, -7.36126], [144.2733, -7.36176], [144.27083, -7.36138], [144.26921, -7.36048], [144.26732, -7.35912], [144.26533, -7.35665], [144.2638, -7.35405], [144.26299, -7.35232], [144.26223, -7.35184], [144.26156, -7.35185], [144.26049, -7.35276], [144.25836, -7.35507], [144.25708, -7.35774], [144.25317, -7.36363], [144.25212, -7.36562], [144.25168, -7.36929], [144.25297, -7.37215], [144.25411, -7.37396], [144.25639, -7.3759], [144.25906, -7.37945], [144.26107, -7.38097], [144.26351, -7.3819], [144.26572, -7.38198], [144.26795, -7.38165], [144.26907, -7.38073], [144.27027, -7.3787], [144.27188, -7.37688], [144.27301, -7.37455], [144.27455, -7.37232], [144.27669, -7.37084], [144.27952, -7.37005], [144.28181, -7.37072], [144.28439, -7.37259], [144.28644, -7.37477], [144.28681, -7.37711], [144.28667, -7.3801], [144.28392, -7.38914], [144.2839, -7.3928], [144.28422, -7.39618], [144.28485, -7.39822], [144.28611, -7.40004], [144.28793, -7.40154], [144.28989, -7.40282], [144.29233, -7.40338], [144.29406, -7.40424], [144.29566, -7.40588], [144.29677, -7.40736], [144.29729, -7.40993], [144.29754, -7.41411], [144.2985, -7.41559], [144.30008, -7.41669], [144.30458, -7.41737], [144.30976, -7.41624], [144.31246, -7.41609], [144.31956, -7.4164], [144.32216, -7.41714], [144.32461, -7.4186], [144.32617, -7.41977], [144.33086, -7.4261], [144.3325, -7.4279], [144.33373, -7.42822], [144.3356, -7.42804], [144.3369, -7.42709], [144.33766, -7.42599], [144.33882, -7.42359], [144.3399, -7.42275], [144.34109, -7.42273], [144.34447, -7.42339], [144.34735, -7.42342], [144.3499, -7.42339], [144.35216, -7.42287], [144.35692, -7.42257], [144.35836, -7.42158], [144.35972, -7.42025], [144.36093, -7.41825], [144.36178, -7.41551], [144.36223, -7.41307], [144.36301, -7.41253], [144.36399, -7.41286], [144.36394, -7.41483], [144.36426, -7.41655], [144.36545, -7.41769], [144.36724, -7.41815], [144.36908, -7.41816], [144.37121, -7.41783], [144.3737, -7.41708], [144.37515, -7.41628], [144.37573, -7.41529], [144.37576, -7.4126], [144.37605, -7.41208], [144.37673, -7.41203], [144.37759, -7.41254], [144.37804, -7.41455], [144.37853, -7.41544], [144.37997, -7.41646], [144.38197, -7.41748], [144.38332, -7.41761], [144.3841, -7.41748], [144.38524, -7.41619], [144.38537, -7.41489], [144.38507, -7.40977], [144.38591, -7.40633], [144.38674, -7.40381], [144.38802, -7.40201], [144.39082, -7.39939], [144.39383, -7.39789], [144.39651, -7.39714], [144.39897, -7.39688], [144.40496, -7.39717], [144.40634, -7.3966], [144.40949, -7.3923], [144.40985, -7.39102], [144.40956, -7.38953], [144.40865, -7.38816], [144.40709, -7.38691], [144.40482, -7.38557], [144.40282, -7.38414], [144.40164, -7.38278], [144.40136, -7.38125], [144.40178, -7.37967], [144.40308, -7.37842], [144.4058, -7.37794], [144.40827, -7.37827], [144.4112, -7.37916], [144.41436, -7.38049], [144.41556, -7.38066], [144.41694, -7.38042], [144.41809, -7.3798], [144.41886, -7.37908], [144.41918, -7.37799], [144.41886, -7.37635], [144.41686, -7.37496], [144.41257, -7.37353], [144.40521, -7.37155], [144.40344, -7.37071], [144.40253, -7.36961], [144.40218, -7.36827], [144.40241, -7.36169], [144.40275, -7.35974], [144.40269, -7.35803], [144.40179, -7.3558], [144.40217, -7.35347], [144.40362, -7.35042], [144.40419, -7.34828], [144.40417, -7.34694], [144.40315, -7.34598], [144.40119, -7.34516], [144.39657, -7.3441], [144.3877, -7.34308], [144.3844, -7.34294], [144.38302, -7.3433], [144.38083, -7.34412], [144.37949, -7.34507], [144.37829, -7.34744], [144.37683, -7.34974], [144.37506, -7.35152], [144.37028, -7.35391], [144.36785, -7.3544], [144.36217, -7.3545], [144.36143, -7.35477], [144.35917, -7.35611], [144.35691, -7.35705], [144.35381, -7.35769], [144.35093, -7.35791], [144.34741, -7.35782], [144.34252, -7.35752], [144.33846, -7.35695], [144.33643, -7.35627], [144.33458, -7.35544], [144.33258, -7.35386], [144.33101, -7.35183]]], [[[144.46941, -7.3394], [144.46558, -7.33392], [144.46301, -7.33142], [144.45932, -7.33006], [144.45483, -7.33005], [144.4496, -7.33028], [144.44789, -7.33128], [144.44696, -7.33339], [144.44671, -7.33705], [144.44584, -7.339], [144.44392, -7.34053], [144.44162, -7.34157], [144.43953, -7.34138], [144.43749, -7.34051], [144.43578, -7.34069], [144.43399, -7.34124], [144.43258, -7.34215], [144.43088, -7.34367], [144.42643, -7.34561], [144.42376, -7.34707], [144.42176, -7.34889], [144.41991, -7.34989], [144.41871, -7.34984], [144.41735, -7.34911], [144.41567, -7.34697], [144.41363, -7.34528], [144.41145, -7.34441], [144.40928, -7.34467], [144.40818, -7.34559], [144.40738, -7.34702], [144.40711, -7.34963], [144.40661, -7.35099], [144.40442, -7.35431], [144.40431, -7.35655], [144.40499, -7.36214], [144.40495, -7.36472], [144.40447, -7.36719], [144.40449, -7.36847], [144.40525, -7.36943], [144.40676, -7.37045], [144.4105, -7.37069], [144.41283, -7.37118], [144.41682, -7.37276], [144.41931, -7.37422], [144.42051, -7.3751], [144.42098, -7.37621], [144.42123, -7.37822], [144.42081, -7.37972], [144.41942, -7.38183], [144.41816, -7.3826], [144.41563, -7.38354], [144.41338, -7.3835], [144.4109, -7.38211], [144.4078, -7.37992], [144.40622, -7.37972], [144.40526, -7.38003], [144.4049, -7.38138], [144.40529, -7.38257], [144.41114, -7.38801], [144.41252, -7.39016], [144.41269, -7.39176], [144.41227, -7.39349], [144.40989, -7.39912], [144.40961, -7.40062], [144.41045, -7.40188], [144.41181, -7.40253], [144.41397, -7.40235], [144.41687, -7.40148], [144.41897, -7.40116], [144.42552, -7.40412], [144.42742, -7.40596], [144.42956, -7.40929], [144.43126, -7.41247], [144.43339, -7.41558], [144.43521, -7.41682], [144.43649, -7.41718], [144.43851, -7.4164], [144.44185, -7.41433], [144.44828, -7.40945], [144.45058, -7.40829], [144.45363, -7.40765], [144.45633, -7.40776], [144.45874, -7.40855], [144.46002, -7.40965], [144.46218, -7.4141], [144.46288, -7.41543], [144.46306, -7.41775], [144.46271, -7.41931], [144.45971, -7.42355], [144.45626, -7.4277], [144.45384, -7.43097], [144.45128, -7.43489], [144.44976, -7.4382], [144.44929, -7.44179], [144.44957, -7.45008], [144.45069, -7.45455], [144.45217, -7.45863], [144.45392, -7.46085], [144.45635, -7.46313], [144.458, -7.46347], [144.45963, -7.46277], [144.46325, -7.45929], [144.4671, -7.45669], [144.46931, -7.45479], [144.47184, -7.45362], [144.4743, -7.45322], [144.47774, -7.45347], [144.48127, -7.4543], [144.48483, -7.45698], [144.48629, -7.4595], [144.48692, -7.46188], [144.48699, -7.46584], [144.48586, -7.47071], [144.48341, -7.47694], [144.48206, -7.48115], [144.48117, -7.48632], [144.48057, -7.4917], [144.48091, -7.49416], [144.48228, -7.49548], [144.4846, -7.49598], [144.48691, -7.49542], [144.48964, -7.49321], [144.49636, -7.48728], [144.50059, -7.48475], [144.50168, -7.48287], [144.50225, -7.48054], [144.50213, -7.4783], [144.50133, -7.47466], [144.5013, -7.47294], [144.50217, -7.47106], [144.50387, -7.46954], [144.50632, -7.46823], [144.50868, -7.46625], [144.51166, -7.46524], [144.51435, -7.4652], [144.51599, -7.46465], [144.51895, -7.46236], [144.51773, -7.4644], [144.51588, -7.46598], [144.51464, -7.46631], [144.51216, -7.46645], [144.51031, -7.46731], [144.5064, -7.46986], [144.50456, -7.47155], [144.50304, -7.47364], [144.50275, -7.47571], [144.50361, -7.47757], [144.50396, -7.48015], [144.50349, -7.48327], [144.50392, -7.48451], [144.50476, -7.48459], [144.50733, -7.48362], [144.50961, -7.48307], [144.51469, -7.48299], [144.51864, -7.48366], [144.52157, -7.48527], [144.52391, -7.48886], [144.52523, -7.49371], [144.52573, -7.49919], [144.52424, -7.50346], [144.52399, -7.50751], [144.52462, -7.50801], [144.52607, -7.50758], [144.53135, -7.50077], [144.53452, -7.49699], [144.5386, -7.49268], [144.54216, -7.48786], [144.54542, -7.48439], [144.54962, -7.4806], [144.55166, -7.47829], [144.55297, -7.47578], [144.55292, -7.47277], [144.55224, -7.46916], [144.55073, -7.46535], [144.54745, -7.46126], [144.54335, -7.45738], [144.53945, -7.4534], [144.53397, -7.44747], [144.53194, -7.44419], [144.53034, -7.44111], [144.52833, -7.43886], [144.52603, -7.43723], [144.52352, -7.43613], [144.5203, -7.43597], [144.51574, -7.43604], [144.51077, -7.43518], [144.50829, -7.4347], [144.50272, -7.4324], [144.4997, -7.43057], [144.49695, -7.4268], [144.49539, -7.42249], [144.49474, -7.41892], [144.49474, -7.41466], [144.49619, -7.40665], [144.49899, -7.39648], [144.49963, -7.39415], [144.49968, -7.39222], [144.49912, -7.38998], [144.49798, -7.38873], [144.49556, -7.38757], [144.49226, -7.38665], [144.49009, -7.38661], [144.48809, -7.38739], [144.48499, -7.39004], [144.48116, -7.39384], [144.47723, -7.39681], [144.47397, -7.39866], [144.47062, -7.39915], [144.46116, -7.39691], [144.45881, -7.39523], [144.45706, -7.39329], [144.45636, -7.39145], [144.45586, -7.38832], [144.45617, -7.38398], [144.45784, -7.38067], [144.45902, -7.37968], [144.46214, -7.37799], [144.46697, -7.37583], [144.46948, -7.37414], [144.47797, -7.36676], [144.47959, -7.36494], [144.4795, -7.36382], [144.47882, -7.36316], [144.4746, -7.36142], [144.47149, -7.35834], [144.47042, -7.35664], [144.4721, -7.34944], [144.4719, -7.34585], [144.46941, -7.3394]]], [[[143.51491, -7.28981], [143.51507, -7.28948], [143.51496, -7.28899], [143.51456, -7.28879], [143.51416, -7.28881], [143.51383, -7.28902], [143.51372, -7.28943], [143.51382, -7.28974], [143.51418, -7.28993], [143.51491, -7.28981]]], [[[143.60116, -7.28345], [143.60121, -7.28267], [143.60073, -7.28226], [143.60025, -7.28226], [143.59971, -7.28287], [143.59972, -7.28347], [143.60015, -7.28376], [143.60069, -7.28381], [143.60116, -7.28345]]], [[[144.18883, -7.27541], [144.18849, -7.27363], [144.18782, -7.27204], [144.18704, -7.27167], [144.18609, -7.27194], [144.18559, -7.27297], [144.18693, -7.2766], [144.18766, -7.27832], [144.18883, -7.27541]]], [[[144.16496, -7.24977], [144.16485, -7.24721], [144.16484, -7.24644], [144.16414, -7.24601], [144.16362, -7.24614], [144.16339, -7.24749], [144.16349, -7.24979], [144.16407, -7.25049], [144.16459, -7.25055], [144.16496, -7.24977]]], [[[146.64886, -7.76551], [146.49501, -7.6636], [146.40942, -7.6069], [146.27565, -7.58169], [146.14526, -7.55713], [146.12192, -7.55273], [146.08859, -7.52773], [146.07192, -7.38274], [145.94897, -7.30092], [145.85276, -7.2369], [145.84396, -7.23112], [145.71146, -7.14398], [145.71004, -7.14305], [145.55683, -7.04229], [145.38278, -6.92783], [145.29963, -6.87314], [145.24, -6.8339], [145.18978, -6.80077], [145.18921, -6.80221], [145.18493, -6.8097], [145.18408, -6.81315], [145.18294, -6.81516], [145.18122, -6.81689], [145.17835, -6.81863], [145.17778, -6.81949], [145.17778, -6.82036], [145.17837, -6.8215], [145.18011, -6.82379], [145.17983, -6.82637], [145.17869, -6.82753], [145.17754, -6.82754], [145.17579, -6.82496], [145.17435, -6.82497], [145.17292, -6.82613], [145.17235, -6.82728], [145.17235, -6.82872], [145.17351, -6.82986], [145.17611, -6.8307], [145.17698, -6.83185], [145.1767, -6.83271], [145.17584, -6.83386], [145.17297, -6.83532], [145.17298, -6.83675], [145.17385, -6.83847], [145.17357, -6.83962], [145.17157, -6.84221], [145.17036, -6.846], [145.1664, -6.84655], [145.16237, -6.84542], [145.16178, -6.84485], [145.1609, -6.84285], [145.15946, -6.84142], [145.15629, -6.84172], [145.15283, -6.84059], [145.15167, -6.83945], [145.15079, -6.83773], [145.14848, -6.83573], [145.14284, -6.83399], [145.14126, -6.83377], [145.13897, -6.8355], [145.13695, -6.83522], [145.13608, -6.83408], [145.13607, -6.83207], [145.13692, -6.82862], [145.13662, -6.8269], [145.13575, -6.82633], [145.1346, -6.82605], [145.13258, -6.82606], [145.12997, -6.8232], [145.12508, -6.82466], [145.11817, -6.82528], [145.115, -6.82673], [145.11212, -6.82703], [145.11012, -6.82962], [145.10926, -6.82992], [145.10782, -6.82993], [145.10667, -6.82936], [145.10261, -6.82508], [145.10028, -6.82135], [145.09911, -6.81762], [145.09737, -6.81591], [145.09479, -6.81736], [145.09393, -6.81737], [145.09131, -6.81508], [145.08699, -6.81367], [145.08611, -6.81253], [145.08524, -6.81052], [145.08532, -6.8085], [145.08378, -6.80536], [145.08233, -6.80479], [145.07974, -6.80481], [145.07484, -6.80541], [145.07224, -6.80341], [145.0708, -6.80342], [145.06936, -6.80429], [145.06792, -6.80429], [145.06676, -6.80373], [145.06446, -6.80374], [145.06246, -6.80605], [145.0613, -6.80577], [145.06043, -6.80347], [145.05897, -6.80205], [145.05811, -6.80205], [145.05697, -6.80321], [145.05611, -6.80522], [145.05439, -6.80695], [145.05324, -6.80725], [145.0518, -6.80668], [145.04775, -6.80412], [145.04515, -6.80356], [145.04284, -6.80242], [145.04082, -6.80099], [145.03909, -6.801], [145.03766, -6.80245], [145.03738, -6.80417], [145.03796, -6.80532], [145.03912, -6.80646], [145.03855, -6.80819], [145.0351, -6.80935], [145.0328, -6.80937], [145.03107, -6.8088], [145.0302, -6.80794], [145.02709, -6.80256], [145.02474, -6.80074], [145.01892, -6.8014], [145.01805, -6.79911], [145.01918, -6.79594], [145.01918, -6.7945], [145.01773, -6.79308], [145.01514, -6.79309], [145.01284, -6.79483], [145.01198, -6.79627], [145.01026, -6.79685], [145.00824, -6.79629], [145.00451, -6.79204], [145.00109, -6.79134], [145.00057, -6.79135], [144.99923, -6.79182], [144.99677, -6.79412], [144.99542, -6.79482], [144.99475, -6.79483], [144.99178, -6.7933], [144.99062, -6.79218], [144.9906, -6.79038], [144.9908, -6.78901], [144.99124, -6.78787], [144.9912, -6.78561], [144.99095, -6.78513], [144.99006, -6.78495], [144.98871, -6.78497], [144.98759, -6.78612], [144.98602, -6.78705], [144.98264, -6.78801], [144.9797, -6.7876], [144.97833, -6.78717], [144.97765, -6.78673], [144.97397, -6.78317], [144.9735, -6.78205], [144.97281, -6.78138], [144.97211, -6.78003], [144.97142, -6.77914], [144.9705, -6.77825], [144.96787, -6.77638], [144.96729, -6.77627], [144.9634, -6.77293], [144.96339, -6.77271], [144.95995, -6.76982], [144.95858, -6.76894], [144.9579, -6.76873], [144.95586, -6.76876], [144.95564, -6.76899], [144.95429, -6.76901], [144.95223, -6.76836], [144.95143, -6.76763], [144.9477, -6.76775], [144.94634, -6.76732], [144.94542, -6.76666], [144.94427, -6.76532], [144.94379, -6.76397], [144.94369, -6.75741], [144.94322, -6.75629], [144.94276, -6.75584], [144.94048, -6.75452], [144.93956, -6.75363], [144.93909, -6.75273], [144.93916, -6.74674], [144.93715, -6.74462], [144.93555, -6.74351], [144.9344, -6.7424], [144.9337, -6.7406], [144.933, -6.73949], [144.93139, -6.73815], [144.93071, -6.73793], [144.9298, -6.73795], [144.92644, -6.73936], [144.92552, -6.73892], [144.92414, -6.73736], [144.92409, -6.73397], [144.92359, -6.73081], [144.92312, -6.72991], [144.92308, -6.72765], [144.92238, -6.72608], [144.92192, -6.72563], [144.92123, -6.72542], [144.91852, -6.72546], [144.91761, -6.72525], [144.9176, -6.72434], [144.91782, -6.72389], [144.91871, -6.72319], [144.92292, -6.72162], [144.92454, -6.71993], [144.92454, -6.71948], [144.92362, -6.71837], [144.92202, -6.71772], [144.90732, -6.71817], [144.90196, -6.72012], [144.90079, -6.72053], [144.89876, -6.72057], [144.89557, -6.71904], [144.89398, -6.71906], [144.89376, -6.71929], [144.89125, -6.7182], [144.88877, -6.71824], [144.88685, -6.71948], [144.887, -6.72098], [144.88816, -6.72277], [144.8884, -6.72367], [144.88821, -6.72571], [144.88732, -6.72663], [144.88619, -6.7271], [144.88212, -6.72717], [144.88077, -6.72786], [144.8801, -6.72855], [144.87944, -6.72969], [144.87902, -6.73128], [144.87904, -6.73264], [144.87928, -6.73354], [144.88068, -6.73623], [144.88092, -6.73736], [144.88093, -6.73804], [144.88071, -6.73872], [144.87938, -6.74033], [144.87648, -6.74286], [144.87558, -6.74333], [144.8738, -6.74493], [144.87314, -6.74608], [144.87252, -6.75016], [144.87142, -6.75199], [144.86986, -6.75359], [144.86807, -6.75453], [144.86693, -6.75455], [144.86513, -6.75503], [144.86357, -6.75641], [144.86155, -6.75757], [144.86076, -6.75839], [144.85997, -6.75805], [144.85907, -6.75806], [144.85771, -6.75763], [144.85541, -6.7554], [144.85359, -6.75476], [144.85291, -6.75499], [144.85087, -6.7548], [144.85042, -6.75458], [144.84927, -6.75346], [144.84832, -6.75076], [144.84739, -6.74942], [144.8451, -6.74719], [144.84304, -6.74564], [144.84236, -6.74543], [144.84029, -6.74343], [144.83982, -6.74275], [144.83982, -6.7423], [144.83819, -6.73984], [144.83768, -6.7385], [144.83313, -6.73426], [144.83018, -6.73263], [144.82948, -6.73274], [144.82815, -6.73412], [144.82793, -6.7348], [144.82795, -6.7357], [144.82729, -6.73729], [144.8264, -6.73799], [144.8255, -6.73823], [144.82075, -6.7383], [144.81825, -6.73789], [144.81191, -6.73776], [144.81011, -6.73824], [144.80988, -6.73802], [144.80966, -6.73825], [144.80378, -6.73834], [144.80309, -6.7379], [144.80196, -6.73791], [144.80127, -6.73747], [144.80059, -6.73749], [144.79695, -6.73618], [144.79514, -6.73621], [144.79378, -6.73578], [144.79104, -6.73424], [144.78692, -6.73136], [144.78554, -6.73003], [144.78463, -6.72959], [144.78417, -6.72914], [144.78347, -6.7278], [144.78344, -6.72622], [144.78297, -6.72486], [144.7816, -6.72353], [144.77612, -6.72067], [144.77567, -6.72068], [144.77521, -6.72046], [144.77361, -6.71936], [144.76916, -6.71247], [144.76394, -6.70819], [144.76074, -6.70621], [144.75801, -6.70557], [144.75711, -6.70559], [144.75327, -6.70632], [144.74989, -6.70751], [144.749, -6.7082], [144.74854, -6.70821], [144.74788, -6.70867], [144.74254, -6.71441], [144.74119, -6.71533], [144.73939, -6.71582], [144.73712, -6.71585], [144.73417, -6.71454], [144.73326, -6.71456], [144.73227, -6.71406], [144.72329, -6.71403], [144.71584, -6.7146], [144.71409, -6.71489], [144.71315, -6.71392], [144.69801, -6.71713], [144.50137, -6.74201], [144.06015, -6.8025], [143.95304, -6.81718], [143.67993, -6.81742], [143.64339, -6.81745], [143.00109, -6.81801], [143.0011, -7.01745], [143.92654, -7.98834], [143.92668, -7.98766], [143.92623, -7.98645], [143.92517, -7.98505], [143.92428, -7.98322], [143.92381, -7.98017], [143.92304, -7.97797], [143.92097, -7.97482], [143.91936, -7.96976], [143.91852, -7.96647], [143.9177, -7.96483], [143.91607, -7.96241], [143.91503, -7.95863], [143.91352, -7.95577], [143.91325, -7.95395], [143.91376, -7.95167], [143.91329, -7.94899], [143.91057, -7.94309], [143.90906, -7.94071], [143.90471, -7.93686], [143.89921, -7.92525], [143.89695, -7.92185], [143.89524, -7.91839], [143.89389, -7.91407], [143.89126, -7.90994], [143.88895, -7.90716], [143.88747, -7.90271], [143.88595, -7.90016], [143.88044, -7.89265], [143.87735, -7.8873], [143.87348, -7.8824], [143.87159, -7.87864], [143.87039, -7.87663], [143.86809, -7.87452], [143.86647, -7.87277], [143.86463, -7.86864], [143.86161, -7.86335], [143.85829, -7.85892], [143.85509, -7.85414], [143.85179, -7.84628], [143.84838, -7.84009], [143.84626, -7.83321], [143.84444, -7.82968], [143.84302, -7.82475], [143.84173, -7.8206], [143.83873, -7.81672], [143.836, -7.81107], [143.83503, -7.80698], [143.83435, -7.7983], [143.83434, -7.79322], [143.83635, -7.78842], [143.83748, -7.78191], [143.83793, -7.77841], [143.83966, -7.77532], [143.83974, -7.77238], [143.83945, -7.76944], [143.83741, -7.76378], [143.83576, -7.76019], [143.83408, -7.75838], [143.83226, -7.75602], [143.83063, -7.75329], [143.82833, -7.74653], [143.82763, -7.74488], [143.82424, -7.74089], [143.82326, -7.73594], [143.81983, -7.72417], [143.81935, -7.72075], [143.81944, -7.71848], [143.82017, -7.71389], [143.81935, -7.71169], [143.81664, -7.7064], [143.8147, -7.70435], [143.81008, -7.69854], [143.80833, -7.69679], [143.80615, -7.69412], [143.80426, -7.69078], [143.79995, -7.68539], [143.79832, -7.68285], [143.79319, -7.67569], [143.79136, -7.6726], [143.79048, -7.67028], [143.79014, -7.66845], [143.78681, -7.66357], [143.78374, -7.65853], [143.78193, -7.65654], [143.78067, -7.65387], [143.77995, -7.651], [143.77868, -7.6482], [143.7756, -7.64286], [143.77241, -7.63874], [143.77047, -7.63571], [143.76888, -7.63197], [143.7675, -7.62996], [143.76475, -7.62645], [143.76318, -7.62383], [143.76126, -7.61841], [143.75649, -7.61101], [143.75285, -7.60476], [143.74958, -7.59972], [143.74753, -7.59767], [143.74547, -7.59537], [143.74196, -7.58966], [143.74073, -7.58472], [143.73888, -7.58003], [143.73821, -7.57667], [143.73738, -7.57392], [143.73636, -7.56653], [143.73528, -7.56392], [143.73501, -7.56227], [143.7351, -7.56], [143.73796, -7.55427], [143.74151, -7.54955], [143.7424, -7.54788], [143.74322, -7.54506], [143.74299, -7.54181], [143.74149, -7.53994], [143.73797, -7.53827], [143.73218, -7.53622], [143.72727, -7.53543], [143.7191, -7.5356], [143.70572, -7.53469], [143.70147, -7.53396], [143.6979, -7.53266], [143.69448, -7.52965], [143.68823, -7.52135], [143.68451, -7.51883], [143.67754, -7.51287], [143.67056, -7.50746], [143.66491, -7.50215], [143.65762, -7.49749], [143.6538, -7.49431], [143.64899, -7.49001], [143.64691, -7.48705], [143.64429, -7.48391], [143.64008, -7.47936], [143.63866, -7.47627], [143.63664, -7.47336], [143.62977, -7.4622], [143.62883, -7.45903], [143.62689, -7.4542], [143.62533, -7.44955], [143.62571, -7.44218], [143.62632, -7.43942], [143.62779, -7.43682], [143.62944, -7.43459], [143.6306, -7.43211], [143.63356, -7.42913], [143.63665, -7.42705], [143.63986, -7.42533], [143.64254, -7.4244], [143.64637, -7.42392], [143.64993, -7.4239], [143.65426, -7.4248], [143.6574, -7.42583], [143.66106, -7.42626], [143.67786, -7.42573], [143.68102, -7.42514], [143.68461, -7.42401], [143.68752, -7.42205], [143.68886, -7.41946], [143.68941, -7.41579], [143.68923, -7.41233], [143.68669, -7.40242], [143.6862, -7.39716], [143.68652, -7.39055], [143.68695, -7.38665], [143.68722, -7.38037], [143.6869, -7.37462], [143.68606, -7.37026], [143.68485, -7.36656], [143.68249, -7.36456], [143.68014, -7.36387], [143.67804, -7.36426], [143.66673, -7.36969], [143.66261, -7.37089], [143.65668, -7.37097], [143.65157, -7.37003], [143.64392, -7.36744], [143.63944, -7.36439], [143.6356, -7.36013], [143.63326, -7.35585], [143.63304, -7.35286], [143.63383, -7.34978], [143.63833, -7.3375], [143.63964, -7.33263], [143.63977, -7.32892], [143.63954, -7.3255], [143.63882, -7.32126], [143.63769, -7.31787], [143.63522, -7.31251], [143.6324, -7.30782], [143.63108, -7.30501], [143.62615, -7.29951], [143.62358, -7.29559], [143.62012, -7.29253], [143.61789, -7.29172], [143.6132, -7.2913], [143.60912, -7.2907], [143.60646, -7.28942], [143.60471, -7.28783], [143.60258, -7.28636], [143.60059, -7.28549], [143.59753, -7.28518], [143.59663, -7.28465], [143.5963, -7.28413], [143.59689, -7.28371], [143.59779, -7.28339], [143.59776, -7.28112], [143.5956, -7.27696], [143.59377, -7.27507], [143.58694, -7.27109], [143.58225, -7.2696], [143.57806, -7.26861], [143.57272, -7.26779], [143.56936, -7.26759], [143.56703, -7.26811], [143.56261, -7.26943], [143.55868, -7.27104], [143.55456, -7.27235], [143.54941, -7.27266], [143.54571, -7.27409], [143.53838, -7.27767], [143.53541, -7.27969], [143.52807, -7.28632], [143.52176, -7.28952], [143.51475, -7.2955], [143.51154, -7.28919], [143.51216, -7.2881], [143.51426, -7.28699], [143.52312, -7.2837], [143.5278, -7.28172], [143.53116, -7.27966], [143.5351, -7.27467], [143.54094, -7.27159], [143.54301, -7.26995], [143.54604, -7.26829], [143.55081, -7.26636], [143.55398, -7.26548], [143.55667, -7.26538], [143.55866, -7.26571], [143.56087, -7.26562], [143.56374, -7.26517], [143.56645, -7.26494], [143.57051, -7.26339], [143.57331, -7.26269], [143.57601, -7.26278], [143.5828, -7.26388], [143.58653, -7.26532], [143.59016, -7.26694], [143.59578, -7.27064], [143.59857, -7.27294], [143.60211, -7.2763], [143.60502, -7.27842], [143.60925, -7.28117], [143.61643, -7.28454], [143.61849, -7.28577], [143.62072, -7.28652], [143.6236, -7.2869], [143.62873, -7.29059], [143.63204, -7.29432], [143.63436, -7.29734], [143.63669, -7.30102], [143.63817, -7.30383], [143.63897, -7.30974], [143.64039, -7.3129], [143.64199, -7.31551], [143.64435, -7.31758], [143.64516, -7.3193], [143.64548, -7.32132], [143.64732, -7.32369], [143.64782, -7.32535], [143.64799, -7.329], [143.64738, -7.33243], [143.64623, -7.33609], [143.64034, -7.34781], [143.63888, -7.34986], [143.63848, -7.35106], [143.6381, -7.35394], [143.63836, -7.35538], [143.63952, -7.35668], [143.64651, -7.35988], [143.64946, -7.36043], [143.65277, -7.36128], [143.65589, -7.36153], [143.6668, -7.36114], [143.66865, -7.36076], [143.67217, -7.35963], [143.67498, -7.35917], [143.67773, -7.35829], [143.67964, -7.35809], [143.68192, -7.35805], [143.68627, -7.36045], [143.68972, -7.36228], [143.69198, -7.36464], [143.69542, -7.37082], [143.69654, -7.3735], [143.69665, -7.37697], [143.69615, -7.37961], [143.69585, -7.38423], [143.69492, -7.38772], [143.69511, -7.3931], [143.69467, -7.39556], [143.69475, -7.40083], [143.69536, -7.40621], [143.6951, -7.41304], [143.69527, -7.41681], [143.69585, -7.41962], [143.69641, -7.42471], [143.69704, -7.42686], [143.69736, -7.42847], [143.69726, -7.43039], [143.69627, -7.43196], [143.6942, -7.4336], [143.69265, -7.43441], [143.69027, -7.43575], [143.68819, -7.43716], [143.68598, -7.43749], [143.68387, -7.4371], [143.68091, -7.43553], [143.67796, -7.43473], [143.67227, -7.43518], [143.66827, -7.43601], [143.66484, -7.43594], [143.6587, -7.4344], [143.65431, -7.43363], [143.65215, -7.43342], [143.64703, -7.43152], [143.64481, -7.43161], [143.64236, -7.43237], [143.63939, -7.43396], [143.63696, -7.43645], [143.63481, -7.44103], [143.63425, -7.44386], [143.63436, -7.44727], [143.6347, -7.45013], [143.63643, -7.45376], [143.63937, -7.45821], [143.64187, -7.46318], [143.64417, -7.46721], [143.64723, -7.47094], [143.65087, -7.47388], [143.65559, -7.47663], [143.6657, -7.48373], [143.67127, -7.48778], [143.67467, -7.49073], [143.68239, -7.49829], [143.68581, -7.50196], [143.68733, -7.50415], [143.68903, -7.50963], [143.69087, -7.51231], [143.69221, -7.5136], [143.69514, -7.51577], [143.69771, -7.51658], [143.7012, -7.51712], [143.70654, -7.51711], [143.71067, -7.51666], [143.71479, -7.51509], [143.71766, -7.51348], [143.72045, -7.51107], [143.72313, -7.50986], [143.72607, -7.50929], [143.72949, -7.5095], [143.73556, -7.51099], [143.74056, -7.51177], [143.74498, -7.51302], [143.75067, -7.51563], [143.76317, -7.5249], [143.76611, -7.52827], [143.7704, -7.53365], [143.77348, -7.53835], [143.77587, -7.54415], [143.78001, -7.55799], [143.78213, -7.56433], [143.78486, -7.57098], [143.78614, -7.57339], [143.78712, -7.57725], [143.78867, -7.57999], [143.79761, -7.59882], [143.80003, -7.60246], [143.80533, -7.61478], [143.80745, -7.62033], [143.80884, -7.62531], [143.81075, -7.63033], [143.81353, -7.63632], [143.81657, -7.64186], [143.82027, -7.64784], [143.82351, -7.65258], [143.82697, -7.65594], [143.83116, -7.65916], [143.84348, -7.66652], [143.84981, -7.67222], [143.85333, -7.67466], [143.86485, -7.68131], [143.86804, -7.68343], [143.8751, -7.69002], [143.88197, -7.69563], [143.88476, -7.69769], [143.88946, -7.69992], [143.89218, -7.70178], [143.89783, -7.70635], [143.90476, -7.71301], [143.90794, -7.71467], [143.91038, -7.71502], [143.91968, -7.71325], [143.92428, -7.71292], [143.92934, -7.71305], [143.93419, -7.71385], [143.93941, -7.71391], [143.94286, -7.71412], [143.94951, -7.71726], [143.95549, -7.71915], [143.96179, -7.72071], [143.96677, -7.7213], [143.97286, -7.72167], [143.9771, -7.7222], [143.98143, -7.72471], [143.98589, -7.72688], [143.98955, -7.72809], [143.99241, -7.7297], [143.99542, -7.73216], [144.00026, -7.73725], [144.00753, -7.74182], [144.01159, -7.74414], [144.01685, -7.74637], [144.0214, -7.75053], [144.02409, -7.75228], [144.03596, -7.75896], [144.0464, -7.76323], [144.05059, -7.76548], [144.05632, -7.7681], [144.06349, -7.7701], [144.06846, -7.77115], [144.07265, -7.77234], [144.07542, -7.77243], [144.0776, -7.77167], [144.07943, -7.7706], [144.08034, -7.7694], [144.08172, -7.76455], [144.08262, -7.76256], [144.08299, -7.76084], [144.08131, -7.75473], [144.08008, -7.74749], [144.0785, -7.74335], [144.07747, -7.7367], [144.07655, -7.73196], [144.07573, -7.73052], [144.07373, -7.7291], [144.07081, -7.72862], [144.06572, -7.72843], [144.05593, -7.72837], [144.04412, -7.72557], [144.0396, -7.72392], [144.03558, -7.72089], [144.03323, -7.71828], [144.03017, -7.71265], [144.028, -7.70906], [144.02022, -7.70132], [144.01886, -7.69888], [144.01754, -7.69395], [144.01735, -7.69033], [144.01744, -7.68716], [144.01871, -7.68397], [144.02003, -7.67947], [144.02059, -7.67662], [144.02241, -7.67046], [144.02291, -7.66834], [144.02243, -7.6667], [144.02055, -7.66521], [144.01836, -7.66432], [144.01141, -7.66389], [144.00723, -7.66263], [144.00396, -7.66077], [144.00107, -7.65737], [143.99951, -7.65488], [143.99922, -7.65284], [143.99962, -7.64901], [144.00051, -7.64655], [144.00481, -7.64246], [144.0061, -7.6402], [144.00766, -7.63794], [144.00803, -7.63589], [144.0081, -7.62737], [144.00722, -7.626], [144.00595, -7.62509], [144.00389, -7.62427], [144.00191, -7.62449], [143.99593, -7.62689], [143.99356, -7.62759], [143.99072, -7.62763], [143.988, -7.6272], [143.98441, -7.6254], [143.98259, -7.62339], [143.98229, -7.62102], [143.98279, -7.6191], [143.98588, -7.61292], [143.98891, -7.60772], [143.98859, -7.60417], [143.98763, -7.6022], [143.9857, -7.60044], [143.98272, -7.59904], [143.98053, -7.59848], [143.97829, -7.59845], [143.97633, -7.59926], [143.97491, -7.60112], [143.973, -7.60509], [143.97271, -7.60798], [143.96971, -7.61392], [143.96719, -7.61658], [143.964, -7.61873], [143.96014, -7.61997], [143.95712, -7.61981], [143.95467, -7.619], [143.95247, -7.6166], [143.95218, -7.61431], [143.95286, -7.60262], [143.9525, -7.60053], [143.95182, -7.5991], [143.95075, -7.5976], [143.95012, -7.59532], [143.94834, -7.59449], [143.94683, -7.59458], [143.94423, -7.59652], [143.94033, -7.60011], [143.93812, -7.60152], [143.93629, -7.60181], [143.93457, -7.60138], [143.92784, -7.59505], [143.92567, -7.59443], [143.92448, -7.59458], [143.92305, -7.59551], [143.92256, -7.59716], [143.92246, -7.60005], [143.9229, -7.60345], [143.92294, -7.60634], [143.92258, -7.60877], [143.92149, -7.61069], [143.9198, -7.61209], [143.91771, -7.61271], [143.91514, -7.61249], [143.91282, -7.6112], [143.91035, -7.60868], [143.90839, -7.60517], [143.90738, -7.60295], [143.90612, -7.60212], [143.9048, -7.60201], [143.90356, -7.60235], [143.90012, -7.60522], [143.89738, -7.60703], [143.8949, -7.6076], [143.89298, -7.60716], [143.89153, -7.60614], [143.89051, -7.60431], [143.89067, -7.60188], [143.89128, -7.59807], [143.89118, -7.59609], [143.89056, -7.59439], [143.88879, -7.59396], [143.88727, -7.59392], [143.88498, -7.59415], [143.88254, -7.59386], [143.88095, -7.59302], [143.87974, -7.59081], [143.87899, -7.58885], [143.87812, -7.58814], [143.87265, -7.58691], [143.87033, -7.58583], [143.8692, -7.58434], [143.86884, -7.58283], [143.8692, -7.5804], [143.87042, -7.57802], [143.87229, -7.57544], [143.87292, -7.57392], [143.87263, -7.57202], [143.87163, -7.57105], [143.87044, -7.57068], [143.8665, -7.5706], [143.86483, -7.56997], [143.86396, -7.56906], [143.86381, -7.5671], [143.86469, -7.56426], [143.86498, -7.56183], [143.86417, -7.56027], [143.86238, -7.55938], [143.85704, -7.55828], [143.85571, -7.55731], [143.85522, -7.55515], [143.85588, -7.55113], [143.85564, -7.54785], [143.85352, -7.54204], [143.85239, -7.5414], [143.85022, -7.54131], [143.84409, -7.54441], [143.84259, -7.54463], [143.8412, -7.54412], [143.84006, -7.54282], [143.83838, -7.53997], [143.83712, -7.53887], [143.8342, -7.53727], [143.83366, -7.53557], [143.83357, -7.53439], [143.83381, -7.53294], [143.83558, -7.52807], [143.8351, -7.52663], [143.8339, -7.52566], [143.82876, -7.52436], [143.82762, -7.5228], [143.82713, -7.52084], [143.8275, -7.51946], [143.82849, -7.51905], [143.83222, -7.51854], [143.83477, -7.51778], [143.83561, -7.51665], [143.83547, -7.51567], [143.83439, -7.51398], [143.83227, -7.5125], [143.83087, -7.51108], [143.83032, -7.50925], [143.83075, -7.50773], [143.83377, -7.5027], [143.835, -7.50146], [143.83613, -7.50228], [143.8364, -7.50312], [143.83629, -7.50424], [143.83395, -7.50611], [143.8324, -7.50758], [143.83208, -7.50896], [143.83223, -7.51034], [143.83337, -7.51137], [143.83635, -7.5133], [143.83736, -7.51505], [143.83746, -7.51708], [143.83642, -7.51822], [143.8346, -7.51936], [143.83075, -7.52079], [143.83004, -7.52172], [143.83024, -7.52243], [143.83163, -7.52314], [143.83407, -7.52362], [143.83672, -7.5249], [143.83759, -7.5263], [143.83743, -7.5288], [143.83648, -7.53156], [143.83547, -7.53394], [143.83549, -7.53512], [143.83641, -7.53596], [143.84018, -7.53774], [143.8432, -7.54144], [143.84458, -7.54181], [143.8457, -7.54147], [143.84837, -7.53986], [143.85084, -7.5387], [143.85229, -7.53862], [143.85394, -7.53892], [143.85613, -7.54106], [143.857, -7.54662], [143.85782, -7.5489], [143.85751, -7.55474], [143.85938, -7.55649], [143.86552, -7.55896], [143.86647, -7.56039], [143.8667, -7.56741], [143.86763, -7.56857], [143.86909, -7.56921], [143.87277, -7.56957], [143.87431, -7.57118], [143.87474, -7.57314], [143.87424, -7.57531], [143.87276, -7.57743], [143.87129, -7.58054], [143.87145, -7.5825], [143.87239, -7.58361], [143.879, -7.58653], [143.88134, -7.58827], [143.88281, -7.59028], [143.88402, -7.59157], [143.88763, -7.59178], [143.88961, -7.59208], [143.89134, -7.59343], [143.89262, -7.59585], [143.89286, -7.59892], [143.89235, -7.60463], [143.89329, -7.60554], [143.8946, -7.60578], [143.89611, -7.6055], [143.89801, -7.60462], [143.89964, -7.60368], [143.90125, -7.60155], [143.90274, -7.60049], [143.90471, -7.60019], [143.90701, -7.60062], [143.90934, -7.60223], [143.91149, -7.6058], [143.91376, -7.60846], [143.91602, -7.6098], [143.91759, -7.60991], [143.9193, -7.60916], [143.92072, -7.60757], [143.92122, -7.60592], [143.92076, -7.60094], [143.9209, -7.59753], [143.92132, -7.59458], [143.92267, -7.59285], [143.92463, -7.59217], [143.92727, -7.59232], [143.92992, -7.59392], [143.93292, -7.59749], [143.93551, -7.5989], [143.93683, -7.59894], [143.94042, -7.59692], [143.94666, -7.59211], [143.94824, -7.59208], [143.95028, -7.5931], [143.95365, -7.5987], [143.95474, -7.60137], [143.95499, -7.60445], [143.95367, -7.613], [143.95376, -7.61509], [143.95597, -7.61736], [143.9599, -7.61717], [143.96344, -7.61613], [143.96545, -7.6146], [143.96779, -7.6124], [143.96854, -7.61003], [143.96914, -7.60648], [143.97097, -7.60114], [143.97251, -7.59868], [143.97472, -7.59688], [143.97779, -7.59566], [143.98002, -7.59549], [143.98219, -7.59572], [143.98689, -7.59815], [143.98903, -7.60028], [143.99102, -7.60169], [143.99282, -7.60384], [143.99277, -7.60569], [143.99162, -7.60822], [143.99041, -7.6116], [143.98572, -7.61675], [143.98484, -7.61921], [143.98494, -7.62132], [143.98615, -7.62308], [143.98829, -7.6247], [143.99034, -7.6252], [143.99477, -7.62487], [143.99806, -7.62429], [144.00023, -7.62347], [144.00293, -7.62198], [144.00477, -7.62169], [144.00716, -7.62231], [144.01005, -7.62524], [144.01154, -7.62845], [144.01185, -7.63076], [144.01047, -7.63639], [144.00908, -7.64025], [144.00701, -7.64417], [144.00437, -7.6481], [144.00302, -7.65116], [144.00266, -7.6534], [144.00354, -7.65491], [144.01087, -7.6591], [144.01339, -7.65972], [144.01777, -7.66038], [144.01996, -7.66114], [144.02304, -7.66307], [144.02532, -7.66535], [144.02668, -7.66777], [144.02757, -7.67], [144.02742, -7.67304], [144.02634, -7.68079], [144.02488, -7.68444], [144.02295, -7.68796], [144.02225, -7.69022], [144.02216, -7.69279], [144.02319, -7.69568], [144.02501, -7.69803], [144.02844, -7.70167], [144.03174, -7.70578], [144.0333, -7.70853], [144.03446, -7.71129], [144.03575, -7.71311], [144.03929, -7.71583], [144.04449, -7.71839], [144.04912, -7.71912], [144.06248, -7.71919], [144.06798, -7.71977], [144.07492, -7.71993], [144.07685, -7.72031], [144.07939, -7.72153], [144.08106, -7.72308], [144.08288, -7.72557], [144.08398, -7.72819], [144.08484, -7.73253], [144.08622, -7.73707], [144.08735, -7.74186], [144.08911, -7.74448], [144.09052, -7.74986], [144.09286, -7.7563], [144.09579, -7.76253], [144.09738, -7.76707], [144.10057, -7.77276], [144.10287, -7.77635], [144.10484, -7.77874], [144.1055, -7.77955], [144.10771, -7.78143], [144.10964, -7.78213], [144.11222, -7.78255], [144.11436, -7.78403], [144.11671, -7.78651], [144.11812, -7.78784], [144.12031, -7.7886], [144.12389, -7.78921], [144.12905, -7.78919], [144.13128, -7.78991], [144.13549, -7.79128], [144.1441, -7.79201], [144.14722, -7.79269], [144.14894, -7.79287], [144.15197, -7.79216], [144.1559, -7.78966], [144.15871, -7.78711], [144.16155, -7.78298], [144.16513, -7.77936], [144.16636, -7.77723], [144.16732, -7.77524], [144.16795, -7.77259], [144.16784, -7.76972], [144.16611, -7.76467], [144.16369, -7.76207], [144.16076, -7.76046], [144.15463, -7.75778], [144.15243, -7.75622], [144.15127, -7.75427], [144.15105, -7.75275], [144.15153, -7.74938], [144.15153, -7.74463], [144.15078, -7.74299], [144.14938, -7.74215], [144.14746, -7.74231], [144.14602, -7.74319], [144.14419, -7.7448], [144.14295, -7.74508], [144.14148, -7.7451], [144.13969, -7.74401], [144.13735, -7.74226], [144.13609, -7.74188], [144.13357, -7.74192], [144.13185, -7.74152], [144.12964, -7.73971], [144.12598, -7.73388], [144.12335, -7.73062], [144.12037, -7.72578], [144.12157, -7.7259], [144.12391, -7.72817], [144.12474, -7.7304], [144.1291, -7.73456], [144.13033, -7.73685], [144.13206, -7.73801], [144.13744, -7.74005], [144.14025, -7.74192], [144.14191, -7.74269], [144.1431, -7.74267], [144.14469, -7.74212], [144.14711, -7.74097], [144.14921, -7.74027], [144.15095, -7.74038], [144.15262, -7.74108], [144.15389, -7.74284], [144.1542, -7.74495], [144.15396, -7.74713], [144.15333, -7.74951], [144.15337, -7.75209], [144.1546, -7.75444], [144.15627, -7.75548], [144.16244, -7.75723], [144.16465, -7.75872], [144.16674, -7.76165], [144.16821, -7.76255], [144.16921, -7.7628], [144.1702, -7.76253], [144.17051, -7.7616], [144.17074, -7.75968], [144.17408, -7.7533], [144.17511, -7.75091], [144.17638, -7.74713], [144.17647, -7.73611], [144.17538, -7.73329], [144.17315, -7.73042], [144.17047, -7.72802], [144.1662, -7.72511], [144.16011, -7.72012], [144.15948, -7.71821], [144.15792, -7.7156], [144.14698, -7.70446], [144.1443, -7.70199], [144.14266, -7.69885], [144.14129, -7.69544], [144.13785, -7.69022], [144.13555, -7.68708], [144.13237, -7.68284], [144.12941, -7.67932], [144.1271, -7.67579], [144.12338, -7.66944], [144.12126, -7.66478], [144.12022, -7.66195], [144.11827, -7.65908], [144.11675, -7.65482], [144.11548, -7.64975], [144.11515, -7.6452], [144.11722, -7.63343], [144.12021, -7.62507], [144.1206, -7.60723], [144.11968, -7.60316], [144.11709, -7.59805], [144.11391, -7.59294], [144.11021, -7.58845], [144.10604, -7.58389], [144.10335, -7.58056], [144.10189, -7.57922], [144.10114, -7.57853], [144.09442, -7.57554], [144.09301, -7.57417], [144.09199, -7.57214], [144.09146, -7.56766], [144.08961, -7.563], [144.08834, -7.55787], [144.08713, -7.55591], [144.0856, -7.55553], [144.08382, -7.55596], [144.08232, -7.55717], [144.07922, -7.56269], [144.07768, -7.56509], [144.0712, -7.57236], [144.07083, -7.57278], [144.06803, -7.57566], [144.06469, -7.57742], [144.06133, -7.57859], [144.05784, -7.57937], [144.05242, -7.57978], [144.04558, -7.58166], [144.04248, -7.5819], [144.03724, -7.58132], [144.03398, -7.57959], [144.03163, -7.57698], [144.02965, -7.57305], [144.02833, -7.56845], [144.02733, -7.56312], [144.02577, -7.55674], [144.02481, -7.54877], [144.02312, -7.54695], [144.02047, -7.54606], [144.00994, -7.54608], [144.00445, -7.5455], [144.00119, -7.54416], [143.99924, -7.54208], [143.99828, -7.53945], [143.99811, -7.53708], [143.99818, -7.53232], [143.99917, -7.52841], [144.00007, -7.52622], [143.99981, -7.52206], [143.9987, -7.51891], [143.99717, -7.51768], [143.99072, -7.5156], [143.98766, -7.51419], [143.98566, -7.51237], [143.98463, -7.51034], [143.98461, -7.50809], [143.98494, -7.50601], [143.98599, -7.50383], [143.9874, -7.50194], [143.98861, -7.50091], [143.99083, -7.50002], [143.99499, -7.4988], [143.99599, -7.49786], [143.99654, -7.49656], [143.99633, -7.49245], [143.99638, -7.49016], [143.99751, -7.48849], [143.99914, -7.48667], [144.00064, -7.48585], [144.00717, -7.48453], [144.00996, -7.48348], [144.01167, -7.48224], [144.0123, -7.48086], [144.01249, -7.4787], [144.01188, -7.47706], [144.01036, -7.47593], [144.00876, -7.47552], [143.9984, -7.47589], [143.99069, -7.47346], [143.98465, -7.46965], [143.98218, -7.4687], [143.9806, -7.46834], [143.97824, -7.46809], [143.97718, -7.4674], [143.97582, -7.46605], [143.97515, -7.46448], [143.97495, -7.46027], [143.97472, -7.45861], [143.97379, -7.45696], [143.97081, -7.45418], [143.97002, -7.45265], [143.96942, -7.45077], [143.96946, -7.44916], [143.97033, -7.44953], [143.97116, -7.45042], [143.97426, -7.45495], [143.97606, -7.4569], [143.97675, -7.45832], [143.977, -7.46321], [143.97754, -7.46428], [143.97887, -7.46516], [143.98096, -7.46618], [143.9848, -7.46749], [143.98715, -7.46854], [143.98965, -7.47059], [143.99148, -7.47182], [143.993, -7.47226], [144.00028, -7.47378], [144.00953, -7.47364], [144.01192, -7.47454], [144.01411, -7.47623], [144.01535, -7.47787], [144.01546, -7.4801], [144.01448, -7.48256], [144.01286, -7.48467], [144.00971, -7.4863], [144.00276, -7.48797], [144.00125, -7.48865], [144.00004, -7.48981], [143.99914, -7.49206], [143.99865, -7.49818], [143.9981, -7.49962], [143.99652, -7.50112], [143.99087, -7.50312], [143.98852, -7.50546], [143.9877, -7.50778], [143.98787, -7.51016], [143.98995, -7.51296], [143.99314, -7.51384], [143.99645, -7.51386], [143.99923, -7.51481], [144.00159, -7.51761], [144.00216, -7.52073], [144.00215, -7.52476], [144.00205, -7.52655], [144.00126, -7.53111], [144.00118, -7.53487], [144.00146, -7.54022], [144.0024, -7.54152], [144.00433, -7.54215], [144.00803, -7.54217], [144.01132, -7.54152], [144.01555, -7.54106], [144.01826, -7.54142], [144.02191, -7.5423], [144.02457, -7.54387], [144.0282, -7.54778], [144.03138, -7.55241], [144.03341, -7.55621], [144.0349, -7.56279], [144.03545, -7.56885], [144.03633, -7.5734], [144.03795, -7.57595], [144.03976, -7.57724], [144.04167, -7.57754], [144.05185, -7.57713], [144.05778, -7.57612], [144.06119, -7.57455], [144.06406, -7.5718], [144.07016, -7.56353], [144.07332, -7.5586], [144.07487, -7.55587], [144.07651, -7.55475], [144.08031, -7.55358], [144.08441, -7.55325], [144.09274, -7.5532], [144.10036, -7.55473], [144.10402, -7.5562], [144.10643, -7.55848], [144.10744, -7.55981], [144.10828, -7.56323], [144.11131, -7.57137], [144.11217, -7.57531], [144.11407, -7.57944], [144.11623, -7.58205], [144.11844, -7.584], [144.12124, -7.58567], [144.12292, -7.58723], [144.12918, -7.59506], [144.13089, -7.59899], [144.1318, -7.60254], [144.1329, -7.6049], [144.13497, -7.60678], [144.13689, -7.60696], [144.13814, -7.60641], [144.13977, -7.60487], [144.14108, -7.60472], [144.1417, -7.606], [144.14165, -7.60751], [144.14084, -7.61056], [144.14101, -7.6134], [144.14226, -7.61727], [144.14368, -7.61936], [144.14837, -7.62344], [144.15097, -7.62519], [144.1521, -7.62531], [144.15322, -7.62509], [144.15407, -7.62442], [144.15477, -7.62283], [144.15506, -7.61972], [144.15596, -7.61806], [144.15726, -7.61678], [144.16158, -7.61381], [144.16372, -7.61121], [144.16467, -7.60856], [144.1661, -7.60656], [144.16903, -7.60387], [144.17078, -7.60134], [144.17263, -7.60105], [144.17612, -7.60113], [144.18302, -7.60275], [144.18606, -7.60283], [144.1879, -7.60208], [144.18842, -7.60095], [144.18786, -7.59878], [144.18664, -7.59695], [144.18594, -7.59445], [144.18472, -7.59276], [144.18352, -7.59165], [144.18149, -7.58902], [144.17966, -7.58575], [144.17903, -7.58319], [144.17964, -7.57981], [144.18144, -7.57675], [144.18274, -7.57508], [144.18277, -7.57251], [144.18156, -7.57114], [144.17643, -7.56884], [144.17504, -7.56853], [144.17332, -7.56773], [144.17251, -7.56696], [144.1721, -7.56617], [144.16982, -7.55934], [144.16785, -7.55594], [144.16598, -7.55432], [144.16257, -7.55186], [144.16043, -7.55011], [144.16015, -7.54925], [144.16101, -7.54905], [144.162, -7.54916], [144.16453, -7.55018], [144.16722, -7.55304], [144.16905, -7.55645], [144.17148, -7.55975], [144.17541, -7.56662], [144.17762, -7.56811], [144.18014, -7.56853], [144.18233, -7.56929], [144.184, -7.57078], [144.18535, -7.5728], [144.18553, -7.57544], [144.18229, -7.58006], [144.18145, -7.58152], [144.18128, -7.58311], [144.18421, -7.589], [144.18691, -7.59285], [144.19001, -7.5969], [144.19096, -7.59916], [144.19079, -7.60102], [144.19042, -7.60214], [144.18905, -7.60368], [144.18735, -7.6045], [144.18483, -7.6046], [144.18007, -7.60428], [144.17721, -7.6032], [144.17377, -7.60272], [144.17212, -7.60314], [144.17081, -7.60402], [144.16985, -7.60601], [144.17033, -7.60739], [144.17234, -7.60921], [144.17956, -7.61438], [144.18078, -7.61628], [144.18631, -7.62352], [144.18869, -7.6281], [144.18993, -7.63132], [144.19018, -7.63488], [144.1901, -7.63851], [144.1912, -7.64152], [144.19349, -7.64466], [144.19482, -7.64503], [144.19614, -7.64469], [144.19972, -7.64127], [144.20477, -7.63869], [144.20862, -7.63546], [144.21156, -7.63258], [144.21311, -7.63005], [144.21392, -7.62733], [144.21362, -7.6245], [144.21272, -7.62207], [144.21199, -7.61727], [144.2116, -7.61298], [144.2117, -7.6112], [144.21207, -7.60941], [144.21301, -7.60642], [144.21323, -7.60311], [144.213, -7.60055], [144.21224, -7.59877], [144.2109, -7.59728], [144.20677, -7.59542], [144.20112, -7.5932], [144.19931, -7.59111], [144.198, -7.58783], [144.19823, -7.58532], [144.1995, -7.58187], [144.20136, -7.57822], [144.20264, -7.57523], [144.20333, -7.57244], [144.20378, -7.57178], [144.20464, -7.572], [144.20553, -7.57357], [144.20541, -7.57528], [144.20464, -7.57675], [144.20334, -7.57802], [144.20134, -7.58109], [144.20007, -7.58473], [144.20012, -7.58816], [144.20221, -7.59117], [144.20515, -7.5931], [144.20801, -7.59425], [144.21073, -7.59467], [144.21252, -7.59524], [144.21386, -7.5964], [144.21483, -7.5991], [144.21558, -7.60529], [144.21631, -7.60587], [144.21718, -7.60579], [144.21841, -7.60465], [144.21944, -7.60292], [144.22663, -7.59734], [144.22958, -7.59584], [144.23357, -7.59288], [144.23724, -7.59105], [144.23893, -7.58917], [144.23964, -7.58751], [144.23939, -7.58461], [144.23829, -7.58172], [144.23607, -7.57929], [144.23552, -7.57797], [144.23538, -7.57685], [144.23512, -7.56848], [144.23456, -7.56644], [144.23045, -7.56083], [144.2283, -7.5586], [144.22214, -7.55335], [144.22031, -7.55054], [144.21725, -7.54471], [144.21735, -7.54227], [144.21825, -7.54087], [144.21982, -7.53972], [144.22147, -7.53963], [144.22386, -7.53999], [144.22751, -7.54126], [144.22949, -7.54116], [144.23172, -7.54001], [144.23249, -7.53828], [144.23305, -7.5359], [144.23216, -7.53004], [144.2346, -7.52446], [144.23535, -7.52201], [144.23744, -7.51737], [144.23919, -7.51421], [144.24012, -7.51173], [144.24197, -7.50452], [144.24197, -7.49989], [144.24244, -7.4963], [144.24361, -7.49441], [144.24506, -7.49126], [144.24849, -7.48598], [144.25009, -7.48281], [144.25136, -7.47809], [144.25144, -7.47293], [144.25066, -7.47084], [144.24952, -7.4697], [144.24855, -7.46964], [144.2466, -7.46967], [144.24363, -7.47083], [144.24191, -7.47123], [144.24011, -7.47088], [144.23875, -7.46978], [144.23767, -7.46771], [144.23693, -7.46573], [144.23637, -7.46108], [144.23483, -7.4573], [144.2345, -7.45536], [144.2349, -7.45229], [144.23605, -7.44921], [144.23825, -7.44604], [144.23994, -7.44415], [144.24045, -7.44317], [144.24033, -7.44056], [144.23986, -7.43907], [144.23802, -7.43784], [144.23692, -7.43725], [144.23557, -7.43719], [144.23311, -7.4376], [144.23126, -7.43837], [144.23007, -7.43982], [144.22922, -7.44229], [144.2288, -7.44461], [144.22778, -7.44605], [144.22636, -7.44659], [144.22524, -7.44638], [144.22305, -7.44514], [144.22039, -7.44265], [144.2167, -7.4395], [144.21502, -7.43795], [144.21779, -7.43812], [144.2196, -7.43937], [144.22247, -7.44179], [144.22467, -7.44333], [144.2255, -7.44361], [144.22676, -7.443], [144.22719, -7.44187], [144.22746, -7.44], [144.22862, -7.43771], [144.22995, -7.43638], [144.23166, -7.43564], [144.23412, -7.43527], [144.23689, -7.43523], [144.23991, -7.43682], [144.24128, -7.43853], [144.24221, -7.44083], [144.24247, -7.44321], [144.2413, -7.4454], [144.23763, -7.45001], [144.23632, -7.4522], [144.2362, -7.45421], [144.23668, -7.45607], [144.23784, -7.45852], [144.23846, -7.46038], [144.2385, -7.46277], [144.23912, -7.46462], [144.24019, -7.46625], [144.24141, -7.46721], [144.24664, -7.4675], [144.24911, -7.46739], [144.2509, -7.46691], [144.25252, -7.46547], [144.25341, -7.46441], [144.25433, -7.46111], [144.25585, -7.45758], [144.25685, -7.45443], [144.25762, -7.45091], [144.25779, -7.44769], [144.25768, -7.4453], [144.25607, -7.44197], [144.25327, -7.43514], [144.25119, -7.43136], [144.24993, -7.4266], [144.24899, -7.42429], [144.24599, -7.41814], [144.24511, -7.41516], [144.24471, -7.413], [144.24448, -7.4074], [144.24405, -7.40405], [144.24443, -7.39919], [144.24536, -7.39626], [144.24569, -7.39394], [144.24682, -7.38877], [144.2473, -7.38465], [144.24755, -7.38256], [144.24748, -7.37822], [144.24669, -7.37582], [144.24479, -7.37365], [144.24158, -7.37052], [144.23883, -7.36678], [144.23682, -7.36205], [144.23622, -7.35882], [144.23543, -7.35628], [144.23408, -7.35417], [144.23045, -7.35105], [144.22773, -7.34951], [144.22608, -7.34946], [144.22256, -7.34972], [144.22139, -7.3499], [144.21802, -7.35041], [144.21342, -7.35179], [144.21149, -7.35154], [144.2067, -7.35016], [144.20378, -7.34848], [144.20224, -7.34719], [144.20174, -7.34576], [144.20147, -7.34169], [144.19937, -7.33063], [144.19729, -7.32684], [144.19407, -7.32365], [144.19044, -7.32129], [144.18207, -7.31955], [144.17949, -7.31807], [144.1778, -7.31562], [144.1768, -7.31281], [144.17699, -7.31114], [144.17802, -7.30677], [144.18055, -7.30033], [144.18199, -7.29704], [144.18377, -7.29299], [144.18511, -7.28765], [144.18557, -7.28419], [144.18499, -7.28009], [144.18263, -7.27218], [144.18065, -7.26844], [144.1776, -7.26585], [144.1736, -7.26374], [144.17125, -7.26268], [144.16986, -7.26206], [144.16797, -7.2603], [144.16437, -7.25504], [144.16173, -7.24989], [144.16136, -7.24695], [144.1614, -7.24458], [144.16138, -7.23932], [144.16303, -7.23399], [144.16502, -7.22582], [144.1651, -7.22261], [144.16354, -7.21649], [144.16254, -7.21375], [144.15951, -7.20874], [144.15775, -7.2062], [144.15641, -7.20238], [144.15669, -7.20033], [144.15784, -7.19955], [144.16034, -7.19967], [144.16058, -7.20142], [144.16047, -7.20219], [144.16308, -7.20548], [144.16369, -7.20733], [144.16406, -7.21039], [144.16511, -7.21283], [144.16913, -7.2202], [144.16942, -7.22218], [144.16773, -7.22937], [144.16571, -7.23555], [144.16546, -7.2401], [144.16545, -7.2442], [144.16683, -7.25077], [144.16765, -7.25383], [144.16947, -7.25771], [144.17097, -7.25935], [144.17133, -7.25955], [144.17504, -7.26154], [144.18348, -7.26455], [144.18587, -7.26592], [144.18735, -7.26616], [144.18836, -7.26544], [144.19153, -7.25822], [144.19323, -7.25672], [144.19704, -7.25449], [144.20031, -7.25348], [144.20383, -7.25279], [144.20613, -7.25301], [144.20904, -7.25424], [144.21096, -7.25453], [144.21231, -7.25426], [144.21325, -7.25348], [144.2138, -7.25142], [144.21498, -7.24839], [144.21702, -7.24389], [144.21738, -7.24177], [144.21715, -7.23959], [144.21611, -7.2382], [144.21359, -7.23702], [144.21196, -7.23557], [144.21089, -7.23219], [144.21194, -7.22967], [144.21384, -7.22785], [144.21607, -7.22724], [144.22854, -7.22545], [144.23281, -7.22405], [144.23585, -7.22138], [144.23645, -7.2188], [144.23625, -7.21388], [144.23488, -7.21274], [144.23333, -7.21129], [144.23299, -7.21008], [144.23393, -7.2084], [144.23545, -7.20755], [144.23774, -7.20662], [144.23971, -7.20544], [144.24188, -7.2049], [144.244, -7.20512], [144.24586, -7.20541], [144.24857, -7.2064], [144.25232, -7.20762], [144.25611, -7.20852], [144.2576, -7.20933], [144.25819, -7.21029], [144.25883, -7.21047], [144.26302, -7.20791], [144.26358, -7.20675], [144.26293, -7.20567], [144.26202, -7.20524], [144.25926, -7.20521], [144.25708, -7.20473], [144.25559, -7.20366], [144.25532, -7.20258], [144.25668, -7.19961], [144.25654, -7.19821], [144.25599, -7.19648], [144.25603, -7.1945], [144.2571, -7.19327], [144.25921, -7.19259], [144.26145, -7.19244], [144.26279, -7.19216], [144.26608, -7.1891], [144.26756, -7.18802], [144.26968, -7.18787], [144.27148, -7.18823], [144.27604, -7.19308], [144.27688, -7.19339], [144.27803, -7.19337], [144.27943, -7.19278], [144.28139, -7.19121], [144.28279, -7.19055], [144.28414, -7.19053], [144.28537, -7.19115], [144.28602, -7.19178], [144.28743, -7.19202], [144.2891, -7.19186], [144.29045, -7.19236], [144.29002, -7.1939], [144.28906, -7.19436], [144.28721, -7.19426], [144.28482, -7.19327], [144.28276, -7.19279], [144.28187, -7.19313], [144.28069, -7.19526], [144.27992, -7.19603], [144.2791, -7.19643], [144.27781, -7.19626], [144.27433, -7.19471], [144.27155, -7.19276], [144.26902, -7.19057], [144.26773, -7.19013], [144.26645, -7.19041], [144.26551, -7.19177], [144.26464, -7.19345], [144.26381, -7.19403], [144.25921, -7.19474], [144.25813, -7.19521], [144.25782, -7.19605], [144.25796, -7.19726], [144.25907, -7.19852], [144.25941, -7.19961], [144.2593, -7.2007], [144.25874, -7.20218], [144.25862, -7.20295], [144.25915, -7.20358], [144.26031, -7.20382], [144.26268, -7.20365], [144.2646, -7.20388], [144.26621, -7.20482], [144.26663, -7.20648], [144.26595, -7.20847], [144.26437, -7.21004], [144.26081, -7.21175], [144.25909, -7.21229], [144.25768, -7.21244], [144.25078, -7.20979], [144.24585, -7.20823], [144.24328, -7.20775], [144.24085, -7.20798], [144.23856, -7.20879], [144.23742, -7.21028], [144.23687, -7.21207], [144.23768, -7.21417], [144.23887, -7.21666], [144.23877, -7.2187], [144.23759, -7.22154], [144.23641, -7.2238], [144.23489, -7.22523], [144.22978, -7.22633], [144.22711, -7.22714], [144.22282, -7.22746], [144.21713, -7.22844], [144.21388, -7.23021], [144.21313, -7.23151], [144.21316, -7.23324], [144.21409, -7.23508], [144.21758, -7.23759], [144.21952, -7.23879], [144.22025, -7.24031], [144.22015, -7.24211], [144.21877, -7.24456], [144.21488, -7.25435], [144.21344, -7.25629], [144.21126, -7.2569], [144.20965, -7.25667], [144.20695, -7.25601], [144.20144, -7.25603], [144.19806, -7.25697], [144.19551, -7.25822], [144.19374, -7.25972], [144.19192, -7.26238], [144.1908, -7.26495], [144.19039, -7.26739], [144.19027, -7.27187], [144.19079, -7.27718], [144.1909, -7.28025], [144.19016, -7.28168], [144.18811, -7.28674], [144.18589, -7.2935], [144.18353, -7.2991], [144.18336, -7.29951], [144.18164, -7.3041], [144.18101, -7.30724], [144.18122, -7.31142], [144.18216, -7.31462], [144.18428, -7.31623], [144.18812, -7.31812], [144.19413, -7.31975], [144.19729, -7.32105], [144.19979, -7.32317], [144.20188, -7.32755], [144.20296, -7.33037], [144.20327, -7.33635], [144.20537, -7.34134], [144.20833, -7.34435], [144.21172, -7.3464], [144.21481, -7.34725], [144.21697, -7.34706], [144.21873, -7.34632], [144.22024, -7.34567], [144.22285, -7.34455], [144.22501, -7.34437], [144.22733, -7.34478], [144.23102, -7.34652], [144.237, -7.35121], [144.2411, -7.35481], [144.24434, -7.35648], [144.24713, -7.35868], [144.25062, -7.36191], [144.2513, -7.3622], [144.25227, -7.36189], [144.25337, -7.3606], [144.25498, -7.3577], [144.25663, -7.35341], [144.25876, -7.35055], [144.26106, -7.34969], [144.26323, -7.34958], [144.26473, -7.35023], [144.26574, -7.35216], [144.26676, -7.35536], [144.26827, -7.35683], [144.27084, -7.35806], [144.27369, -7.35884], [144.27518, -7.35829], [144.27598, -7.35716], [144.27725, -7.35206], [144.27775, -7.35048], [144.27841, -7.3495], [144.27989, -7.34881], [144.28132, -7.34894], [144.28478, -7.3506], [144.28636, -7.3508], [144.28837, -7.3507], [144.29038, -7.35008], [144.29216, -7.34878], [144.2959, -7.34633], [144.3011, -7.34338], [144.30415, -7.34273], [144.30759, -7.34264], [144.30923, -7.34228], [144.31724, -7.33805], [144.31944, -7.3375], [144.32508, -7.33891], [144.3272, -7.34041], [144.32861, -7.34199], [144.32931, -7.34385], [144.33046, -7.346], [144.33305, -7.34909], [144.33467, -7.35198], [144.33694, -7.35344], [144.34039, -7.35451], [144.34451, -7.3549], [144.34899, -7.35453], [144.3552, -7.35481], [144.35714, -7.35433], [144.36166, -7.35176], [144.36338, -7.35144], [144.36757, -7.35123], [144.37396, -7.34859], [144.37603, -7.34721], [144.38001, -7.34237], [144.38321, -7.34113], [144.38717, -7.34077], [144.39166, -7.34093], [144.39541, -7.34162], [144.40202, -7.34286], [144.40562, -7.34318], [144.40951, -7.34296], [144.41205, -7.34323], [144.41944, -7.34663], [144.42123, -7.34653], [144.42323, -7.34545], [144.42679, -7.34301], [144.42946, -7.34147], [144.43338, -7.3395], [144.43562, -7.33872], [144.43711, -7.33855], [144.43951, -7.33911], [144.44228, -7.33915], [144.44369, -7.3383], [144.44487, -7.33716], [144.44522, -7.33522], [144.44473, -7.33306], [144.44471, -7.33178], [144.44535, -7.32967], [144.44745, -7.32743], [144.44968, -7.3265], [144.45174, -7.32636], [144.45916, -7.32785], [144.46294, -7.32804], [144.46487, -7.32908], [144.46669, -7.33062], [144.46821, -7.33261], [144.47041, -7.33489], [144.47255, -7.33785], [144.47401, -7.34036], [144.47488, -7.34334], [144.47493, -7.34678], [144.47468, -7.35006], [144.4731, -7.35435], [144.47327, -7.35577], [144.47427, -7.35688], [144.47764, -7.35734], [144.47877, -7.35823], [144.48071, -7.35975], [144.48193, -7.36189], [144.48198, -7.36451], [144.48111, -7.36661], [144.47987, -7.36888], [144.47619, -7.37259], [144.47258, -7.37586], [144.46808, -7.38078], [144.46571, -7.38209], [144.46378, -7.38308], [144.46192, -7.38379], [144.4603, -7.38516], [144.45982, -7.38748], [144.45978, -7.39009], [144.4604, -7.39188], [144.46238, -7.39372], [144.46666, -7.39507], [144.4713, -7.39515], [144.47494, -7.39382], [144.47738, -7.39207], [144.48113, -7.38783], [144.48445, -7.38479], [144.48667, -7.38326], [144.48943, -7.3824], [144.49301, -7.38235], [144.49564, -7.38298], [144.4985, -7.38406], [144.50093, -7.38626], [144.50253, -7.38833], [144.50353, -7.3904], [144.5041, -7.39301], [144.50421, -7.39756], [144.50301, -7.40229], [144.50072, -7.40896], [144.50044, -7.41047], [144.49989, -7.41391], [144.50208, -7.42478], [144.5039, -7.4267], [144.50686, -7.42905], [144.5101, -7.43108], [144.5128, -7.43134], [144.51549, -7.43093], [144.51831, -7.42992], [144.5217, -7.42927], [144.52471, -7.42922], [144.52878, -7.43051], [144.54069, -7.43654], [144.54309, -7.43702], [144.54433, -7.4367], [144.54484, -7.43606], [144.5447, -7.4341], [144.54385, -7.43235], [144.54387, -7.42013], [144.54362, -7.41764], [144.54298, -7.41641], [144.54015, -7.41449], [144.53815, -7.41234], [144.53707, -7.41008], [144.53597, -7.40564], [144.53426, -7.40256], [144.53217, -7.40145], [144.52718, -7.40059], [144.5255, -7.39937], [144.52455, -7.39804], [144.52355, -7.39381], [144.52149, -7.38835], [144.52109, -7.38613], [144.52159, -7.38456], [144.52292, -7.38361], [144.52438, -7.38359], [144.52635, -7.38398], [144.52853, -7.38394], [144.52998, -7.3835], [144.53078, -7.38204], [144.53076, -7.38059], [144.52645, -7.3703], [144.52492, -7.36555], [144.52198, -7.36112], [144.5221, -7.36036], [144.52264, -7.35983], [144.52347, -7.35953], [144.52526, -7.35937], [144.52606, -7.35954], [144.52791, -7.36054], [144.52895, -7.36168], [144.52784, -7.36265], [144.52645, -7.3635], [144.52662, -7.36437], [144.52809, -7.36534], [144.52941, -7.36718], [144.5305, -7.37417], [144.5319, -7.37731], [144.53299, -7.38097], [144.53307, -7.38263], [144.53247, -7.38404], [144.53088, -7.38541], [144.52764, -7.38548], [144.52607, -7.38553], [144.52463, -7.38638], [144.52387, -7.3881], [144.52405, -7.3896], [144.52474, -7.39099], [144.5259, -7.39185], [144.52704, -7.395], [144.52852, -7.39689], [144.53002, -7.39692], [144.53321, -7.39506], [144.53527, -7.39415], [144.53807, -7.39364], [144.54085, -7.39292], [144.54299, -7.39167], [144.54896, -7.38562], [144.55133, -7.3845], [144.55276, -7.38339], [144.55306, -7.38209], [144.55313, -7.38007], [144.55384, -7.37907], [144.55456, -7.3788], [144.55545, -7.37905], [144.55583, -7.37998], [144.5547, -7.3845], [144.55582, -7.38614], [144.55674, -7.38851], [144.55751, -7.39166], [144.55768, -7.39616], [144.55701, -7.3997], [144.55519, -7.40267], [144.55262, -7.40458], [144.54723, -7.4064], [144.54558, -7.40725], [144.54493, -7.40824], [144.54582, -7.40916], [144.54899, -7.40974], [144.55438, -7.41225], [144.55583, -7.41259], [144.55707, -7.41226], [144.55815, -7.41146], [144.55886, -7.41036], [144.55909, -7.40829], [144.55986, -7.40459], [144.56117, -7.40239], [144.5641, -7.40059], [144.56554, -7.39995], [144.5673, -7.39966], [144.57027, -7.40039], [144.57226, -7.40165], [144.57412, -7.40427], [144.57575, -7.40579], [144.57799, -7.40659], [144.57949, -7.40646], [144.58109, -7.40587], [144.58206, -7.40461], [144.58277, -7.40046], [144.58275, -7.39901], [144.58196, -7.39772], [144.58091, -7.39738], [144.57697, -7.39765], [144.57567, -7.39746], [144.57447, -7.3966], [144.57198, -7.39343], [144.57078, -7.39313], [144.56964, -7.39258], [144.56931, -7.3916], [144.57003, -7.39122], [144.57101, -7.39111], [144.57226, -7.3914], [144.5761, -7.3945], [144.57902, -7.3957], [144.5814, -7.39582], [144.5828, -7.39543], [144.58347, -7.39475], [144.58307, -7.38789], [144.58328, -7.38473], [144.58554, -7.37951], [144.58583, -7.37811], [144.58524, -7.37703], [144.58415, -7.37679], [144.58162, -7.37755], [144.57819, -7.3776], [144.57616, -7.37717], [144.57438, -7.37585], [144.57394, -7.37409], [144.57415, -7.37129], [144.57591, -7.36728], [144.57625, -7.36557], [144.57586, -7.36412], [144.57476, -7.36305], [144.57224, -7.36132], [144.57117, -7.35932], [144.57076, -7.35586], [144.57047, -7.3542], [144.56983, -7.35312], [144.56882, -7.35164], [144.56714, -7.35039], [144.56642, -7.3489], [144.56658, -7.34847], [144.56769, -7.34786], [144.56923, -7.34757], [144.5706, -7.34815], [144.57227, -7.34977], [144.57202, -7.35052], [144.57181, -7.35366], [144.57292, -7.35756], [144.57493, -7.36085], [144.57785, -7.36407], [144.57859, -7.3653], [144.57877, -7.36837], [144.57733, -7.37263], [144.57743, -7.37505], [144.57856, -7.37582], [144.58038, -7.37552], [144.58506, -7.37363], [144.58637, -7.3738], [144.58742, -7.3745], [144.58786, -7.37558], [144.58849, -7.37792], [144.58858, -7.37987], [144.58815, -7.38145], [144.58662, -7.38388], [144.58599, -7.38572], [144.58589, -7.38801], [144.5867, -7.38937], [144.58926, -7.39031], [144.59457, -7.39146], [144.59727, -7.3924], [144.59859, -7.39329], [144.5994, -7.39505], [144.59969, -7.39654], [144.59947, -7.39955], [144.60088, -7.40188], [144.6024, -7.40329], [144.60655, -7.40544], [144.61182, -7.40778], [144.61483, -7.40852], [144.61613, -7.40771], [144.61733, -7.4047], [144.6194, -7.39663], [144.62078, -7.39459], [144.6224, -7.3915], [144.62394, -7.38972], [144.62767, -7.38651], [144.63287, -7.38249], [144.63268, -7.38135], [144.63213, -7.3804], [144.63054, -7.37946], [144.62745, -7.3782], [144.62576, -7.37655], [144.62476, -7.37429], [144.62415, -7.37155], [144.62351, -7.36967], [144.62208, -7.36807], [144.62162, -7.36698], [144.62222, -7.36627], [144.62305, -7.36613], [144.62442, -7.36663], [144.62565, -7.36666], [144.62744, -7.36584], [144.62861, -7.3649], [144.62863, -7.36381], [144.62822, -7.36268], [144.62621, -7.36021], [144.62597, -7.35833], [144.62619, -7.35618], [144.62721, -7.35415], [144.63017, -7.35235], [144.6302, -7.35144], [144.62841, -7.34931], [144.62787, -7.34814], [144.62835, -7.34568], [144.62935, -7.34474], [144.63071, -7.34494], [144.63183, -7.3462], [144.63297, -7.34925], [144.63409, -7.35081], [144.63551, -7.35183], [144.63802, -7.35236], [144.63936, -7.35266], [144.64123, -7.35235], [144.64367, -7.35067], [144.64514, -7.35042], [144.64639, -7.35099], [144.64726, -7.35248], [144.64737, -7.35561], [144.64586, -7.35903], [144.64505, -7.36165], [144.64365, -7.36448], [144.64293, -7.36847], [144.64191, -7.37025], [144.64069, -7.37118], [144.63938, -7.37153], [144.63741, -7.3711], [144.63227, -7.36824], [144.63011, -7.36828], [144.62862, -7.36862], [144.62772, -7.36969], [144.62788, -7.37138], [144.62848, -7.37261], [144.63054, -7.37441], [144.63298, -7.376], [144.63457, -7.37768], [144.63553, -7.38014], [144.63575, -7.38222], [144.63538, -7.3836], [144.63295, -7.3869], [144.62921, -7.39029], [144.62793, -7.39183], [144.62102, -7.4012], [144.62014, -7.40382], [144.62157, -7.40733], [144.62322, -7.40841], [144.62491, -7.40799], [144.6357, -7.40013], [144.63785, -7.39904], [144.64124, -7.3986], [144.64419, -7.39889], [144.64636, -7.40042], [144.64862, -7.403], [144.65056, -7.40571], [144.65165, -7.40817], [144.65193, -7.40941], [144.65274, -7.41109], [144.65516, -7.41517], [144.65583, -7.41666], [144.65637, -7.42008], [144.65636, -7.42334], [144.65594, -7.42622], [144.65462, -7.42931], [144.65232, -7.43294], [144.64911, -7.43631], [144.64746, -7.44391], [144.64853, -7.44533], [144.65056, -7.44569], [144.65257, -7.44487], [144.65469, -7.44249], [144.65664, -7.44135], [144.65957, -7.44072], [144.66277, -7.44081], [144.66626, -7.44245], [144.66836, -7.44307], [144.67209, -7.44314], [144.67698, -7.44287], [144.67883, -7.44337], [144.68048, -7.4449], [144.68212, -7.44527], [144.6854, -7.44554], [144.68835, -7.44648], [144.68966, -7.44653], [144.69102, -7.44592], [144.69186, -7.44506], [144.6928, -7.44269], [144.69262, -7.43924], [144.6895, -7.43641], [144.68586, -7.4334], [144.68119, -7.43184], [144.67953, -7.4301], [144.67709, -7.42819], [144.6725, -7.42528], [144.66914, -7.42344], [144.6684, -7.42221], [144.66845, -7.42084], [144.66901, -7.41913], [144.67093, -7.4163], [144.67158, -7.41231], [144.67279, -7.41013], [144.67404, -7.40672], [144.67414, -7.4045], [144.67339, -7.40236], [144.67317, -7.40111], [144.67322, -7.39974], [144.67431, -7.39901], [144.67541, -7.40246], [144.67634, -7.40362], [144.67676, -7.40511], [144.67672, -7.40648], [144.67376, -7.40992], [144.6732, -7.41149], [144.67317, -7.41404], [144.67249, -7.41614], [144.67114, -7.41747], [144.67038, -7.41918], [144.67015, -7.42101], [144.67049, -7.42204], [144.67227, -7.42326], [144.67877, -7.42757], [144.68122, -7.42962], [144.68445, -7.43101], [144.68848, -7.43323], [144.69172, -7.43611], [144.69451, -7.43927], [144.69561, -7.44278], [144.69343, -7.44702], [144.69136, -7.44875], [144.68915, -7.44924], [144.68487, -7.44774], [144.68082, -7.44741], [144.67782, -7.44778], [144.67542, -7.449], [144.67296, -7.45074], [144.67111, -7.45337], [144.67082, -7.45599], [144.67163, -7.45767], [144.67309, -7.45908], [144.67486, -7.45958], [144.67728, -7.45967], [144.67939, -7.46075], [144.68229, -7.46253], [144.68352, -7.46584], [144.68415, -7.46845], [144.68482, -7.46974], [144.68587, -7.47005], [144.68763, -7.46969], [144.68885, -7.46811], [144.68998, -7.46464], [144.69104, -7.46207], [144.69436, -7.4568], [144.69674, -7.45396], [144.69957, -7.45137], [144.70534, -7.44801], [144.7088, -7.44551], [144.71021, -7.44353], [144.71056, -7.44117], [144.71215, -7.44147], [144.714, -7.44229], [144.71885, -7.443], [144.72716, -7.44371], [144.73396, -7.44361], [144.73891, -7.44249], [144.73981, -7.4415], [144.73991, -7.4398], [144.73873, -7.43087], [144.73845, -7.42572], [144.73908, -7.4201], [144.74078, -7.41589], [144.74301, -7.4122], [144.74629, -7.40837], [144.74839, -7.40507], [144.7492, -7.4027], [144.7491, -7.40049], [144.74874, -7.39782], [144.74752, -7.39529], [144.74559, -7.3933], [144.74145, -7.39134], [144.73754, -7.38794], [144.7354, -7.3851], [144.73471, -7.3827], [144.73471, -7.37845], [144.73538, -7.37518], [144.73675, -7.37251], [144.73927, -7.36829], [144.7399, -7.36672], [144.74168, -7.35911], [144.74892, -7.35019], [144.74968, -7.34855], [144.74952, -7.34659], [144.74757, -7.34264], [144.74569, -7.33966], [144.74376, -7.3376], [144.74205, -7.33704], [144.74161, -7.3375], [144.74104, -7.34346], [144.74004, -7.34615], [144.73672, -7.3509], [144.73396, -7.35447], [144.73046, -7.35616], [144.72824, -7.35665], [144.72627, -7.35622], [144.72376, -7.3541], [144.72208, -7.3508], [144.72138, -7.34846], [144.7214, -7.34703], [144.72266, -7.3443], [144.7294, -7.33623], [144.73015, -7.33439], [144.73005, -7.33139], [144.72909, -7.32938], [144.72644, -7.32687], [144.72362, -7.32567], [144.72061, -7.32533], [144.71817, -7.324], [144.71576, -7.32077], [144.71508, -7.31935], [144.71515, -7.31504], [144.71407, -7.31277], [144.71188, -7.31065], [144.71101, -7.30921], [144.71138, -7.3081], [144.71235, -7.30756], [144.71582, -7.30797], [144.71771, -7.30748], [144.71919, -7.30615], [144.72079, -7.30352], [144.72217, -7.30003], [144.72319, -7.29838], [144.72564, -7.29632], [144.72939, -7.29385], [144.73042, -7.29279], [144.73106, -7.29147], [144.73122, -7.28951], [144.733, -7.28648], [144.73306, -7.28537], [144.73186, -7.28395], [144.73152, -7.28317], [144.73162, -7.28187], [144.73404, -7.2817], [144.73517, -7.28273], [144.7354, -7.28494], [144.73413, -7.28731], [144.73383, -7.28888], [144.73295, -7.2917], [144.73175, -7.29401], [144.72937, -7.29613], [144.72684, -7.29755], [144.72503, -7.29881], [144.72342, -7.30047], [144.72227, -7.30258], [144.722, -7.30578], [144.72151, -7.30774], [144.72048, -7.30887], [144.7186, -7.30968], [144.71637, -7.30953], [144.7156, -7.30993], [144.71496, -7.31104], [144.71584, -7.31299], [144.71659, -7.31526], [144.71703, -7.31846], [144.71802, -7.32115], [144.71928, -7.32231], [144.72106, -7.32313], [144.72458, -7.32294], [144.72629, -7.32331], [144.72847, -7.32451], [144.7298, -7.32613], [144.73097, -7.32637], [144.73287, -7.32627], [144.73423, -7.32514], [144.7355, -7.32258], [144.73748, -7.3202], [144.73897, -7.31906], [144.74063, -7.31902], [144.74051, -7.3198], [144.73801, -7.32265], [144.73635, -7.32522], [144.73523, -7.32831], [144.73486, -7.33014], [144.73034, -7.33785], [144.72816, -7.34082], [144.72533, -7.34367], [144.72367, -7.34618], [144.7237, -7.34839], [144.72413, -7.35061], [144.72509, -7.35314], [144.72707, -7.35442], [144.72903, -7.35451], [144.73111, -7.35415], [144.73344, -7.35242], [144.73608, -7.34964], [144.73748, -7.34746], [144.73875, -7.34118], [144.7397, -7.33868], [144.74154, -7.33532], [144.74184, -7.33336], [144.74141, -7.33141], [144.74125, -7.32952], [144.74215, -7.3282], [144.74659, -7.32837], [144.74822, -7.32795], [144.75147, -7.32254], [144.75366, -7.32029], [144.75702, -7.31763], [144.75974, -7.31687], [144.76202, -7.31651], [144.76704, -7.31492], [144.76806, -7.31387], [144.76856, -7.31249], [144.76809, -7.30733], [144.76857, -7.30393], [144.77054, -7.30095], [144.77221, -7.2991], [144.77371, -7.29875], [144.77463, -7.299], [144.77557, -7.30055], [144.77534, -7.30284], [144.77486, -7.30539], [144.77522, -7.3078], [144.77616, -7.30948], [144.77717, -7.31012], [144.78024, -7.31014], [144.78345, -7.31068], [144.78654, -7.3118], [144.78843, -7.31184], [144.78999, -7.31083], [144.79069, -7.30965], [144.79079, -7.30789], [144.79149, -7.30664], [144.79272, -7.3059], [144.79494, -7.30528], [144.7963, -7.30454], [144.79764, -7.30321], [144.79885, -7.3011], [144.79941, -7.29946], [144.79927, -7.29861], [144.79976, -7.29639], [144.80096, -7.29376], [144.80126, -7.29192], [144.79956, -7.2879], [144.79994, -7.28659], [144.80142, -7.28579], [144.80391, -7.28588], [144.80508, -7.28553], [144.80585, -7.28461], [144.80576, -7.28292], [144.80442, -7.2766], [144.80334, -7.27459], [144.80377, -7.2725], [144.80467, -7.2717], [144.80617, -7.27141], [144.80761, -7.27172], [144.80841, -7.27256], [144.8085, -7.27405], [144.80897, -7.27529], [144.80914, -7.27541], [144.8101, -7.27612], [144.81177, -7.27582], [144.81453, -7.27533], [144.81641, -7.27478], [144.82002, -7.27152], [144.82113, -7.27112], [144.82231, -7.27123], [144.82323, -7.27193], [144.82351, -7.2723], [144.82524, -7.27465], [144.82576, -7.2749], [144.82585, -7.27486], [144.82719, -7.27429], [144.82757, -7.27343], [144.82719, -7.26567], [144.82775, -7.26377], [144.82832, -7.26317], [144.82903, -7.26283], [144.82998, -7.26362], [144.83046, -7.26492], [144.82938, -7.27114], [144.82904, -7.27461], [144.82828, -7.27638], [144.82817, -7.27649], [144.82764, -7.27704], [144.82627, -7.27713], [144.82475, -7.27617], [144.82296, -7.27424], [144.8221, -7.2738], [144.82099, -7.27375], [144.82068, -7.27385], [144.81975, -7.27416], [144.81887, -7.27508], [144.81789, -7.27608], [144.81705, -7.27669], [144.81501, -7.27682], [144.81424, -7.27686], [144.81262, -7.27767], [144.81169, -7.27794], [144.81074, -7.27822], [144.80936, -7.27811], [144.80852, -7.27712], [144.80843, -7.27701], [144.80775, -7.27539], [144.80715, -7.27449], [144.80649, -7.27437], [144.80591, -7.27457], [144.80559, -7.27523], [144.80567, -7.27666], [144.80731, -7.28063], [144.80851, -7.2825], [144.80886, -7.28406], [144.80824, -7.28577], [144.80743, -7.28642], [144.80701, -7.28677], [144.8037, -7.28765], [144.80336, -7.28774], [144.80286, -7.2886], [144.80314, -7.28963], [144.80409, -7.29007], [144.80465, -7.29033], [144.80557, -7.29103], [144.80578, -7.29188], [144.8054, -7.29238], [144.80483, -7.29313], [144.8018, -7.29612], [144.80145, -7.29887], [144.80088, -7.30044], [144.8006, -7.30327], [144.80002, -7.30486], [144.79954, -7.30615], [144.79826, -7.3078], [144.79757, -7.30812], [144.79696, -7.30841], [144.79585, -7.30836], [144.79465, -7.30786], [144.79335, -7.30814], [144.79284, -7.30906], [144.79306, -7.31024], [144.79453, -7.31257], [144.79472, -7.31345], [144.79474, -7.31354], [144.79467, -7.31361], [144.79384, -7.31453], [144.79181, -7.31469], [144.79089, -7.31447], [144.78585, -7.31328], [144.78152, -7.31264], [144.77752, -7.31165], [144.77521, -7.31038], [144.77484, -7.31008], [144.77402, -7.30942], [144.77374, -7.30786], [144.7736, -7.3031], [144.77294, -7.30265], [144.77228, -7.30266], [144.77138, -7.30339], [144.7707, -7.30608], [144.77042, -7.313], [144.76982, -7.31496], [144.76979, -7.31504], [144.76877, -7.31616], [144.76727, -7.31681], [144.76611, -7.31731], [144.76156, -7.31889], [144.75773, -7.32064], [144.75501, -7.32245], [144.7534, -7.32417], [144.74982, -7.32919], [144.74814, -7.33026], [144.74645, -7.33107], [144.74496, -7.33207], [144.74472, -7.33325], [144.74527, -7.33494], [144.74775, -7.33908], [144.75069, -7.34197], [144.7512, -7.34249], [144.75134, -7.34276], [144.75255, -7.34514], [144.75292, -7.34769], [144.75269, -7.35005], [144.75155, -7.35202], [144.74865, -7.35468], [144.7477, -7.35704], [144.74678, -7.36071], [144.74523, -7.36557], [144.74376, -7.36794], [144.74197, -7.37025], [144.73944, -7.37495], [144.73933, -7.37516], [144.73875, -7.37625], [144.73787, -7.37792], [144.73744, -7.37995], [144.73735, -7.3823], [144.73823, -7.38419], [144.74042, -7.38624], [144.74629, -7.38981], [144.7463, -7.38981], [144.75116, -7.39195], [144.75302, -7.39361], [144.75377, -7.39589], [144.75375, -7.39777], [144.75374, -7.3987], [144.7557, -7.40252], [144.7582, -7.40526], [144.76064, -7.40659], [144.76196, -7.40667], [144.76227, -7.40669], [144.76344, -7.40622], [144.76428, -7.40542], [144.76416, -7.40236], [144.76493, -7.40104], [144.76616, -7.40057], [144.76781, -7.40106], [144.77051, -7.40291], [144.7719, -7.40361], [144.77288, -7.4034], [144.77352, -7.4028], [144.77357, -7.40169], [144.77238, -7.40079], [144.77028, -7.40017], [144.76653, -7.39873], [144.76408, -7.39707], [144.7642, -7.39602], [144.76496, -7.39484], [144.76704, -7.3937], [144.77305, -7.39334], [144.77435, -7.39279], [144.77511, -7.39161], [144.77605, -7.38892], [144.77628, -7.38715], [144.77647, -7.38258], [144.77749, -7.38133], [144.77982, -7.37933], [144.78235, -7.37798], [144.78495, -7.37697], [144.78578, -7.37637], [144.78551, -7.37552], [144.78387, -7.37483], [144.78301, -7.37425], [144.78273, -7.37314], [144.78278, -7.37184], [144.78542, -7.36558], [144.78533, -7.36409], [144.78433, -7.36286], [144.78295, -7.36223], [144.78145, -7.36206], [144.77967, -7.3615], [144.77888, -7.36053], [144.77816, -7.35721], [144.77697, -7.35592], [144.77348, -7.35395], [144.77301, -7.35331], [144.77305, -7.35174], [144.77428, -7.35062], [144.77628, -7.34966], [144.77954, -7.34877], [144.78157, -7.34887], [144.78308, -7.34976], [144.78329, -7.35041], [144.77735, -7.35096], [144.77624, -7.35143], [144.7758, -7.35222], [144.77621, -7.35339], [144.77727, -7.35423], [144.77891, -7.35446], [144.77977, -7.35503], [144.78018, -7.3562], [144.78055, -7.3592], [144.78135, -7.3603], [144.78339, -7.36118], [144.78575, -7.36134], [144.78693, -7.36171], [144.78749, -7.36405], [144.78719, -7.36576], [144.7863, -7.36773], [144.78503, -7.36977], [144.78447, -7.37161], [144.78442, -7.37285], [144.78515, -7.37356], [144.78653, -7.37386], [144.78817, -7.37383], [144.78936, -7.3746], [144.79029, -7.37582], [144.79018, -7.37695], [144.78882, -7.37789], [144.78309, -7.37948], [144.7803, -7.38089], [144.77896, -7.38267], [144.77867, -7.38496], [144.77853, -7.38888], [144.77785, -7.39137], [144.77624, -7.39316], [144.77443, -7.3941], [144.77149, -7.39447], [144.76934, -7.39496], [144.76733, -7.39565], [144.76695, -7.39657], [144.76742, -7.39741], [144.76874, -7.39804], [144.7711, -7.39859], [144.77345, -7.39862], [144.77484, -7.39958], [144.77552, -7.40133], [144.77536, -7.40369], [144.77421, -7.40533], [144.77259, -7.40595], [144.77141, -7.40564], [144.77042, -7.40501], [144.76963, -7.4043], [144.76772, -7.40328], [144.76654, -7.40324], [144.76577, -7.40397], [144.76555, -7.40665], [144.76523, -7.4075], [144.76401, -7.40837], [144.76322, -7.40858], [144.76212, -7.40886], [144.76009, -7.40876], [144.75871, -7.40813], [144.7554, -7.40524], [144.75389, -7.40513], [144.75278, -7.40567], [144.75183, -7.40713], [144.75051, -7.41002], [144.74913, -7.41422], [144.74818, -7.41599], [144.74724, -7.41869], [144.74725, -7.42332], [144.74949, -7.43322], [144.74966, -7.43583], [144.74926, -7.43962], [144.74894, -7.44393], [144.74938, -7.44719], [144.75036, -7.45142], [144.75075, -7.4552], [144.75142, -7.45655], [144.75433, -7.45893], [144.75509, -7.46146], [144.75445, -7.46643], [144.75395, -7.46787], [144.75318, -7.46861], [144.75162, -7.46935], [144.74959, -7.46944], [144.74626, -7.46897], [144.74442, -7.46894], [144.74339, -7.46967], [144.74283, -7.47112], [144.74299, -7.47295], [144.74438, -7.47443], [144.7463, -7.47591], [144.7512, -7.47596], [144.7535, -7.47684], [144.75517, -7.47883], [144.75521, -7.48119], [144.75077, -7.49006], [144.7503, -7.49327], [144.75059, -7.49535], [144.75476, -7.5028], [144.75625, -7.50616], [144.75623, -7.50904], [144.75451, -7.51214], [144.75217, -7.51357], [144.75147, -7.51401], [144.74618, -7.51448], [144.74212, -7.51448], [144.73997, -7.51418], [144.73708, -7.51338], [144.73457, -7.51179], [144.73211, -7.50876], [144.72965, -7.50691], [144.72944, -7.5069], [144.7275, -7.50687], [144.72633, -7.50787], [144.72494, -7.51051], [144.72343, -7.51432], [144.72039, -7.52229], [144.71952, -7.52796], [144.71941, -7.53195], [144.71988, -7.53421], [144.7213, -7.5361], [144.7228, -7.53755], [144.72541, -7.53846], [144.72569, -7.53855], [144.72884, -7.53937], [144.73174, -7.5408], [144.73345, -7.54169], [144.73987, -7.54568], [144.74347, -7.54744], [144.74673, -7.54991], [144.74966, -7.55343], [144.75208, -7.55783], [144.75432, -7.56206], [144.75523, -7.56448], [144.75641, -7.56759], [144.75808, -7.56895], [144.75881, -7.56912], [144.75949, -7.56928], [144.76131, -7.5689], [144.76379, -7.56635], [144.76523, -7.56372], [144.76563, -7.56171], [144.76506, -7.55841], [144.76389, -7.55573], [144.76201, -7.55298], [144.75915, -7.55073], [144.75668, -7.54903], [144.75315, -7.54621], [144.75136, -7.54285], [144.75123, -7.54033], [144.7519, -7.53815], [144.75473, -7.53558], [144.75626, -7.5333], [144.758, -7.53275], [144.75939, -7.53255], [144.76077, -7.53192], [144.76206, -7.53069], [144.76385, -7.5284], [144.766, -7.5268], [144.76729, -7.52556], [144.76762, -7.52451], [144.76681, -7.52252], [144.76511, -7.51977], [144.76464, -7.51786], [144.76461, -7.51604], [144.76571, -7.51359], [144.7669, -7.51183], [144.7705, -7.50804], [144.77206, -7.50597], [144.77515, -7.50227], [144.77624, -7.50069], [144.77692, -7.49429], [144.7767, -7.49278], [144.77341, -7.49166], [144.7734, -7.49062], [144.77548, -7.48999], [144.77731, -7.49042], [144.77891, -7.49216], [144.77921, -7.49425], [144.77921, -7.49901], [144.77969, -7.50018], [144.78055, -7.50043], [144.78138, -7.49956], [144.78183, -7.49698], [144.78293, -7.49592], [144.78436, -7.49557], [144.78743, -7.49558], [144.79064, -7.49586], [144.79194, -7.49552], [144.79633, -7.49219], [144.79815, -7.49157], [144.7992, -7.49148], [144.80137, -7.49256], [144.80261, -7.49254], [144.80325, -7.49188], [144.80446, -7.48951], [144.80854, -7.48331], [144.81016, -7.48211], [144.81238, -7.48201], [144.81367, -7.48281], [144.81349, -7.48373], [144.81265, -7.48459], [144.80883, -7.48687], [144.80742, -7.48878], [144.80614, -7.49089], [144.80429, -7.4932], [144.80334, -7.49524], [144.80381, -7.49622], [144.80527, -7.49743], [144.80803, -7.49869], [144.81079, -7.49969], [144.81278, -7.50117], [144.81435, -7.50127], [144.8163, -7.50065], [144.81857, -7.49912], [144.822, -7.4975], [144.8246, -7.49641], [144.82643, -7.49606], [144.82942, -7.4951], [144.83215, -7.49408], [144.83625, -7.49124], [144.83846, -7.49042], [144.83969, -7.48955], [144.84149, -7.48763], [144.84415, -7.48622], [144.84876, -7.48413], [144.85186, -7.48211], [144.85373, -7.48032], [144.85527, -7.47789], [144.85593, -7.47468], [144.85607, -7.47128], [144.85547, -7.466], [144.85491, -7.46399], [144.85417, -7.46231], [144.85245, -7.46083], [144.85104, -7.45902], [144.84862, -7.45487], [144.84753, -7.45222], [144.84691, -7.44961], [144.84603, -7.44773], [144.84554, -7.44532], [144.84595, -7.44271], [144.84778, -7.43844], [144.84945, -7.43658], [144.85133, -7.43551], [144.85425, -7.43435], [144.85706, -7.43431], [144.85895, -7.43362], [144.86126, -7.43105], [144.86508, -7.42883], [144.87031, -7.42882], [144.87461, -7.42829], [144.87592, -7.42768], [144.87641, -7.42631], [144.87588, -7.42141], [144.87378, -7.41656], [144.87307, -7.4135], [144.87309, -7.41041], [144.8722, -7.40782], [144.87176, -7.4047], [144.87219, -7.40312], [144.87376, -7.39898], [144.87381, -7.39741], [144.87334, -7.39279], [144.87227, -7.38725], [144.87082, -7.38225], [144.87023, -7.37762], [144.87059, -7.37612], [144.87168, -7.37427], [144.87302, -7.37269], [144.87542, -7.37147], [144.87849, -7.37116], [144.88208, -7.37124], [144.88517, -7.37191], [144.88871, -7.37322], [144.89055, -7.37332], [144.8925, -7.37265], [144.89411, -7.37092], [144.89473, -7.36921], [144.89467, -7.36555], [144.895, -7.36156], [144.89438, -7.35948], [144.89312, -7.35845], [144.88989, -7.35668], [144.88734, -7.35613], [144.88243, -7.35614], [144.88014, -7.35546], [144.87861, -7.35398], [144.87779, -7.3521], [144.87789, -7.34962], [144.87904, -7.34771], [144.88077, -7.34598], [144.88381, -7.34391], [144.88752, -7.34249], [144.89109, -7.34138], [144.89593, -7.34091], [144.90607, -7.34134], [144.91261, -7.34183], [144.91702, -7.34371], [144.91898, -7.34356], [144.91955, -7.34244], [144.91985, -7.34054], [144.91942, -7.33826], [144.91774, -7.33574], [144.91686, -7.3334], [144.91697, -7.33164], [144.91786, -7.33038], [144.91935, -7.32938], [144.92098, -7.32929], [144.92242, -7.32966], [144.92428, -7.33133], [144.92593, -7.33248], [144.9273, -7.33265], [144.92834, -7.33212], [144.92969, -7.3304], [144.93057, -7.32855], [144.93218, -7.32735], [144.93632, -7.32648], [144.93535, -7.3277], [144.93193, -7.32972], [144.93072, -7.33202], [144.92943, -7.33367], [144.9271, -7.33449], [144.92533, -7.33419], [144.9236, -7.33252], [144.92182, -7.33164], [144.92045, -7.33172], [144.91935, -7.33246], [144.91879, -7.3341], [144.919, -7.33534], [144.92074, -7.33766], [144.92216, -7.34051], [144.92258, -7.34272], [144.92248, -7.3441], [144.92132, -7.34555], [144.92009, -7.34609], [144.91713, -7.3462], [144.909, -7.34385], [144.90585, -7.34318], [144.90146, -7.34279], [144.89617, -7.34288], [144.89128, -7.34354], [144.88685, -7.34459], [144.88368, -7.34679], [144.88072, -7.34971], [144.88016, -7.35116], [144.88038, -7.35278], [144.8819, -7.35406], [144.88446, -7.35455], [144.88812, -7.35462], [144.89158, -7.35431], [144.89407, -7.35479], [144.89567, -7.35652], [144.89636, -7.359], [144.89772, -7.36642], [144.89757, -7.36936], [144.89598, -7.37233], [144.89391, -7.37413], [144.89099, -7.37502], [144.88851, -7.37519], [144.88635, -7.37483], [144.8828, -7.37332], [144.87932, -7.37285], [144.87606, -7.37336], [144.87373, -7.37503], [144.87324, -7.3768], [144.87348, -7.37974], [144.87619, -7.38557], [144.87729, -7.38862], [144.87754, -7.39273], [144.87592, -7.4019], [144.87577, -7.40477], [144.87783, -7.41107], [144.87821, -7.41812], [144.87857, -7.4204], [144.87885, -7.42634], [144.87825, -7.42941], [144.87723, -7.4317], [144.87621, -7.43335], [144.87414, -7.43494], [144.87168, -7.43648], [144.86817, -7.43772], [144.86529, -7.43776], [144.86221, -7.43722], [144.86077, -7.43666], [144.8586, -7.43623], [144.85651, -7.43633], [144.85365, -7.43709], [144.85106, -7.4385], [144.84893, -7.44063], [144.84785, -7.44267], [144.8479, -7.44566], [144.84926, -7.44904], [144.85228, -7.45356], [144.85619, -7.45755], [144.85819, -7.45993], [144.86103, -7.46172], [144.86055, -7.46453], [144.85955, -7.46809], [144.85942, -7.47188], [144.85996, -7.47749], [144.85871, -7.48083], [144.8533, -7.48653], [144.8519, -7.48884], [144.84882, -7.49209], [144.84514, -7.49502], [144.83865, -7.49812], [144.83642, -7.49965], [144.83197, -7.50529], [144.83081, -7.50853], [144.8291, -7.5109], [144.82618, -7.51364], [144.82136, -7.51702], [144.81775, -7.51995], [144.81501, -7.5226], [144.81373, -7.52497], [144.81307, -7.52741], [144.81304, -7.53045], [144.81335, -7.53367], [144.8141, -7.53678], [144.81449, -7.54599], [144.81514, -7.54834], [144.81675, -7.55092], [144.81844, -7.55297], [144.82169, -7.55475], [144.82441, -7.55592], [144.82757, -7.55805], [144.83892, -7.56818], [144.84467, -7.57391], [144.84557, -7.57563], [144.84666, -7.57857], [144.84729, -7.5796], [144.84834, -7.57985], [144.85007, -7.57965], [144.85294, -7.579], [144.85607, -7.57877], [144.85965, -7.57889], [144.86313, -7.57936], [144.86565, -7.57923], [144.86799, -7.57789], [144.87011, -7.57447], [144.87052, -7.5729], [144.86979, -7.57073], [144.86865, -7.5698], [144.86708, -7.56965], [144.86612, -7.57001], [144.8637, -7.57135], [144.86188, -7.5719], [144.86058, -7.57201], [144.8591, -7.57177], [144.85442, -7.56767], [144.85334, -7.5656], [144.85288, -7.56387], [144.84968, -7.55983], [144.84828, -7.55933], [144.84332, -7.55985], [144.84166, -7.55952], [144.84061, -7.55876], [144.83963, -7.55773], [144.84001, -7.55442], [144.84103, -7.55249], [144.84387, -7.55053], [144.84621, -7.54945], [144.84969, -7.5494], [144.85274, -7.5497], [144.85501, -7.55019], [144.85589, -7.55061], [144.85599, -7.55121], [144.85513, -7.55201], [144.85321, -7.55213], [144.85146, -7.55137], [144.84814, -7.55108], [144.84519, -7.55147], [144.84304, -7.55307], [144.84158, -7.55457], [144.84143, -7.55579], [144.84161, -7.55674], [144.84277, -7.55768], [144.84469, -7.55826], [144.84721, -7.5577], [144.84833, -7.55724], [144.85026, -7.55782], [144.8522, -7.55997], [144.8531, -7.56143], [144.85417, -7.56272], [144.8579, -7.56814], [144.85879, -7.56882], [144.86028, -7.56958], [144.86176, -7.56964], [144.8635, -7.56935], [144.86496, -7.5682], [144.86724, -7.56365], [144.86921, -7.56101], [144.87109, -7.55906], [144.87609, -7.55576], [144.87754, -7.55444], [144.87962, -7.55354], [144.88231, -7.55324], [144.88511, -7.55354], [144.88756, -7.55437], [144.88941, -7.55556], [144.88986, -7.55669], [144.88935, -7.55722], [144.88813, -7.55715], [144.88751, -7.55689], [144.88628, -7.55578], [144.88366, -7.55521], [144.88036, -7.55588], [144.87586, -7.55786], [144.87294, -7.56017], [144.87028, -7.56308], [144.86951, -7.56431], [144.86919, -7.56596], [144.87028, -7.56882], [144.87181, -7.57174], [144.87119, -7.5768], [144.87173, -7.5774], [144.87277, -7.57738], [144.87512, -7.577], [144.87721, -7.57696], [144.8793, -7.57754], [144.88229, -7.57932], [144.886, -7.58231], [144.88787, -7.58497], [144.88948, -7.58773], [144.88974, -7.59064], [144.89054, -7.59193], [144.89239, -7.59277], [144.8951, -7.59351], [144.89808, -7.59477], [144.90037, -7.5963], [144.90296, -7.60086], [144.90402, -7.60172], [144.90821, -7.602], [144.91081, -7.60161], [144.91531, -7.59972], [144.91796, -7.59902], [144.9217, -7.59862], [144.923, -7.59833], [144.9236, -7.59754], [144.92401, -7.59588], [144.92386, -7.5925], [144.92462, -7.59031], [144.92642, -7.58915], [144.92834, -7.58886], [144.93121, -7.58907], [144.93742, -7.59089], [144.93926, -7.59121], [144.94161, -7.59126], [144.94404, -7.59053], [144.94655, -7.58944], [144.94741, -7.58865], [144.94737, -7.58673], [144.94849, -7.58576], [144.94963, -7.586], [144.95033, -7.58669], [144.95035, -7.58791], [144.94968, -7.58931], [144.94762, -7.59082], [144.94416, -7.59261], [144.94225, -7.59316], [144.9399, -7.5932], [144.93719, -7.59246], [144.9343, -7.59129], [144.93237, -7.59079], [144.93029, -7.59118], [144.92838, -7.5919], [144.92693, -7.59323], [144.92634, -7.59454], [144.92586, -7.59733], [144.92459, -7.60005], [144.9239, -7.60058], [144.92208, -7.60104], [144.91982, -7.60117], [144.91427, -7.60264], [144.90515, -7.60409], [144.90266, -7.60374], [144.90037, -7.60221], [144.89902, -7.59919], [144.89768, -7.59721], [144.89644, -7.59592], [144.8946, -7.59534], [144.89199, -7.59504], [144.88954, -7.59455], [144.88787, -7.5931], [144.88713, -7.59103], [144.88637, -7.58652], [144.88484, -7.58359], [144.88307, -7.58179], [144.8807, -7.58052], [144.87755, -7.57927], [144.87607, -7.57929], [144.87328, -7.57968], [144.86896, -7.58175], [144.86612, -7.58379], [144.85887, -7.58799], [144.85474, -7.59066], [144.85217, -7.5934], [144.85021, -7.59699], [144.84862, -7.60058], [144.84818, -7.60324], [144.84818, -7.60924], [144.84854, -7.61532], [144.84924, -7.62052], [144.84939, -7.62478], [144.85003, -7.62643], [144.85117, -7.62737], [144.85283, -7.62786], [144.85536, -7.62782], [144.85814, -7.62734], [144.86501, -7.62689], [144.86943, -7.62534], [144.87888, -7.62285], [144.88104, -7.62177], [144.88569, -7.61796], [144.88827, -7.61635], [144.89147, -7.61482], [144.89364, -7.61444], [144.89504, -7.6146], [144.896, -7.6151], [144.89402, -7.61626], [144.89202, -7.61655], [144.88916, -7.6173], [144.88744, -7.6188], [144.8847, -7.6218], [144.88264, -7.6234], [144.87936, -7.62545], [144.8713, -7.6281], [144.86817, -7.62875], [144.86549, -7.62975], [144.86349, -7.63004], [144.86053, -7.62983], [144.85699, -7.62923], [144.8542, -7.62927], [144.8497, -7.63108], [144.84816, -7.63241], [144.84715, -7.63468], [144.84676, -7.63738], [144.84677, -7.6439], [144.84719, -7.6486], [144.84782, -7.6498], [144.84931, -7.65056], [144.85071, -7.65097], [144.85524, -7.65099], [144.85958, -7.64988], [144.86252, -7.64888], [144.86452, -7.6485], [144.86645, -7.6489], [144.86893, -7.65182], [144.87015, -7.65215], [144.87129, -7.65213], [144.8725, -7.65141], [144.87318, -7.65045], [144.87298, -7.64915], [144.87322, -7.64784], [144.87408, -7.64713], [144.87504, -7.64694], [144.87819, -7.64802], [144.87897, -7.64784], [144.87992, -7.6473], [144.88017, -7.64677], [144.881, -7.64407], [144.88076, -7.63998], [144.88133, -7.63728], [144.88227, -7.63605], [144.88356, -7.63551], [144.88479, -7.63549], [144.88576, -7.63626], [144.88639, -7.63755], [144.88779, -7.63814], [144.89379, -7.63726], [144.89656, -7.63652], [144.89917, -7.63648], [144.89815, -7.63771], [144.8945, -7.63873], [144.89226, -7.63989], [144.89009, -7.6407], [144.88791, -7.64066], [144.88509, -7.63826], [144.88413, -7.6382], [144.88292, -7.63864], [144.88208, -7.64048], [144.88233, -7.645], [144.88236, -7.64744], [144.88134, -7.64902], [144.88013, -7.64999], [144.87883, -7.65018], [144.87707, -7.64917], [144.87559, -7.64928], [144.87491, -7.65024], [144.87399, -7.65235], [144.87288, -7.65393], [144.8715, -7.65447], [144.87019, -7.65458], [144.86756, -7.65305], [144.86571, -7.65222], [144.86328, -7.65217], [144.86084, -7.65273], [144.85798, -7.65304], [144.85484, -7.65299], [144.85241, -7.65338], [144.8505, -7.65419], [144.84974, -7.65568], [144.85182, -7.66051], [144.85327, -7.66389], [144.85428, -7.66743], [144.85778, -7.67392], [144.85907, -7.6785], [144.85946, -7.68093], [144.8601, -7.68283], [144.8609, -7.6843], [144.86418, -7.68781], [144.86526, -7.68953], [144.86704, -7.69802], [144.86735, -7.70045], [144.86771, -7.70175], [144.86782, -7.70314], [144.86887, -7.70356], [144.87027, -7.70336], [144.87242, -7.7022], [144.87382, -7.70226], [144.87391, -7.70305], [144.87081, -7.70466], [144.86882, -7.70574], [144.86624, -7.70786], [144.86033, -7.71447], [144.85923, -7.71623], [144.85875, -7.71884], [144.85888, -7.72145], [144.8598, -7.72465], [144.8606, -7.72603], [144.86342, -7.72824], [144.86631, -7.72872], [144.86955, -7.72971], [144.87138, -7.73004], [144.87355, -7.72974], [144.87546, -7.72901], [144.87648, -7.72769], [144.87529, -7.72432], [144.87549, -7.72015], [144.8761, -7.71483], [144.87778, -7.71072], [144.87981, -7.70687], [144.88041, -7.70633], [144.88205, -7.70552], [144.88309, -7.70464], [144.8841, -7.70254], [144.88561, -7.69877], [144.88645, -7.6912], [144.88777, -7.68684], [144.88834, -7.68439], [144.88931, -7.67933], [144.88953, -7.67646], [144.89019, -7.6741], [144.89104, -7.67331], [144.89217, -7.67303], [144.89304, -7.6731], [144.89214, -7.67616], [144.89175, -7.67973], [144.89111, -7.68287], [144.88852, -7.68995], [144.8876, -7.69788], [144.88597, -7.70494], [144.88459, -7.70635], [144.88218, -7.70787], [144.88029, -7.70981], [144.87937, -7.71192], [144.87854, -7.71462], [144.87798, -7.7175], [144.8779, -7.72402], [144.87828, -7.72575], [144.87943, -7.72678], [144.88109, -7.72692], [144.88307, -7.72585], [144.88815, -7.72212], [144.88926, -7.72054], [144.89035, -7.71783], [144.89145, -7.71564], [144.89383, -7.71195], [144.89432, -7.7102], [144.89447, -7.70838], [144.89514, -7.70697], [144.89583, -7.70627], [144.89756, -7.7058], [144.89904, -7.70578], [144.90228, -7.70651], [144.9041, -7.70631], [144.90801, -7.70538], [144.9107, -7.70447], [144.91389, -7.70268], [144.91718, -7.70141], [144.91939, -7.70098], [144.92114, -7.70104], [144.92289, -7.70171], [144.92458, -7.70369], [144.92625, -7.7047], [144.92764, -7.70494], [144.92911, -7.70422], [144.93187, -7.70244], [144.9374, -7.69949], [144.93733, -7.70096], [144.93435, -7.70492], [144.93357, -7.70537], [144.93149, -7.70619], [144.92672, -7.70739], [144.92509, -7.70872], [144.92409, -7.71143], [144.92318, -7.71492], [144.92207, -7.72128], [144.92192, -7.72337], [144.92256, -7.72501], [144.92461, -7.7275], [144.9256, -7.73018], [144.92713, -7.73303], [144.92801, -7.73336], [144.92956, -7.73238], [144.93109, -7.73018], [144.9327, -7.72746], [144.93353, -7.72484], [144.93397, -7.71927], [144.93488, -7.71639], [144.93585, -7.71142], [144.93662, -7.71063], [144.93772, -7.71161], [144.93784, -7.7136], [144.93727, -7.71588], [144.93609, -7.71824], [144.93568, -7.72033], [144.93565, -7.72363], [144.93533, -7.72547], [144.93235, -7.72986], [144.92594, -7.73778], [144.9239, -7.74068], [144.92264, -7.74366], [144.92217, -7.74688], [144.92185, -7.75445], [144.92313, -7.75808], [144.92501, -7.76136], [144.92634, -7.76316], [144.92898, -7.76442], [144.93862, -7.76844], [144.94157, -7.77027], [144.94287, -7.77025], [144.9439, -7.76927], [144.94653, -7.76454], [144.94852, -7.76373], [144.95033, -7.76257], [144.95195, -7.76011], [144.95356, -7.75695], [144.95413, -7.75477], [144.95434, -7.75155], [144.95681, -7.74291], [144.95696, -7.74134], [144.95588, -7.73892], [144.95596, -7.73814], [144.95656, -7.7377], [144.95717, -7.73768], [144.95814, -7.7388], [144.95868, -7.73984], [144.95946, -7.73991], [144.95919, -7.73861], [144.95906, -7.73592], [144.95565, -7.72971], [144.95368, -7.7267], [144.95296, -7.7248], [144.95329, -7.72349], [144.95477, -7.7239], [144.95592, -7.72519], [144.95764, -7.72924], [144.96045, -7.73641], [144.96083, -7.73824], [144.96065, -7.74267], [144.95963, -7.74495], [144.95776, -7.75324], [144.95712, -7.75698], [144.95621, -7.75952], [144.9534, -7.76408], [144.95081, -7.76799], [144.94963, -7.77044], [144.9494, -7.77245], [144.94968, -7.77392], [144.95109, -7.77512], [144.95452, -7.77689], [144.96861, -7.78701], [144.971, -7.78906], [144.97668, -7.7954], [144.97899, -7.79849], [144.98047, -7.80103], [144.98171, -7.80249], [144.98253, -7.80439], [144.98251, -7.80882], [144.98341, -7.81064], [144.98387, -7.81254], [144.98539, -7.81469], [144.98706, -7.81536], [144.98854, -7.81568], [144.99083, -7.81695], [144.99416, -7.81838], [145.00122, -7.82002], [145.00493, -7.8202], [145.00557, -7.82028], [145.007, -7.81884], [145.007, -7.81654], [145.00843, -7.8151], [145.00842, -7.81338], [145.00928, -7.8128], [145.01072, -7.81365], [145.0113, -7.81365], [145.01216, -7.8125], [145.01215, -7.8105], [145.01329, -7.80791], [145.01357, -7.8059], [145.015, -7.80302], [145.01654, -7.80159], [145.01872, -7.79898], [145.01872, -7.79812], [145.01958, -7.79669], [145.01985, -7.79267], [145.01926, -7.79009], [145.01809, -7.78809], [145.01638, -7.78296], [145.01545, -7.77978], [145.01363, -7.77648], [145.01167, -7.77292], [145.01084, -7.7717], [145.00848, -7.76921], [145.00616, -7.76836], [145.00529, -7.7675], [145.0044, -7.76736], [145.00172, -7.76473], [145.00042, -7.76313], [144.99933, -7.76253], [144.99723, -7.76052], [144.99107, -7.75122], [144.99102, -7.74843], [144.99169, -7.74659], [144.99349, -7.7443], [144.99597, -7.74165], [144.99681, -7.73973], [144.99686, -7.7373], [144.9964, -7.73539], [144.99522, -7.73263], [144.99334, -7.72918], [144.99128, -7.72591], [144.99363, -7.72536], [144.99563, -7.7278], [144.99893, -7.73296], [144.99994, -7.73573], [145.00015, -7.73825], [144.99983, -7.74007], [144.99855, -7.74192], [144.99504, -7.74572], [144.99437, -7.74712], [144.99396, -7.74852], [144.99434, -7.75068], [144.99552, -7.75405], [144.99731, -7.75715], [144.99848, -7.75957], [145.00089, -7.76123], [145.00103, -7.76144], [145.00415, -7.7646], [145.0095, -7.76605], [145.01164, -7.76833], [145.01455, -7.77262], [145.01659, -7.7772], [145.02008, -7.78119], [145.02182, -7.78377], [145.02212, -7.78577], [145.02156, -7.78922], [145.02263, -7.79188], [145.02468, -7.78396], [145.02617, -7.78833], [145.02589, -7.78919], [145.02677, -7.79177], [145.02626, -7.79568], [145.02565, -7.79895], [145.02567, -7.80296], [145.0283, -7.80783], [145.03149, -7.81097], [145.03554, -7.81352], [145.04161, -7.81665], [145.04422, -7.81864], [145.04624, -7.81949], [145.05637, -7.82604], [145.0584, -7.82689], [145.06272, -7.82687], [145.06618, -7.8257], [145.06876, -7.82339], [145.07567, -7.81877], [145.08142, -7.81615], [145.08515, -7.81384], [145.0912, -7.8118], [145.0981, -7.80746], [145.09983, -7.80573], [145.09953, -7.80401], [145.09866, -7.80344], [145.09693, -7.80316], [145.09518, -7.80088], [145.09431, -7.80059], [145.08913, -7.80206], [145.08769, -7.80293], [145.08597, -7.80465], [145.0834, -7.80839], [145.08224, -7.80869], [145.08137, -7.80783], [145.08137, -7.80726], [145.08222, -7.80438], [145.0848, -7.8015], [145.0894, -7.79804], [145.08794, -7.7946], [145.08463, -7.7924], [145.08243, -7.7889], [145.08011, -7.78661], [145.07778, -7.78261], [145.07517, -7.78033], [145.07487, -7.77861], [145.07023, -7.77433], [145.0656, -7.77206], [145.0604, -7.77094], [145.05751, -7.76952], [145.05491, -7.76753], [145.05375, -7.7661], [145.05258, -7.76381], [145.05294, -7.76061], [145.05773, -7.75992], [145.05546, -7.76264], [145.05547, -7.76437], [145.05605, -7.76551], [145.05836, -7.76751], [145.06097, -7.76864], [145.0675, -7.76997], [145.07195, -7.77231], [145.0757, -7.77287], [145.07714, -7.77143], [145.07718, -7.76911], [145.0806, -7.77055], [145.08595, -7.7746], [145.08812, -7.77624], [145.0909, -7.77923], [145.09712, -7.78595], [145.10119, -7.79252], [145.10236, -7.7957], [145.10268, -7.80055], [145.10444, -7.80484], [145.10503, -7.80856], [145.10686, -7.81048], [145.10505, -7.8123], [145.10478, -7.81459], [145.1042, -7.81546], [145.10393, -7.81861], [145.10451, -7.81976], [145.10654, -7.82147], [145.11376, -7.82229], [145.11579, -7.82342], [145.12041, -7.82483], [145.12966, -7.82909], [145.13226, -7.82965], [145.13341, -7.82849], [145.13312, -7.82763], [145.13196, -7.82678], [145.12936, -7.82622], [145.123, -7.82367], [145.12155, -7.82254], [145.12126, -7.82139], [145.12212, -7.82052], [145.12617, -7.82279], [145.12963, -7.82335], [145.13454, -7.82504], [145.13773, -7.82674], [145.13947, -7.82875], [145.14322, -7.82872], [145.1441, -7.83044], [145.14496, -7.83072], [145.14582, -7.82899], [145.14697, -7.82871], [145.14987, -7.83184], [145.15132, -7.8327], [145.15579, -7.83308], [145.15393, -7.83526], [145.15191, -7.83556], [145.15135, -7.83758], [145.15251, -7.83871], [145.15396, -7.83928], [145.15482, -7.84013], [145.15512, -7.84157], [145.15657, -7.84299], [145.15862, -7.84786], [145.16064, -7.84985], [145.16296, -7.85128], [145.16643, -7.85212], [145.17162, -7.85238], [145.17335, -7.85208], [145.17536, -7.85006], [145.17622, -7.84805], [145.17475, -7.84404], [145.17474, -7.84203], [145.17386, -7.84004], [145.17241, -7.83832], [145.17211, -7.83574], [145.17296, -7.83373], [145.17525, -7.83085], [145.17667, -7.82711], [145.17693, -7.8208], [145.17661, -7.81592], [145.17514, -7.81077], [145.17281, -7.80648], [145.16667, -7.79791], [145.16177, -7.79105], [145.15887, -7.7882], [145.15881, -7.77816], [145.16096, -7.77386], [145.16483, -7.7721], [145.16973, -7.77064], [145.17492, -7.77061], [145.17781, -7.77125], [145.18445, -7.77171], [145.1882, -7.77083], [145.19587, -7.76763], [145.19109, -7.77196], [145.18504, -7.77371], [145.17119, -7.77407], [145.16428, -7.7764], [145.16313, -7.77699], [145.1617, -7.77843], [145.16113, -7.77987], [145.16115, -7.78388], [145.16174, -7.78588], [145.16755, -7.79417], [145.16959, -7.79674], [145.17568, -7.80245], [145.18233, -7.807], [145.18407, -7.80728], [145.18493, -7.80641], [145.18578, -7.80354], [145.18807, -7.80123], [145.18923, -7.80066], [145.19095, -7.80036], [145.19413, -7.80149], [145.19582, -7.80316], [145.19616, -7.80348], [145.19733, -7.80548], [145.19748, -7.806], [145.19879, -7.81036], [145.1991, -7.81379], [145.20027, -7.8158], [145.20229, -7.81464], [145.20734, -7.81461], [145.20403, -7.81721], [145.20374, -7.81835], [145.20433, -7.8195], [145.21215, -7.82548], [145.21418, -7.82748], [145.21461, -7.82844], [145.21593, -7.83148], [145.21595, -7.83378], [145.21682, -7.83463], [145.21797, -7.83406], [145.22085, -7.83404], [145.22488, -7.83561], [145.22029, -7.83633], [145.21827, -7.83721], [145.21655, -7.83865], [145.21655, -7.83922], [145.21771, -7.84037], [145.22553, -7.84462], [145.22755, -7.84605], [145.22767, -7.84617], [145.23162, -7.85062], [145.23567, -7.8521], [145.23221, -7.85348], [145.22961, -7.85321], [145.22902, -7.85263], [145.22497, -7.84865], [145.22439, -7.84865], [145.22353, -7.8498], [145.22501, -7.85438], [145.2256, -7.8584], [145.22821, -7.86067], [145.23093, -7.86174], [145.23255, -7.86237], [145.2389, -7.86262], [145.24207, -7.86174], [145.24868, -7.85769], [145.25099, -7.85768], [145.25243, -7.85824], [145.25705, -7.85822], [145.26223, -7.85618], [145.26839, -7.85577], [145.2683, -7.85787], [145.26916, -7.85873], [145.27262, -7.85784], [145.28041, -7.85752], [145.2856, -7.85634], [145.29887, -7.85626], [145.30203, -7.85452], [145.30319, -7.85452], [145.30463, -7.85537], [145.30609, -7.85708], [145.31071, -7.85792], [145.31763, -7.85788], [145.32167, -7.85872], [145.3263, -7.86041], [145.32861, -7.86069], [145.34075, -7.8655], [145.36045, -7.87886], [145.37349, -7.88969], [145.38333, -7.89652], [145.3871, -7.89965], [145.38914, -7.90251], [145.39004, -7.90852], [145.39092, -7.90967], [145.39352, -7.91017], [145.39353, -7.91338], [145.39412, -7.91538], [145.39616, -7.91881], [145.39906, -7.92166], [145.39849, -7.92253], [145.39733, -7.92196], [145.39676, -7.92196], [145.39647, -7.92254], [145.39735, -7.92425], [145.39767, -7.9297], [145.39596, -7.93344], [145.39597, -7.93544], [145.39771, -7.93773], [145.40061, -7.94058], [145.4038, -7.94315], [145.40612, -7.94399], [145.40842, -7.94398], [145.41044, -7.94339], [145.41187, -7.94195], [145.41215, -7.94023], [145.41364, -7.93877], [145.41589, -7.93791], [145.41831, -7.9378], [145.42266, -7.93761], [145.42512, -7.937], [145.42713, -7.93584], [145.43172, -7.93094], [145.43286, -7.9295], [145.43372, -7.92749], [145.43371, -7.92577], [145.43196, -7.92262], [145.43051, -7.9212], [145.42819, -7.92035], [145.42741, -7.92035], [145.42358, -7.92038], [145.4207, -7.92125], [145.41406, -7.92158], [145.41147, -7.92131], [145.41002, -7.92074], [145.40654, -7.91818], [145.40451, -7.9159], [145.40152, -7.90767], [145.40129, -7.90702], [145.40125, -7.901], [145.4021, -7.89698], [145.4038, -7.89382], [145.40495, -7.89266], [145.40933, -7.89045], [145.41474, -7.88888], [145.41876, -7.88627], [145.42364, -7.8808], [145.42564, -7.8782], [145.42849, -7.87245], [145.42877, -7.87016], [145.43024, -7.86769], [145.43079, -7.87101], [145.43053, -7.87474], [145.43023, -7.87553], [145.42854, -7.87991], [145.42743, -7.88189], [145.42597, -7.88451], [145.42138, -7.88913], [145.41994, -7.89], [145.41505, -7.89146], [145.41216, -7.89176], [145.40842, -7.89322], [145.40698, -7.89437], [145.40528, -7.8984], [145.40444, -7.90385], [145.40446, -7.90586], [145.40593, -7.91158], [145.4071, -7.91416], [145.40855, -7.91587], [145.41144, -7.91758], [145.41808, -7.91869], [145.42184, -7.91838], [145.42587, -7.91721], [145.42876, -7.91719], [145.43192, -7.91632], [145.43567, -7.91629], [145.43683, -7.91686], [145.43799, -7.918], [145.43858, -7.91943], [145.43803, -7.92488], [145.43746, -7.92603], [145.43747, -7.92775], [145.43688, -7.92882], [145.43604, -7.93034], [145.43605, -7.93149], [145.43405, -7.93408], [145.43148, -7.93983], [145.42919, -7.94357], [145.42776, -7.94501], [145.42667, -7.94533], [145.42258, -7.94648], [145.4194, -7.94621], [145.41825, -7.94679], [145.41797, -7.94823], [145.41913, -7.94965], [145.42087, -7.95022], [145.42548, -7.95019], [145.43096, -7.9493], [145.43644, -7.94956], [145.43846, -7.94897], [145.44827, -7.94862], [145.45145, -7.94918], [145.4653, -7.9491], [145.47567, -7.94761], [145.47913, -7.94759], [145.48634, -7.94583], [145.49413, -7.94606], [145.49961, -7.94488], [145.51922, -7.94449], [145.52268, -7.9439], [145.5286, -7.94386], [145.53047, -7.94385], [145.53392, -7.94124], [145.53732, -7.94128], [145.53416, -7.94358], [145.53148, -7.94552], [145.53941, -7.94408], [145.54374, -7.94405], [145.55382, -7.94141], [145.5593, -7.94167], [145.56391, -7.94049], [145.57487, -7.93871], [145.58208, -7.93838], [145.5841, -7.93779], [145.58496, -7.93807], [145.59275, -7.93688], [145.59535, -7.93715], [145.59794, -7.93656], [145.6014, -7.93654], [145.60256, -7.93711], [145.62102, -7.93729], [145.62709, -7.93811], [145.63026, -7.93895], [145.63776, -7.9431], [145.64155, -7.94405], [145.64474, -7.94689], [145.64678, -7.95004], [145.64939, -7.95232], [145.65115, -7.95632], [145.6526, -7.95803], [145.65376, -7.95889], [145.65636, -7.95973], [145.65845, -7.9596], [145.66646, -7.9591], [145.66905, -7.95851], [145.67901, -7.95844], [145.68203, -7.95842], [145.68665, -7.95783], [145.69443, -7.95778], [145.70021, -7.95889], [145.70742, -7.95913], [145.71088, -7.95826], [145.7181, -7.95849], [145.72443, -7.95616], [145.7276, -7.95557], [145.73019, -7.95441], [145.7325, -7.95411], [145.73394, -7.95324], [145.74258, -7.95089], [145.74633, -7.95087], [145.74863, -7.95028], [145.75354, -7.95025], [145.75526, -7.94967], [145.75727, -7.94822], [145.75785, -7.94735], [145.75726, -7.94506], [145.75638, -7.94392], [145.7558, -7.94393], [145.75088, -7.93994], [145.74856, -7.93881], [145.74481, -7.93883], [145.74193, -7.94], [145.73763, -7.94375], [145.73159, -7.94723], [145.72207, -7.94786], [145.71858, -7.94762], [145.72204, -7.94327], [145.72606, -7.93952], [145.73037, -7.93663], [145.73383, -7.93517], [145.73584, -7.93487], [145.73728, -7.93372], [145.73579, -7.93013], [145.739, -7.9317], [145.74044, -7.93197], [145.74217, -7.93168], [145.74533, -7.93023], [145.74763, -7.92821], [145.75194, -7.92588], [145.75443, -7.92337], [145.75512, -7.92672], [145.75455, -7.92759], [145.74851, -7.93107], [145.74737, -7.93222], [145.74709, -7.93308], [145.74883, -7.93508], [145.75577, -7.93848], [145.76387, -7.94158], [145.76848, -7.94155], [145.77021, -7.9404], [145.77307, -7.93636], [145.77823, -7.93145], [145.78081, -7.928], [145.78826, -7.92021], [145.78911, -7.91819], [145.78794, -7.91591], [145.78852, -7.91476], [145.79169, -7.91474], [145.79859, -7.91097], [145.80347, -7.90778], [145.80691, -7.9046], [145.80846, -7.90201], [145.81008, -7.90344], [145.81153, -7.90314], [145.81328, -7.90145], [145.81531, -7.90241], [145.81446, -7.90547], [145.8101, -7.9066], [145.80264, -7.91295], [145.79919, -7.91527], [145.79375, -7.92075], [145.79289, -7.9219], [145.79289, -7.92688], [145.78889, -7.92852], [145.78745, -7.92996], [145.78602, -7.93055], [145.78401, -7.93228], [145.78257, -7.93286], [145.77855, -7.93576], [145.77683, -7.93749], [145.77626, -7.93863], [145.77627, -7.94036], [145.77714, -7.9415], [145.77859, -7.94264], [145.78177, -7.94348], [145.78869, -7.94676], [145.78959, -7.94917], [145.79047, -7.95031], [145.79135, -7.95317], [145.79251, -7.95431], [145.79395, -7.95287], [145.79597, -7.953], [145.7954, -7.95486], [145.79282, -7.95689], [145.79225, -7.95804], [145.79312, -7.9589], [145.79543, -7.95888], [145.79715, -7.95801], [145.79946, -7.95771], [145.8012, -7.95856], [145.80294, -7.96084], [145.80353, -7.96227], [145.8024, -7.96601], [145.80241, -7.96744], [145.80361, -7.96918], [145.8007, -7.97089], [145.79983, -7.97205], [145.79985, -7.97434], [145.80393, -7.97976], [145.80741, -7.98347], [145.81001, -7.98374], [145.81433, -7.98228], [145.81659, -7.98434], [145.81117, -7.98545], [145.8106, -7.98603], [145.80771, -7.98604], [145.80598, -7.9852], [145.80046, -7.9795], [145.79901, -7.97865], [145.79669, -7.97608], [145.7961, -7.97408], [145.79665, -7.97121], [145.79867, -7.96918], [145.79981, -7.96717], [145.80065, -7.96401], [145.80065, -7.96315], [145.79949, -7.96172], [145.79486, -7.96175], [145.7914, -7.96091], [145.78908, -7.95949], [145.78502, -7.95522], [145.78242, -7.95495], [145.77954, -7.9564], [145.77724, -7.95698], [145.77316, -7.95701], [145.77175, -7.95702], [145.7683, -7.95848], [145.7666, -7.95863], [145.76656, -7.95864], [145.76371, -7.9589], [145.76167, -7.95909], [145.75879, -7.96083], [145.75881, -7.96312], [145.7594, -7.9657], [145.76028, -7.96684], [145.76201, -7.96769], [145.76779, -7.96852], [145.77183, -7.96935], [145.77357, -7.96992], [145.77792, -7.97419], [145.77908, -7.97476], [145.77995, -7.97561], [145.78083, -7.9779], [145.78056, -7.98134], [145.78522, -7.98676], [145.78901, -7.99419], [145.79304, -7.99855], [145.79831, -8.00146], [145.80024, -8.00343], [145.80445, -8.00716], [145.80811, -8.01227], [145.81604, -8.01869], [145.82154, -8.02366], [145.82671, -8.03001], [145.82881, -8.03124], [145.83089, -8.03189], [145.83702, -8.03329], [145.84249, -8.03653], [145.84666, -8.03796], [145.84805, -8.03829], [145.85879, -8.03984], [145.86261, -8.04082], [145.86445, -8.04056], [145.86772, -8.0366], [145.86848, -8.04038], [145.87184, -8.04182], [145.87404, -8.04224], [145.8775, -8.0423], [145.88048, -8.04202], [145.88487, -8.0423], [145.89319, -8.04378], [145.89744, -8.04314], [145.89929, -8.04334], [145.90381, -8.04499], [145.90993, -8.04593], [145.91397, -8.04621], [145.92275, -8.04768], [145.93047, -8.0479], [145.93788, -8.04962], [145.94087, -8.04968], [145.94305, -8.04896], [145.94683, -8.04729], [145.94878, -8.04703], [145.95179, -8.04778], [145.95284, -8.04846], [145.951, -8.04929], [145.95068, -8.05033], [145.95265, -8.05088], [145.95656, -8.05093], [145.97585, -8.05325], [145.98371, -8.05497], [145.98683, -8.05526], [145.98993, -8.05487], [145.99304, -8.05505], [145.99781, -8.05761], [146.00001, -8.05827], [146.00109, -8.05839], [146.00218, -8.05845], [146.00678, -8.0585], [146.00966, -8.05911], [146.02295, -8.06353], [146.02595, -8.06447], [146.0303, -8.06659], [146.03488, -8.06976], [146.04115, -8.07501], [146.05048, -8.08135], [146.05201, -8.08239], [146.05395, -8.08356], [146.0591, -8.0865], [146.06862, -8.09086], [146.07195, -8.09171], [146.07237, -8.09178], [146.07685, -8.09713], [146.07568, -8.09785], [146.07509, -8.099], [146.07507, -8.10073], [146.07391, -8.10186], [146.07253, -8.10185], [146.07162, -8.10046], [146.07048, -8.0993], [146.06991, -8.09894], [146.06876, -8.09927], [146.06817, -8.09984], [146.06816, -8.10065], [146.06986, -8.10332], [146.07441, -8.10878], [146.08694, -8.12136], [146.08899, -8.12391], [146.09011, -8.12623], [146.0901, -8.12715], [146.09146, -8.13005], [146.09486, -8.13412], [146.09636, -8.13471], [146.09716, -8.13472], [146.09774, -8.13438], [146.0981, -8.133], [146.09548, -8.1309], [146.09467, -8.13089], [146.09353, -8.13007], [146.09205, -8.12798], [146.09207, -8.12602], [146.09266, -8.12511], [146.09462, -8.12467], [146.09528, -8.12836], [146.09698, -8.13011], [146.09951, -8.13129], [146.10158, -8.13131], [146.10262, -8.13075], [146.10428, -8.12985], [146.1057, -8.13155], [146.10326, -8.13501], [146.10608, -8.14081], [146.10652, -8.14254], [146.10661, -8.14519], [146.10717, -8.14658], [146.10854, -8.14809], [146.11118, -8.14892], [146.11256, -8.14894], [146.11407, -8.14838], [146.11637, -8.14841], [146.11887, -8.15108], [146.11883, -8.15477], [146.11917, -8.15569], [146.12031, -8.15651], [146.1263, -8.15692], [146.12589, -8.15797], [146.12523, -8.15876], [146.12443, -8.15932], [146.12432, -8.1592], [146.12166, -8.15918], [146.1188, -8.15765], [146.11744, -8.1559], [146.11714, -8.15164], [146.11634, -8.15071], [146.1152, -8.15012], [146.11231, -8.15124], [146.11114, -8.15215], [146.11079, -8.15272], [146.11111, -8.15503], [146.1119, -8.15642], [146.11361, -8.15817], [146.11567, -8.15957], [146.11543, -8.16], [146.11474, -8.16048], [146.11359, -8.16024], [146.11336, -8.16047], [146.11453, -8.16443], [146.11435, -8.16497], [146.11335, -8.16444], [146.11218, -8.16333], [146.10878, -8.15753], [146.10788, -8.15522], [146.1079, -8.15407], [146.10733, -8.15291], [146.10597, -8.15152], [146.10196, -8.14963], [146.10047, -8.14823], [146.09909, -8.14822], [146.09704, -8.14623], [146.09589, -8.14588], [146.09508, -8.14679], [146.09472, -8.14794], [146.09467, -8.15254], [146.09518, -8.15888], [146.09686, -8.16236], [146.09857, -8.16434], [146.10196, -8.17013], [146.10365, -8.17395], [146.10853, -8.18057], [146.11138, -8.18348], [146.1131, -8.18465], [146.12278, -8.19432], [146.12643, -8.19862], [146.12717, -8.19902], [146.12792, -8.19898], [146.12855, -8.19857], [146.12851, -8.19807], [146.12588, -8.19551], [146.12648, -8.19519], [146.12796, -8.19553], [146.13424, -8.20101], [146.13561, -8.2016], [146.13896, -8.20118], [146.14018, -8.20152], [146.14067, -8.20223], [146.13882, -8.20279], [146.13824, -8.20336], [146.13846, -8.20451], [146.14017, -8.2066], [146.14279, -8.20893], [146.14566, -8.21035], [146.1499, -8.21212], [146.15621, -8.21427], [146.16209, -8.21479], [146.16543, -8.21436], [146.16695, -8.21323], [146.16863, -8.21023], [146.17124, -8.21039], [146.17122, -8.21235], [146.17062, -8.21384], [146.1683, -8.21612], [146.16458, -8.21839], [146.16341, -8.21976], [146.16282, -8.22148], [146.16419, -8.22299], [146.16625, -8.22416], [146.16878, -8.225], [146.17142, -8.2256], [146.17486, -8.22737], [146.17794, -8.23028], [146.18001, -8.2303], [146.18082, -8.23066], [146.18289, -8.23033], [146.18461, -8.2315], [146.18654, -8.23383], [146.19032, -8.23652], [146.19456, -8.23829], [146.19734, -8.24007], [146.20006, -8.24181], [146.20179, -8.24183], [146.20261, -8.24034], [146.20527, -8.23979], [146.20641, -8.24072], [146.20697, -8.24246], [146.20638, -8.24325], [146.20522, -8.24382], [146.20487, -8.24474], [146.20658, -8.24648], [146.21207, -8.25057], [146.21688, -8.25316], [146.22293, -8.25818], [146.22636, -8.26167], [146.22751, -8.26191], [146.22832, -8.26134], [146.22833, -8.26054], [146.2281, -8.26019], [146.22524, -8.2582], [146.22296, -8.25587], [146.22297, -8.2553], [146.22413, -8.25416], [146.22644, -8.2536], [146.22761, -8.25247], [146.22785, -8.25097], [146.22762, -8.25039], [146.22822, -8.24902], [146.22938, -8.24811], [146.23076, -8.24812], [146.2319, -8.24986], [146.23108, -8.25077], [146.23107, -8.25216], [146.22989, -8.25479], [146.22987, -8.25675], [146.23042, -8.25849], [146.23156, -8.25965], [146.23178, -8.26057], [146.23384, -8.26232], [146.2337, -8.26463], [146.23115, -8.26575], [146.23148, -8.26748], [146.23376, -8.26981], [146.23514, -8.2704], [146.2372, -8.27215], [146.23892, -8.27275], [146.24178, -8.27508], [146.24625, -8.27743], [146.24807, -8.27975], [146.24919, -8.28288], [146.24998, -8.28403], [146.25031, -8.28554], [146.2511, -8.28693], [146.25166, -8.28924], [146.25279, -8.29097], [146.25371, -8.29156], [146.25566, -8.29216], [146.25739, -8.29218], [146.25969, -8.29312], [146.26232, -8.29488], [146.26427, -8.29547], [146.26633, -8.29688], [146.26771, -8.29747], [146.27433, -8.30329], [146.27801, -8.30483], [146.27951, -8.30485], [146.2818, -8.30568], [146.28237, -8.30626], [146.28189, -8.30787], [146.27833, -8.30657], [146.27718, -8.30655], [146.27201, -8.30465], [146.26767, -8.30069], [146.26252, -8.29799], [146.26021, -8.29773], [146.25907, -8.2968], [146.25677, -8.29654], [146.25424, -8.29537], [146.25309, -8.29535], [146.25217, -8.29558], [146.25135, -8.29649], [146.25099, -8.29844], [146.25095, -8.30248], [146.25242, -8.30457], [146.2538, -8.30515], [146.25585, -8.30748], [146.25722, -8.3083], [146.2587, -8.31004], [146.26043, -8.31064], [146.26181, -8.31042], [146.26249, -8.31124], [146.26063, -8.31295], [146.2589, -8.31293], [146.25663, -8.3106], [146.25548, -8.31001], [146.2524, -8.30687], [146.25066, -8.30743], [146.24975, -8.30649], [146.24977, -8.30419], [146.2492, -8.30361], [146.24866, -8.30049], [146.24872, -8.29497], [146.24815, -8.29357], [146.24852, -8.29185], [146.24853, -8.29035], [146.24762, -8.28919], [146.24647, -8.28953], [146.24699, -8.29472], [146.2467, -8.30071], [146.24664, -8.30681], [146.24718, -8.30935], [146.24776, -8.30993], [146.24831, -8.31201], [146.24829, -8.31374], [146.24912, -8.31582], [146.24998, -8.31802], [146.25283, -8.32093], [146.25535, -8.32268], [146.25798, -8.32421], [146.26141, -8.32735], [146.26254, -8.32944], [146.26539, -8.33258], [146.26618, -8.33432], [146.26729, -8.3387], [146.26725, -8.34239], [146.26779, -8.34528], [146.26893, -8.34702], [146.27041, -8.34818], [146.27123, -8.34762], [146.27184, -8.34417], [146.27243, -8.34279], [146.27359, -8.34165], [146.2759, -8.34167], [146.27647, -8.34226], [146.27668, -8.34422], [146.2753, -8.34421], [146.2739, -8.34569], [146.27211, -8.35166], [146.27106, -8.35303], [146.26945, -8.35278], [146.26886, -8.35335], [146.27056, -8.35717], [146.27144, -8.36029], [146.27314, -8.36319], [146.2737, -8.3655], [146.27365, -8.37011], [146.2727, -8.37275], [146.27209, -8.37585], [146.2724, -8.37988], [146.27235, -8.38484], [146.26964, -8.3908], [146.26959, -8.39518], [146.2699, -8.39887], [146.2693, -8.40117], [146.26948, -8.40578], [146.27116, -8.4104], [146.27493, -8.41425], [146.27779, -8.416], [146.28065, -8.41914], [146.28201, -8.42123], [146.28257, -8.42296], [146.28287, -8.42643], [146.28422, -8.42989], [146.28593, -8.43222], [146.28683, -8.43476], [146.28681, -8.43683], [146.28736, -8.43857], [146.28873, -8.44054], [146.28984, -8.44436], [146.28983, -8.44574], [146.29094, -8.44955], [146.29298, -8.45383], [146.29525, -8.45651], [146.29639, -8.45848], [146.29694, -8.46079], [146.29792, -8.46279], [146.29978, -8.4652], [146.30261, -8.47064], [146.30316, -8.4733], [146.30485, -8.47758], [146.30564, -8.47908], [146.31078, -8.48398], [146.31225, -8.4863], [146.31281, -8.48838], [146.31475, -8.49036], [146.31704, -8.49187], [146.32103, -8.4971], [146.32305, -8.50196], [146.32303, -8.50403], [146.32382, -8.506], [146.32553, -8.50809], [146.32949, -8.51585], [146.33177, -8.51818], [146.33382, -8.52166], [146.33459, -8.52455], [146.33745, -8.52746], [146.33892, -8.53012], [146.34086, -8.53244], [146.34143, -8.5336], [146.34197, -8.53672], [146.34688, -8.54138], [146.34859, -8.5437], [146.34972, -8.54636], [146.35108, -8.54833], [146.35486, -8.55126], [146.35794, -8.55417], [146.35908, -8.55648], [146.36079, -8.55823], [146.36452, -8.56576], [146.36681, -8.56751], [146.36795, -8.56901], [146.36965, -8.57272], [146.37136, -8.57389], [146.37273, -8.57563], [146.37329, -8.57714], [146.37593, -8.57912], [146.37958, -8.58296], [146.38071, -8.58608], [146.38219, -8.5876], [146.38507, -8.5882], [146.38581, -8.58896], [146.38581, -8.48334], [146.38581, -8.20337], [146.38581, -8.08615], [146.38581, -7.91495], [146.43498, -7.91494], [146.43772, -7.90972], [146.43889, -7.90932], [146.44052, -7.91075], [146.44302, -7.91113], [146.44573, -7.91186], [146.44659, -7.91128], [146.44744, -7.90927], [146.44714, -7.90698], [146.44771, -7.9064], [146.44887, -7.90639], [146.44974, -7.90753], [146.4506, -7.90724], [146.45232, -7.90522], [146.45387, -7.90535], [146.45983, -7.90689], [146.46128, -7.90803], [146.46187, -7.90946], [146.46448, -7.91173], [146.4665, -7.91229], [146.47025, -7.91198], [146.4717, -7.91312], [146.47343, -7.91311], [146.47487, -7.91223], [146.47776, -7.91279], [146.4815, -7.91247], [146.48266, -7.91161], [146.48294, -7.91045], [146.4838, -7.90988], [146.48466, -7.90987], [146.48669, -7.91129], [146.48784, -7.911], [146.4887, -7.90984], [146.48927, -7.9084], [146.48839, -7.90698], [146.48867, -7.90497], [146.49218, -7.90118], [146.49268, -7.90064], [146.49613, -7.90032], [146.497, -7.90003], [146.49815, -7.89887], [146.49812, -7.89601], [146.49927, -7.89457], [146.5013, -7.89599], [146.50216, -7.89541], [146.50273, -7.89426], [146.50241, -7.89082], [146.50328, -7.89024], [146.50443, -7.89052], [146.50682, -7.89497], [146.51106, -7.88961], [146.51075, -7.88616], [146.51189, -7.88444], [146.51305, -7.88443], [146.51363, -7.885], [146.51363, -7.88644], [146.51421, -7.887], [146.51537, -7.88671], [146.51623, -7.88584], [146.51816, -7.88556], [146.5234, -7.88006], [146.52434, -7.876], [146.52047, -7.87348], [146.52017, -7.87233], [146.5216, -7.8706], [146.52189, -7.86974], [146.5213, -7.86889], [146.5213, -7.86831], [146.52302, -7.86715], [146.52271, -7.86372], [146.52385, -7.86227], [146.525, -7.86227], [146.52587, -7.86139], [146.52585, -7.85968], [146.52441, -7.85912], [146.52239, -7.85941], [146.5218, -7.85884], [146.5218, -7.85798], [146.52439, -7.85682], [146.52495, -7.85567], [146.52522, -7.85279], [146.52463, -7.85108], [146.52289, -7.84966], [146.52288, -7.84823], [146.52547, -7.84734], [146.52691, -7.84619], [146.52748, -7.84446], [146.52919, -7.84244], [146.53158, -7.842], [146.53349, -7.8384], [146.53549, -7.83637], [146.5398, -7.83405], [146.54239, -7.83173], [146.54324, -7.83001], [146.54322, -7.828], [146.54408, -7.82627], [146.54522, -7.82512], [146.5481, -7.82453], [146.54954, -7.82365], [146.5504, -7.82279], [146.55153, -7.8202], [146.55207, -7.81503], [146.55322, -7.81359], [146.55668, -7.81357], [146.56243, -7.8118], [146.56561, -7.81178], [146.56793, -7.81262], [146.57081, -7.81289], [146.5734, -7.81258], [146.57455, -7.812], [146.57598, -7.81056], [146.57682, -7.80711], [146.5794, -7.80422], [146.58342, -7.8019], [146.58688, -7.80159], [146.5889, -7.80243], [146.59036, -7.80386], [146.59066, -7.80529], [146.59183, -7.807], [146.59328, -7.80842], [146.59559, -7.80927], [146.5979, -7.80954], [146.6002, -7.80752], [146.6019, -7.80377], [146.60418, -7.80117], [146.60591, -7.80031], [146.60706, -7.79915], [146.60675, -7.79686], [146.6079, -7.79541], [146.61384, -7.79619], [146.61485, -7.7991], [146.61601, -7.79994], [146.61716, -7.79994], [146.61917, -7.7982], [146.62032, -7.79591], [146.62491, -7.79186], [146.62722, -7.79156], [146.62894, -7.79011], [146.6295, -7.78753], [146.63122, -7.78551], [146.6341, -7.78463], [146.63756, -7.78232], [146.64014, -7.77972], [146.64042, -7.77829], [146.64185, -7.77627], [146.64502, -7.77567], [146.6456, -7.7751], [146.64559, -7.77424], [146.64443, -7.7731], [146.64413, -7.77253], [146.64742, -7.76912], [146.64886, -7.76551]]]]}}, {"type": "Feature", "properties": {"name": "Milne Bay Province", "level": "province"}, "geometry": {"type": "MultiPolygon", "coordinates": [[[[153.16666, -11.46486], [153.16755, -11.46429], [153.16742, -11.46369], [153.16361, -11.46164], [153.16208, -11.46092], [153.16153, -11.46088], [153.16131, -11.46109], [153.16133, -11.46135], [153.16213, -11.46206], [153.16306, -11.46257], [153.16342, -11.46365], [153.16456, -11.46483], [153.16586, -11.465], [153.16666, -11.46486]]], [[[154.39814, -11.45155], [154.39854, -11.45108], [154.39884, -11.45036], [154.39864, -11.44912], [154.39793, -11.44739], [154.39698, -11.44656], [154.39649, -11.44647], [154.39567, -11.44666], [154.39517, -11.44749], [154.39513, -11.44819], [154.39533, -11.449], [154.39624, -11.45035], [154.39711, -11.45133], [154.39762, -11.45159], [154.39814, -11.45155]]], [[[153.23435, -11.45352], [153.23631, -11.45292], [153.23771, -11.45228], [153.23897, -11.45078], [153.23928, -11.44966], [153.23929, -11.44661], [153.23897, -11.44526], [153.23846, -11.44479], [153.23776, -11.44462], [153.23699, -11.44475], [153.23577, -11.44547], [153.23292, -11.44779], [153.23157, -11.44859], [153.23056, -11.44912], [153.22812, -11.4497], [153.22749, -11.45009], [153.22706, -11.45067], [153.22694, -11.4514], [153.22729, -11.45221], [153.22822, -11.45314], [153.23025, -11.45423], [153.23435, -11.45352]]], [[[154.09139, -11.41595], [154.09199, -11.4145], [154.09223, -11.41268], [154.09168, -11.41157], [154.09141, -11.41134], [154.09076, -11.41139], [154.0904, -11.41174], [154.08957, -11.41354], [154.08943, -11.41502], [154.08949, -11.41572], [154.08972, -11.41621], [154.09002, -11.41657], [154.09067, -11.41658], [154.09139, -11.41595]]], [[[153.33761, -11.35886], [153.33807, -11.35867], [153.33882, -11.35804], [153.33897, -11.35748], [153.33888, -11.35728], [153.33731, -11.35604], [153.33695, -11.35595], [153.3363, -11.35621], [153.3353, -11.35765], [153.33514, -11.35805], [153.33527, -11.35879], [153.33591, -11.35915], [153.33761, -11.35886]]], [[[153.48638, -11.34813], [153.48576, -11.34749], [153.48532, -11.34748], [153.4852, -11.34787], [153.48647, -11.34868], [153.48638, -11.34813]]], [[[153.17483, -11.33851], [153.17545, -11.33803], [153.17549, -11.33752], [153.17503, -11.3372], [153.17463, -11.3368], [153.17393, -11.33628], [153.17335, -11.33625], [153.17264, -11.33652], [153.1724, -11.33718], [153.17278, -11.33831], [153.17332, -11.33862], [153.17405, -11.33878], [153.17483, -11.33851]]], [[[153.21103, -11.32877], [153.20888, -11.32653], [153.20775, -11.32608], [153.20387, -11.32393], [153.20198, -11.32367], [153.19688, -11.32441], [153.19557, -11.32462], [153.19423, -11.3253], [153.19366, -11.326], [153.19227, -11.3287], [153.19152, -11.33206], [153.19055, -11.33458], [153.18823, -11.33709], [153.18416, -11.34366], [153.18227, -11.34443], [153.1813, -11.34431], [153.1806, -11.34386], [153.17934, -11.34352], [153.17743, -11.34408], [153.1773, -11.34412], [153.17639, -11.3449], [153.1752, -11.34649], [153.175, -11.34852], [153.17512, -11.3501], [153.17312, -11.36082], [153.17309, -11.36613], [153.17343, -11.36817], [153.17389, -11.36942], [153.17519, -11.37199], [153.17536, -11.37267], [153.17598, -11.37466], [153.1783, -11.37729], [153.18055, -11.37906], [153.18154, -11.37963], [153.18273, -11.38091], [153.18479, -11.38211], [153.18665, -11.38169], [153.18754, -11.3819], [153.18811, -11.38266], [153.18803, -11.38431], [153.18689, -11.38656], [153.18662, -11.38827], [153.18666, -11.3915], [153.1871, -11.39348], [153.18808, -11.39477], [153.19255, -11.39703], [153.19761, -11.39642], [153.20144, -11.39813], [153.20192, -11.39854], [153.20318, -11.39873], [153.20389, -11.39853], [153.20453, -11.39834], [153.20519, -11.3975], [153.20706, -11.39628], [153.20964, -11.39606], [153.21076, -11.39614], [153.2116, -11.39651], [153.2123, -11.39717], [153.21247, -11.39831], [153.2134, -11.3991], [153.21479, -11.39914], [153.21531, -11.39932], [153.2158, -11.39993], [153.21618, -11.40112], [153.21584, -11.40237], [153.21304, -11.4056], [153.21165, -11.40657], [153.21074, -11.40685], [153.20962, -11.40752], [153.20784, -11.40902], [153.20616, -11.41174], [153.20583, -11.4132], [153.20581, -11.41464], [153.20699, -11.41678], [153.21376, -11.42371], [153.21538, -11.42581], [153.21642, -11.4289], [153.22134, -11.43866], [153.22363, -11.44086], [153.22524, -11.4416], [153.22616, -11.44153], [153.22719, -11.4408], [153.22783, -11.43968], [153.22785, -11.43435], [153.22802, -11.43276], [153.22996, -11.4306], [153.23179, -11.42974], [153.2329, -11.43002], [153.23392, -11.43181], [153.23502, -11.43194], [153.23725, -11.43062], [153.23748, -11.42981], [153.23671, -11.42843], [153.23602, -11.42604], [153.23626, -11.42537], [153.23764, -11.42534], [153.23876, -11.42568], [153.24033, -11.42651], [153.24213, -11.42694], [153.24614, -11.42886], [153.25166, -11.43412], [153.25626, -11.43614], [153.2576, -11.43741], [153.25838, -11.43954], [153.25845, -11.44033], [153.25643, -11.44249], [153.25515, -11.44299], [153.25433, -11.44332], [153.25364, -11.44407], [153.25313, -11.44498], [153.25303, -11.44736], [153.25319, -11.44827], [153.25342, -11.44931], [153.25423, -11.45072], [153.25714, -11.45344], [153.25878, -11.4553], [153.25934, -11.45619], [153.26095, -11.4588], [153.26443, -11.46212], [153.26616, -11.463], [153.26748, -11.46311], [153.26892, -11.46286], [153.27241, -11.46274], [153.27468, -11.46286], [153.27707, -11.46361], [153.28017, -11.46509], [153.28345, -11.466], [153.29006, -11.46851], [153.29349, -11.47047], [153.29906, -11.47271], [153.30012, -11.47367], [153.30064, -11.47565], [153.30037, -11.47689], [153.29954, -11.47832], [153.29599, -11.4814], [153.29056, -11.48375], [153.28807, -11.48502], [153.2822, -11.4877], [153.2797, -11.48933], [153.27826, -11.49076], [153.27629, -11.49312], [153.27425, -11.49406], [153.27136, -11.49443], [153.26772, -11.49542], [153.26683, -11.49607], [153.26557, -11.49767], [153.2653, -11.49978], [153.2659, -11.50189], [153.2673, -11.50308], [153.26946, -11.50363], [153.2771, -11.50434], [153.2786, -11.50401], [153.28213, -11.50259], [153.28519, -11.50171], [153.28682, -11.50084], [153.28945, -11.49961], [153.29243, -11.49784], [153.29409, -11.49656], [153.29542, -11.49531], [153.29768, -11.49263], [153.30004, -11.4904], [153.30256, -11.48853], [153.30481, -11.4874], [153.30666, -11.48693], [153.30811, -11.48715], [153.3109, -11.4879], [153.31875, -11.49143], [153.3202, -11.49248], [153.32171, -11.49429], [153.32335, -11.49699], [153.32426, -11.49775], [153.32942, -11.49813], [153.33355, -11.50018], [153.33459, -11.5001], [153.33634, -11.49933], [153.3369, -11.49897], [153.33753, -11.49789], [153.33772, -11.49698], [153.33785, -11.49196], [153.3388, -11.49086], [153.3399, -11.49001], [153.34213, -11.48932], [153.34369, -11.48939], [153.34651, -11.48969], [153.35281, -11.4912], [153.35615, -11.49158], [153.3586, -11.49211], [153.3595, -11.4928], [153.3603, -11.49384], [153.3607, -11.49566], [153.36036, -11.50044], [153.35988, -11.50176], [153.35875, -11.50307], [153.35663, -11.50426], [153.35456, -11.50602], [153.35313, -11.50683], [153.35334, -11.50791], [153.35431, -11.50867], [153.35814, -11.50857], [153.35966, -11.50967], [153.35974, -11.51069], [153.35863, -11.51142], [153.35723, -11.51178], [153.35624, -11.5116], [153.35527, -11.51097], [153.35422, -11.51073], [153.35304, -11.51069], [153.35198, -11.51122], [153.34965, -11.5139], [153.34891, -11.51647], [153.34736, -11.52072], [153.34814, -11.52566], [153.34786, -11.53323], [153.34822, -11.53622], [153.34917, -11.53756], [153.35099, -11.53915], [153.35334, -11.54096], [153.35546, -11.54221], [153.356, -11.54332], [153.35581, -11.545], [153.35509, -11.5466], [153.3541, -11.54976], [153.35385, -11.55151], [153.35417, -11.55482], [153.35495, -11.55649], [153.35667, -11.55835], [153.35901, -11.55926], [153.36167, -11.55996], [153.3637, -11.56012], [153.36497, -11.55971], [153.36589, -11.55912], [153.36667, -11.55816], [153.36741, -11.55689], [153.36874, -11.55557], [153.37031, -11.55493], [153.37162, -11.55496], [153.37366, -11.55567], [153.37623, -11.55701], [153.37942, -11.55786], [153.39518, -11.56056], [153.39886, -11.56098], [153.40299, -11.56096], [153.40443, -11.5611], [153.40563, -11.56153], [153.40764, -11.56388], [153.40909, -11.56498], [153.41152, -11.56608], [153.4148, -11.56807], [153.41706, -11.56867], [153.41967, -11.56885], [153.42083, -11.56863], [153.42219, -11.5677], [153.42303, -11.5664], [153.42375, -11.56283], [153.42384, -11.55903], [153.42278, -11.55796], [153.42022, -11.55687], [153.4181, -11.55556], [153.41142, -11.55081], [153.40871, -11.54788], [153.40857, -11.54671], [153.40899, -11.54538], [153.40936, -11.54455], [153.41073, -11.54368], [153.41167, -11.54335], [153.41311, -11.54336], [153.41451, -11.54384], [153.42581, -11.55106], [153.42663, -11.55151], [153.43051, -11.5521], [153.43258, -11.5525], [153.43377, -11.55312], [153.43478, -11.55386], [153.43516, -11.55453], [153.43539, -11.55574], [153.43588, -11.56282], [153.43624, -11.56408], [153.43697, -11.56505], [153.43779, -11.56556], [153.43872, -11.56581], [153.43936, -11.5657], [153.43985, -11.56534], [153.44052, -11.56221], [153.44266, -11.56051], [153.4438, -11.55932], [153.44532, -11.55715], [153.44548, -11.55592], [153.44798, -11.55214], [153.44961, -11.55053], [153.45146, -11.55007], [153.4532, -11.54987], [153.45441, -11.54953], [153.45559, -11.54885], [153.45828, -11.54799], [153.45972, -11.54764], [153.46085, -11.54787], [153.46173, -11.54832], [153.46311, -11.54853], [153.46599, -11.54799], [153.46903, -11.54686], [153.47013, -11.54683], [153.47056, -11.54738], [153.47042, -11.54797], [153.46886, -11.54892], [153.46768, -11.54953], [153.46365, -11.55048], [153.46256, -11.55063], [153.46124, -11.55118], [153.45882, -11.55271], [153.45779, -11.55363], [153.45693, -11.5551], [153.45651, -11.55713], [153.45651, -11.55969], [153.45669, -11.56026], [153.45725, -11.56086], [153.45868, -11.56158], [153.46086, -11.56199], [153.46222, -11.56272], [153.46327, -11.56367], [153.46456, -11.56523], [153.46517, -11.56718], [153.46815, -11.57064], [153.4701, -11.57318], [153.47095, -11.57479], [153.47111, -11.57676], [153.47074, -11.57872], [153.47016, -11.5796], [153.46947, -11.57991], [153.46817, -11.58001], [153.46347, -11.57973], [153.46003, -11.57986], [153.45833, -11.58141], [153.45755, -11.58301], [153.45652, -11.58392], [153.45519, -11.58447], [153.45231, -11.58501], [153.45114, -11.58553], [153.45081, -11.58577], [153.45011, -11.58685], [153.45038, -11.58786], [153.45115, -11.58844], [153.45987, -11.59015], [153.46582, -11.59219], [153.46976, -11.59259], [153.47347, -11.59388], [153.47556, -11.59398], [153.47742, -11.59364], [153.47952, -11.59303], [153.48074, -11.59197], [153.48124, -11.59014], [153.48208, -11.58924], [153.48627, -11.58795], [153.48747, -11.58587], [153.48828, -11.58536], [153.48953, -11.58558], [153.49055, -11.58608], [153.49448, -11.58892], [153.49565, -11.5889], [153.49727, -11.588], [153.49893, -11.58762], [153.50393, -11.58595], [153.50491, -11.58594], [153.50568, -11.58658], [153.5064, -11.58749], [153.5065, -11.58835], [153.50561, -11.58938], [153.50462, -11.59164], [153.50516, -11.59359], [153.5059, -11.59385], [153.50707, -11.59472], [153.50933, -11.59525], [153.51195, -11.59634], [153.51305, -11.59631], [153.51412, -11.59668], [153.51464, -11.59741], [153.51422, -11.60039], [153.51421, -11.60318], [153.5146, -11.605], [153.51603, -11.60674], [153.51782, -11.60795], [153.52005, -11.60913], [153.52259, -11.61198], [153.52498, -11.6141], [153.52709, -11.61535], [153.52952, -11.61645], [153.53216, -11.61689], [153.53418, -11.61699], [153.53566, -11.61681], [153.54012, -11.61557], [153.5445, -11.61503], [153.54533, -11.61478], [153.54575, -11.61442], [153.54616, -11.61381], [153.54614, -11.61189], [153.5471, -11.61002], [153.54827, -11.60851], [153.54933, -11.60786], [153.55059, -11.60737], [153.55158, -11.60672], [153.55265, -11.60542], [153.5532, -11.60255], [153.55313, -11.60166], [153.55339, -11.60087], [153.55371, -11.60086], [153.55638, -11.60077], [153.55659, -11.601], [153.55618, -11.60203], [153.55461, -11.60427], [153.55318, -11.60765], [153.55332, -11.6086], [153.55577, -11.6115], [153.55928, -11.6197], [153.55939, -11.6211], [153.55868, -11.62193], [153.55637, -11.62313], [153.55552, -11.6239], [153.55523, -11.62521], [153.5553, -11.62687], [153.55624, -11.62892], [153.55666, -11.63123], [153.5566, -11.6322], [153.55598, -11.63335], [153.55487, -11.63413], [153.55379, -11.63447], [153.55195, -11.63416], [153.54986, -11.63413], [153.54898, -11.63452], [153.54799, -11.63524], [153.54624, -11.63602], [153.54091, -11.63611], [153.53347, -11.63591], [153.53174, -11.6354], [153.52928, -11.63399], [153.52843, -11.63386], [153.52772, -11.63398], [153.52705, -11.63442], [153.52649, -11.63562], [153.5266, -11.63702], [153.52778, -11.63956], [153.52987, -11.64376], [153.53137, -11.64544], [153.53258, -11.64599], [153.5347, -11.64647], [153.53535, -11.64642], [153.53579, -11.64619], [153.53675, -11.64516], [153.5375, -11.64484], [153.53843, -11.64503], [153.53985, -11.64659], [153.54322, -11.648], [153.54414, -11.64812], [153.54516, -11.64791], [153.54667, -11.64721], [153.54766, -11.64739], [153.54879, -11.64846], [153.54913, -11.64959], [153.54899, -11.65108], [153.54851, -11.65317], [153.54867, -11.65431], [153.54953, -11.65534], [153.55083, -11.65613], [153.55219, -11.65616], [153.55449, -11.65559], [153.55605, -11.6547], [153.55683, -11.6531], [153.55744, -11.64975], [153.55798, -11.64823], [153.56167, -11.64403], [153.56423, -11.64184], [153.5683, -11.63735], [153.56872, -11.63611], [153.56991, -11.63467], [153.57272, -11.63245], [153.57392, -11.63114], [153.57454, -11.62988], [153.57444, -11.62783], [153.57465, -11.62717], [153.57538, -11.6266], [153.57852, -11.62514], [153.58162, -11.62243], [153.58225, -11.62135], [153.58393, -11.61952], [153.58634, -11.61841], [153.58776, -11.6182], [153.59084, -11.61809], [153.59156, -11.61771], [153.59187, -11.61717], [153.59239, -11.61675], [153.59295, -11.61725], [153.59344, -11.61801], [153.59354, -11.6203], [153.59379, -11.62096], [153.59476, -11.62175], [153.59686, -11.62274], [153.59952, -11.6252], [153.60053, -11.6256], [153.60185, -11.62573], [153.60291, -11.62552], [153.606, -11.62322], [153.60843, -11.62202], [153.60974, -11.62141], [153.61047, -11.62074], [153.6114, -11.62019], [153.6123, -11.62002], [153.61947, -11.62136], [153.62194, -11.62219], [153.62389, -11.622], [153.62465, -11.62171], [153.62613, -11.62022], [153.6279, -11.61963], [153.6291, -11.61947], [153.62998, -11.61953], [153.63087, -11.61933], [153.63238, -11.61832], [153.63399, -11.61759], [153.6353, -11.61729], [153.63583, -11.61744], [153.63666, -11.61892], [153.63691, -11.62002], [153.63862, -11.62268], [153.64014, -11.62723], [153.64165, -11.6286], [153.64307, -11.62932], [153.64484, -11.62944], [153.64708, -11.62936], [153.64991, -11.62895], [153.65081, -11.62926], [153.65161, -11.63071], [153.6524, -11.63283], [153.6536, -11.63479], [153.65459, -11.63605], [153.65558, -11.63658], [153.65722, -11.63684], [153.66036, -11.63701], [153.66194, -11.63766], [153.6654, -11.64018], [153.66653, -11.64054], [153.6682, -11.6407], [153.67081, -11.6403], [153.6724, -11.63983], [153.67476, -11.63801], [153.67552, -11.63695], [153.67582, -11.63616], [153.67586, -11.63507], [153.67565, -11.63329], [153.67524, -11.63219], [153.67358, -11.63024], [153.67292, -11.62888], [153.67116, -11.62356], [153.67143, -11.62241], [153.67199, -11.62128], [153.67254, -11.62085], [153.67338, -11.62082], [153.67517, -11.62203], [153.67631, -11.62239], [153.67776, -11.62227], [153.67921, -11.62244], [153.68259, -11.62327], [153.68534, -11.62447], [153.68723, -11.62455], [153.68942, -11.62427], [153.69088, -11.62448], [153.69217, -11.62536], [153.693, -11.62737], [153.69333, -11.62877], [153.69429, -11.6308], [153.69551, -11.63212], [153.69707, -11.63304], [153.69827, -11.63338], [153.69955, -11.63284], [153.69996, -11.63237], [153.70011, -11.63012], [153.70028, -11.62951], [153.70091, -11.62913], [153.70212, -11.62899], [153.70312, -11.62836], [153.70377, -11.62749], [153.70495, -11.62489], [153.70701, -11.62298], [153.70838, -11.62211], [153.70938, -11.62083], [153.71065, -11.62007], [153.71428, -11.61908], [153.7182, -11.619], [153.72045, -11.61972], [153.72132, -11.62025], [153.72265, -11.62025], [153.72414, -11.61817], [153.7256, -11.61773], [153.72715, -11.61767], [153.72783, -11.61794], [153.72845, -11.61877], [153.73074, -11.62039], [153.7331, -11.62152], [153.73502, -11.62197], [153.73618, -11.62188], [153.73773, -11.62121], [153.73946, -11.61998], [153.74416, -11.61828], [153.74518, -11.61776], [153.74688, -11.61768], [153.74858, -11.6181], [153.75035, -11.61883], [153.75246, -11.62167], [153.75457, -11.6238], [153.75735, -11.62604], [153.75951, -11.62664], [153.7621, -11.6266], [153.76482, -11.626], [153.7671, -11.62473], [153.77036, -11.62191], [153.77126, -11.62064], [153.77206, -11.61858], [153.77216, -11.61781], [153.7735, -11.61579], [153.7743, -11.61338], [153.77423, -11.61044], [153.77509, -11.60666], [153.77492, -11.60525], [153.77474, -11.60439], [153.77234, -11.60147], [153.76898, -11.59884], [153.76738, -11.59724], [153.76527, -11.59364], [153.75977, -11.58937], [153.75775, -11.58827], [153.75454, -11.58765], [153.75274, -11.58654], [153.75132, -11.58539], [153.74994, -11.58337], [153.74713, -11.5798], [153.74655, -11.57941], [153.74468, -11.57747], [153.743, -11.57722], [153.7421, -11.57571], [153.74201, -11.57463], [153.74276, -11.57151], [153.74347, -11.56998], [153.74623, -11.56572], [153.74663, -11.56389], [153.74647, -11.56254], [153.74584, -11.5616], [153.74475, -11.56114], [153.74317, -11.56083], [153.73477, -11.56154], [153.73197, -11.56127], [153.72915, -11.56015], [153.72702, -11.55851], [153.72293, -11.55375], [153.72108, -11.55204], [153.71561, -11.54799], [153.71178, -11.54595], [153.7113, -11.54603], [153.71029, -11.54584], [153.70919, -11.54533], [153.70852, -11.5445], [153.70806, -11.54356], [153.70785, -11.53958], [153.70704, -11.53781], [153.70693, -11.53739], [153.70412, -11.53411], [153.70365, -11.53312], [153.70334, -11.53128], [153.70282, -11.53039], [153.70169, -11.52999], [153.69884, -11.5283], [153.69777, -11.52599], [153.69743, -11.52317], [153.69556, -11.51911], [153.69491, -11.51689], [153.69344, -11.51515], [153.6922, -11.5141], [153.68708, -11.51166], [153.68447, -11.51159], [153.68274, -11.51206], [153.68141, -11.51276], [153.6795, -11.51313], [153.67865, -11.51286], [153.67707, -11.51113], [153.6742, -11.51114], [153.6724, -11.5109], [153.66994, -11.51024], [153.66926, -11.51002], [153.66887, -11.50934], [153.666, -11.50591], [153.66269, -11.50393], [153.6611, -11.50345], [153.65938, -11.50271], [153.65715, -11.50138], [153.65583, -11.50083], [153.65276, -11.50016], [153.64953, -11.49853], [153.648, -11.49739], [153.64206, -11.49543], [153.64149, -11.49523], [153.64058, -11.49522], [153.63911, -11.49549], [153.63715, -11.49554], [153.63664, -11.4961], [153.63639, -11.49707], [153.63643, -11.49809], [153.63636, -11.4985], [153.63557, -11.49907], [153.63467, -11.49945], [153.63206, -11.49914], [153.63064, -11.49894], [153.62836, -11.49897], [153.6264, -11.49835], [153.62487, -11.49706], [153.62273, -11.49588], [153.62087, -11.49521], [153.61891, -11.49403], [153.6185, -11.49273], [153.61766, -11.49198], [153.61615, -11.49189], [153.61467, -11.49211], [153.61048, -11.49218], [153.60926, -11.49186], [153.60804, -11.49073], [153.60657, -11.49026], [153.60451, -11.49032], [153.60298, -11.49003], [153.60211, -11.48943], [153.60172, -11.48854], [153.60094, -11.48773], [153.5998, -11.48716], [153.59815, -11.48718], [153.59728, -11.48735], [153.59515, -11.48849], [153.59402, -11.48867], [153.59333, -11.48847], [153.59221, -11.48775], [153.58943, -11.48666], [153.5875, -11.48645], [153.58432, -11.48491], [153.58224, -11.48415], [153.58042, -11.48398], [153.57891, -11.48333], [153.57434, -11.4818], [153.57166, -11.48129], [153.56958, -11.48096], [153.56684, -11.47893], [153.56565, -11.47769], [153.56469, -11.47741], [153.56387, -11.47747], [153.5619, -11.47803], [153.56136, -11.47848], [153.5605, -11.47876], [153.5582, -11.47837], [153.55648, -11.47758], [153.55481, -11.47746], [153.55421, -11.47766], [153.55392, -11.47804], [153.55387, -11.47922], [153.55445, -11.48075], [153.55514, -11.48157], [153.55574, -11.48265], [153.5559, -11.48335], [153.55533, -11.48396], [153.55432, -11.48434], [153.55336, -11.48457], [153.55263, -11.48453], [153.55168, -11.48302], [153.5507, -11.48237], [153.54961, -11.47975], [153.54831, -11.47842], [153.54651, -11.47795], [153.5447, -11.47793], [153.54156, -11.47884], [153.54037, -11.47859], [153.53848, -11.47784], [153.53805, -11.47753], [153.53796, -11.47746], [153.53764, -11.47667], [153.53546, -11.47474], [153.53354, -11.47402], [153.5317, -11.47293], [153.53052, -11.47175], [153.52814, -11.4705], [153.52375, -11.46926], [153.51741, -11.46936], [153.51377, -11.46658], [153.51203, -11.4661], [153.51032, -11.46613], [153.50868, -11.4657], [153.50574, -11.46388], [153.50463, -11.46356], [153.50354, -11.46359], [153.50214, -11.46416], [153.50071, -11.46504], [153.49882, -11.46544], [153.49744, -11.46498], [153.49418, -11.46299], [153.49302, -11.46215], [153.49285, -11.46168], [153.49302, -11.46055], [153.49377, -11.4589], [153.49337, -11.45837], [153.49106, -11.45733], [153.4869, -11.45647], [153.48566, -11.45508], [153.48434, -11.45488], [153.48235, -11.45514], [153.4815, -11.4549], [153.47809, -11.45301], [153.47672, -11.45281], [153.47539, -11.45286], [153.47383, -11.45155], [153.47285, -11.44969], [153.47191, -11.44695], [153.47155, -11.44631], [153.46832, -11.44444], [153.46565, -11.44342], [153.46245, -11.44285], [153.4585, -11.4407], [153.45412, -11.43966], [153.45098, -11.43985], [153.44976, -11.43953], [153.44675, -11.43803], [153.44392, -11.43802], [153.44252, -11.43802], [153.43667, -11.43597], [153.43337, -11.43489], [153.42257, -11.42918], [153.42075, -11.42841], [153.41923, -11.42811], [153.41601, -11.42606], [153.41483, -11.42592], [153.41362, -11.42614], [153.41184, -11.42689], [153.4112, -11.42665], [153.41044, -11.42577], [153.40989, -11.42541], [153.40859, -11.42506], [153.40723, -11.42504], [153.40688, -11.42485], [153.40688, -11.42418], [153.40633, -11.42382], [153.40522, -11.42349], [153.40406, -11.42256], [153.40332, -11.4217], [153.40237, -11.42019], [153.4018, -11.4189], [153.40135, -11.41843], [153.40067, -11.41822], [153.39878, -11.41663], [153.3975, -11.41617], [153.3964, -11.41605], [153.39364, -11.41613], [153.39029, -11.41434], [153.38581, -11.41469], [153.38357, -11.41445], [153.38049, -11.41285], [153.37771, -11.41041], [153.37695, -11.41], [153.3759, -11.40978], [153.37103, -11.40969], [153.3654, -11.40826], [153.35848, -11.40639], [153.35453, -11.40429], [153.3537, -11.40425], [153.35254, -11.40455], [153.35146, -11.40535], [153.35089, -11.4064], [153.34993, -11.40731], [153.34928, -11.40725], [153.34904, -11.40577], [153.34901, -11.4035], [153.34841, -11.40228], [153.34488, -11.39968], [153.34356, -11.39852], [153.3428, -11.39752], [153.34167, -11.39547], [153.33938, -11.39329], [153.33612, -11.39058], [153.33464, -11.38957], [153.3322, -11.38812], [153.32968, -11.38775], [153.32532, -11.38548], [153.32387, -11.3845], [153.32292, -11.38339], [153.32032, -11.37952], [153.31799, -11.37848], [153.31519, -11.37598], [153.31392, -11.37549], [153.31206, -11.37527], [153.31024, -11.37536], [153.30454, -11.37626], [153.30275, -11.3768], [153.30132, -11.37706], [153.29983, -11.37677], [153.29864, -11.37555], [153.29618, -11.37465], [153.29388, -11.37275], [153.29173, -11.37273], [153.29142, -11.3723], [153.29143, -11.37131], [153.29288, -11.36876], [153.29284, -11.36767], [153.29253, -11.36656], [153.29188, -11.36535], [153.29104, -11.3646], [153.28998, -11.36382], [153.28793, -11.36294], [153.28647, -11.36287], [153.2857, -11.36306], [153.28487, -11.36362], [153.28275, -11.36573], [153.28123, -11.3668], [153.27654, -11.36858], [153.27386, -11.36896], [153.27107, -11.36895], [153.26885, -11.36817], [153.26624, -11.36697], [153.26394, -11.36624], [153.25816, -11.36332], [153.25392, -11.35975], [153.24951, -11.35489], [153.24548, -11.34963], [153.24298, -11.34756], [153.24077, -11.34619], [153.23858, -11.34568], [153.23573, -11.34558], [153.23261, -11.34501], [153.2304, -11.34398], [153.22884, -11.34274], [153.22709, -11.34093], [153.22555, -11.33883], [153.2245, -11.33701], [153.2239, -11.33633], [153.22237, -11.335], [153.21599, -11.32835], [153.21477, -11.32744], [153.21389, -11.32728], [153.21295, -11.32749], [153.21234, -11.32803], [153.21221, -11.32872], [153.21169, -11.32899], [153.21103, -11.32877]]], [[[153.11878, -11.3235], [153.11959, -11.32279], [153.11945, -11.32176], [153.11815, -11.32029], [153.11766, -11.3194], [153.11658, -11.31859], [153.11578, -11.31835], [153.11508, -11.31835], [153.1148, -11.31869], [153.1145, -11.32205], [153.11423, -11.32316], [153.1143, -11.32377], [153.11469, -11.32419], [153.11534, -11.32432], [153.11878, -11.3235]]], [[[153.40828, -11.31292], [153.40623, -11.3124], [153.40453, -11.31225], [153.40313, -11.31236], [153.40209, -11.31292], [153.40112, -11.31439], [153.40072, -11.31696], [153.40072, -11.31863], [153.40097, -11.32067], [153.40136, -11.32211], [153.4021, -11.32329], [153.40313, -11.32408], [153.41652, -11.33267], [153.4187, -11.33377], [153.4206, -11.33442], [153.42252, -11.33479], [153.42534, -11.33492], [153.42629, -11.33517], [153.42974, -11.33661], [153.43259, -11.33703], [153.4335, -11.33735], [153.43599, -11.33875], [153.4396, -11.33975], [153.44141, -11.34016], [153.44519, -11.34002], [153.44585, -11.3402], [153.4464, -11.34048], [153.44794, -11.34215], [153.45043, -11.3441], [153.45366, -11.34528], [153.45464, -11.34549], [153.45883, -11.34505], [153.46184, -11.34545], [153.46319, -11.34526], [153.46416, -11.34478], [153.46559, -11.34451], [153.46768, -11.34451], [153.46902, -11.34468], [153.47111, -11.3446], [153.47421, -11.34511], [153.47704, -11.34534], [153.478, -11.34526], [153.47882, -11.34488], [153.47977, -11.344], [153.47957, -11.3426], [153.47921, -11.34207], [153.47774, -11.34084], [153.47378, -11.33971], [153.47251, -11.33897], [153.47118, -11.33784], [153.46703, -11.33272], [153.46564, -11.3314], [153.45894, -11.32599], [153.45709, -11.32499], [153.45342, -11.32365], [153.45166, -11.32267], [153.44747, -11.31973], [153.44646, -11.31866], [153.4436, -11.31618], [153.44222, -11.31518], [153.43995, -11.31418], [153.43846, -11.31405], [153.43696, -11.31424], [153.4325, -11.31522], [153.42888, -11.31546], [153.42534, -11.3162], [153.42305, -11.31641], [153.42114, -11.31638], [153.41737, -11.31564], [153.41545, -11.31543], [153.41326, -11.31543], [153.40828, -11.31292]]], [[[154.0212, -11.30329], [154.01733, -11.30258], [154.01231, -11.3032], [154.00981, -11.30374], [154.00974, -11.3039], [154.01023, -11.30427], [154.01114, -11.30465], [154.01648, -11.3057], [154.01746, -11.30603], [154.01961, -11.30718], [154.02154, -11.30789], [154.02286, -11.3082], [154.0245, -11.30826], [154.02692, -11.30803], [154.0277, -11.30774], [154.02919, -11.30593], [154.03167, -11.30415], [154.03193, -11.3036], [154.0315, -11.30296], [154.03107, -11.30285], [154.02746, -11.30336], [154.02411, -11.30347], [154.0212, -11.30329]]], [[[152.277, -11.30246], [152.27698, -11.3022], [152.27668, -11.30198], [152.27613, -11.30211], [152.27592, -11.30263], [152.2761, -11.3027], [152.277, -11.30246]]], [[[152.30113, -11.30384], [152.30166, -11.30327], [152.3021, -11.30241], [152.30201, -11.30116], [152.30156, -11.30083], [152.30093, -11.30073], [152.29868, -11.30139], [152.29837, -11.30204], [152.29852, -11.30247], [152.29914, -11.30316], [152.29984, -11.30378], [152.30055, -11.30406], [152.30113, -11.30384]]], [[[153.27157, -11.301], [153.27145, -11.30043], [153.27103, -11.30027], [153.27088, -11.30045], [153.27134, -11.30102], [153.27157, -11.301]]], [[[154.20222, -11.29218], [154.20154, -11.29202], [154.20052, -11.29217], [154.19955, -11.29298], [154.19925, -11.29373], [154.19569, -11.29794], [154.19451, -11.29883], [154.19245, -11.29973], [154.18476, -11.30107], [154.18355, -11.3016], [154.18095, -11.30234], [154.17635, -11.30166], [154.17423, -11.30183], [154.17004, -11.30282], [154.1691, -11.30289], [154.1671, -11.30291], [154.16524, -11.30269], [154.16311, -11.30178], [154.16069, -11.30102], [154.15972, -11.30088], [154.15806, -11.30123], [154.1547, -11.30339], [154.15389, -11.30338], [154.15294, -11.30286], [154.15244, -11.30176], [154.15218, -11.29865], [154.1515, -11.29841], [154.15048, -11.29849], [154.14863, -11.29937], [154.14668, -11.30076], [154.14463, -11.3026], [154.14344, -11.30429], [154.14313, -11.30474], [154.14298, -11.30534], [154.14304, -11.30683], [154.1437, -11.31172], [154.14385, -11.31516], [154.14364, -11.31576], [154.14298, -11.31659], [154.14235, -11.31691], [154.13966, -11.31705], [154.13869, -11.31725], [154.13779, -11.31732], [154.13595, -11.31799], [154.13277, -11.32078], [154.13183, -11.32213], [154.13146, -11.32321], [154.13141, -11.32628], [154.13102, -11.32706], [154.13046, -11.32762], [154.12892, -11.32819], [154.12721, -11.32787], [154.12618, -11.32714], [154.1256, -11.32651], [154.12507, -11.32558], [154.12436, -11.32332], [154.12439, -11.32093], [154.12535, -11.31973], [154.12615, -11.31929], [154.12749, -11.31904], [154.13012, -11.31793], [154.13098, -11.31734], [154.13245, -11.31587], [154.13545, -11.31452], [154.136, -11.31395], [154.13646, -11.31309], [154.13662, -11.31226], [154.1364, -11.31138], [154.13481, -11.31045], [154.13383, -11.31046], [154.13286, -11.31069], [154.13112, -11.31068], [154.1304, -11.31021], [154.13005, -11.30956], [154.13008, -11.30904], [154.13096, -11.30785], [154.13247, -11.3069], [154.13358, -11.30652], [154.13858, -11.3056], [154.13934, -11.30471], [154.13952, -11.30328], [154.1393, -11.30247], [154.13882, -11.30116], [154.1377, -11.29966], [154.13494, -11.29863], [154.13187, -11.29918], [154.13105, -11.29969], [154.12996, -11.30113], [154.12647, -11.30477], [154.12437, -11.30591], [154.12403, -11.3063], [154.12391, -11.30676], [154.12424, -11.30801], [154.12405, -11.3084], [154.12361, -11.30858], [154.12291, -11.30834], [154.12248, -11.3077], [154.1222, -11.30705], [154.12185, -11.30461], [154.12104, -11.30303], [154.11984, -11.3014], [154.11947, -11.30054], [154.11958, -11.29903], [154.11894, -11.29774], [154.11845, -11.29726], [154.11781, -11.29693], [154.11703, -11.29662], [154.11565, -11.29636], [154.11337, -11.29631], [154.11278, -11.29644], [154.11221, -11.29685], [154.10812, -11.30054], [154.10719, -11.30122], [154.10596, -11.30191], [154.1042, -11.30258], [154.1027, -11.30269], [154.102, -11.30245], [154.10159, -11.30211], [154.10032, -11.29959], [154.0999, -11.29903], [154.09941, -11.29855], [154.09871, -11.29838], [154.09814, -11.2988], [154.09781, -11.29942], [154.0966, -11.304], [154.09509, -11.30494], [154.09152, -11.30609], [154.08979, -11.30654], [154.08786, -11.30659], [154.0843, -11.30502], [154.08317, -11.30426], [154.08127, -11.30065], [154.08061, -11.29981], [154.07854, -11.29875], [154.07644, -11.2986], [154.075, -11.29808], [154.07365, -11.29793], [154.07011, -11.29857], [154.06786, -11.29859], [154.06382, -11.29828], [154.06241, -11.29802], [154.05796, -11.29806], [154.05677, -11.29863], [154.05602, -11.29922], [154.05571, -11.30004], [154.05581, -11.3013], [154.05637, -11.30284], [154.05788, -11.30431], [154.05884, -11.30487], [154.05922, -11.30558], [154.05928, -11.30706], [154.05982, -11.30844], [154.06056, -11.30965], [154.06205, -11.31075], [154.06433, -11.31179], [154.06619, -11.31222], [154.06922, -11.31325], [154.07392, -11.31315], [154.07548, -11.31381], [154.07891, -11.31582], [154.08258, -11.31812], [154.08362, -11.31905], [154.0839, -11.32114], [154.08319, -11.32225], [154.08258, -11.32267], [154.08076, -11.3234], [154.0758, -11.32432], [154.07368, -11.32396], [154.07121, -11.32384], [154.06537, -11.32394], [154.06432, -11.32423], [154.0637, -11.32454], [154.06336, -11.32494], [154.0634, -11.32536], [154.06419, -11.32662], [154.06518, -11.32686], [154.06647, -11.32686], [154.07076, -11.32822], [154.07167, -11.3282], [154.07335, -11.32775], [154.07468, -11.32764], [154.07525, -11.32807], [154.07602, -11.32907], [154.07688, -11.32969], [154.08054, -11.33022], [154.08165, -11.33066], [154.08366, -11.33092], [154.08454, -11.33127], [154.08539, -11.33184], [154.08653, -11.33064], [154.08706, -11.33065], [154.08748, -11.3311], [154.08769, -11.33171], [154.0878, -11.33377], [154.08861, -11.3345], [154.09016, -11.33443], [154.09285, -11.33459], [154.0947, -11.33428], [154.09868, -11.33242], [154.09958, -11.3323], [154.10045, -11.3325], [154.103, -11.3342], [154.10334, -11.33502], [154.10321, -11.33604], [154.10229, -11.33786], [154.10243, -11.33832], [154.10278, -11.33866], [154.1037, -11.33875], [154.10478, -11.33819], [154.1062, -11.33791], [154.10696, -11.33807], [154.11046, -11.34057], [154.11257, -11.34278], [154.12206, -11.3489], [154.12222, -11.34964], [154.12067, -11.35071], [154.11943, -11.35123], [154.11442, -11.35227], [154.11211, -11.35293], [154.11115, -11.35358], [154.11042, -11.35386], [154.109, -11.35413], [154.10712, -11.35407], [154.10491, -11.35456], [154.10281, -11.35457], [154.10101, -11.35481], [154.09931, -11.35564], [154.09683, -11.35742], [154.09638, -11.35846], [154.09539, -11.35881], [154.09415, -11.3588], [154.09213, -11.35827], [154.08556, -11.35387], [154.08478, -11.35367], [154.08262, -11.35268], [154.08145, -11.35282], [154.08105, -11.35323], [154.08123, -11.35509], [154.08186, -11.35684], [154.08205, -11.35794], [154.08061, -11.3607], [154.07924, -11.3616], [154.07761, -11.36194], [154.07541, -11.3619], [154.07397, -11.36207], [154.07316, -11.36192], [154.07247, -11.3614], [154.0704, -11.35637], [154.06974, -11.35553], [154.06907, -11.35521], [154.06838, -11.35521], [154.06755, -11.35565], [154.0665, -11.35779], [154.06636, -11.35876], [154.06557, -11.35956], [154.06397, -11.36032], [154.06245, -11.36071], [154.05988, -11.36017], [154.05687, -11.35872], [154.05421, -11.35795], [154.05228, -11.35599], [154.0484, -11.35439], [154.04722, -11.35443], [154.04663, -11.35501], [154.04641, -11.35566], [154.04677, -11.3587], [154.04645, -11.36206], [154.04397, -11.36517], [154.04314, -11.36544], [154.04172, -11.36519], [154.04039, -11.36402], [154.03972, -11.36297], [154.03719, -11.36216], [154.03557, -11.36139], [154.03375, -11.35947], [154.03256, -11.35861], [154.03177, -11.3582], [154.02819, -11.35724], [154.02371, -11.35495], [154.02312, -11.3543], [154.02278, -11.35205], [154.0219, -11.35043], [154.01966, -11.34796], [154.01829, -11.34495], [154.0146, -11.34111], [154.01353, -11.34051], [154.01215, -11.34062], [154.00862, -11.34196], [154.00573, -11.34208], [154.005, -11.3423], [154.00422, -11.34296], [154.00385, -11.34432], [154.00406, -11.34562], [154.00603, -11.34806], [154.00774, -11.35068], [154.00963, -11.35217], [154.01103, -11.35486], [154.0113, -11.35685], [154.01129, -11.35807], [154.01101, -11.35931], [154.0102, -11.36083], [154.00913, -11.36208], [154.0073, -11.36275], [154.00414, -11.36268], [154.00026, -11.36177], [153.9985, -11.36186], [153.99367, -11.36378], [153.9915, -11.36411], [153.98973, -11.36414], [153.98516, -11.36334], [153.98192, -11.36296], [153.98047, -11.36302], [153.9784, -11.36347], [153.97651, -11.36469], [153.97506, -11.36602], [153.97383, -11.36802], [153.97268, -11.37033], [153.97243, -11.37183], [153.97244, -11.37331], [153.97258, -11.375], [153.97303, -11.37734], [153.97431, -11.38015], [153.97623, -11.38136], [153.97729, -11.38166], [153.98065, -11.38101], [153.98304, -11.38123], [153.98577, -11.38223], [153.98656, -11.38215], [153.98776, -11.38189], [153.98961, -11.38125], [153.99007, -11.38089], [153.99442, -11.37961], [153.99608, -11.37936], [153.99701, -11.3795], [153.99762, -11.38009], [153.9981, -11.38089], [153.99837, -11.38204], [153.99824, -11.3832], [153.99759, -11.38515], [153.9971, -11.3876], [153.99718, -11.38853], [153.99761, -11.38944], [153.99912, -11.39197], [154.00107, -11.39396], [154.00204, -11.39464], [154.0047, -11.39539], [154.00694, -11.39565], [154.00798, -11.39555], [154.009, -11.39498], [154.00988, -11.39406], [154.01057, -11.39272], [154.01107, -11.39053], [154.01135, -11.39025], [154.01186, -11.39036], [154.01228, -11.39114], [154.01245, -11.39241], [154.01182, -11.39638], [154.01123, -11.39952], [154.01015, -11.40132], [154.01013, -11.40227], [154.01024, -11.40298], [154.01118, -11.40473], [154.01631, -11.4095], [154.0182, -11.41052], [154.02196, -11.41197], [154.02402, -11.41334], [154.02536, -11.41565], [154.02574, -11.41591], [154.0267, -11.41573], [154.02739, -11.41577], [154.0296, -11.4167], [154.03305, -11.41714], [154.03546, -11.41672], [154.03639, -11.41622], [154.03742, -11.41596], [154.03828, -11.41596], [154.03901, -11.41654], [154.03955, -11.41732], [154.04012, -11.4177], [154.04131, -11.41807], [154.04537, -11.41843], [154.04703, -11.41876], [154.04846, -11.41914], [154.04959, -11.42008], [154.05498, -11.42017], [154.05727, -11.42081], [154.06096, -11.42138], [154.06341, -11.42221], [154.06688, -11.42187], [154.06834, -11.42273], [154.06877, -11.42316], [154.06918, -11.42327], [154.06998, -11.42292], [154.07268, -11.42242], [154.07524, -11.42247], [154.07746, -11.42225], [154.0809, -11.42102], [154.08257, -11.42002], [154.08391, -11.41834], [154.08605, -11.41632], [154.08753, -11.41413], [154.08922, -11.41094], [154.08953, -11.40949], [154.09012, -11.40866], [154.0906, -11.40848], [154.09128, -11.40885], [154.09324, -11.41069], [154.09409, -11.41226], [154.09399, -11.41369], [154.09335, -11.41559], [154.09245, -11.41702], [154.09128, -11.41761], [154.08751, -11.41834], [154.08564, -11.41927], [154.08465, -11.42042], [154.08457, -11.42114], [154.08463, -11.42191], [154.08514, -11.42372], [154.08605, -11.42429], [154.08724, -11.42477], [154.09192, -11.42468], [154.09491, -11.42409], [154.09798, -11.42285], [154.09943, -11.42202], [154.10406, -11.42044], [154.10487, -11.41981], [154.10501, -11.41887], [154.10467, -11.41819], [154.10376, -11.41762], [154.10286, -11.41633], [154.10303, -11.41575], [154.10511, -11.41387], [154.10609, -11.41352], [154.10983, -11.41421], [154.11118, -11.41404], [154.11199, -11.41333], [154.11387, -11.41076], [154.11407, -11.40875], [154.11399, -11.40691], [154.11342, -11.40517], [154.10937, -11.40065], [154.10838, -11.39916], [154.10733, -11.39689], [154.10724, -11.39576], [154.10788, -11.39488], [154.10828, -11.39433], [154.10909, -11.39099], [154.11035, -11.38967], [154.11181, -11.38899], [154.11346, -11.38893], [154.1142, -11.38909], [154.11538, -11.39027], [154.11654, -11.3921], [154.11784, -11.39299], [154.12089, -11.39774], [154.12225, -11.40026], [154.12421, -11.40527], [154.1252, -11.40676], [154.1276, -11.40963], [154.12836, -11.411], [154.12921, -11.4152], [154.12996, -11.4155], [154.13067, -11.41452], [154.13119, -11.4129], [154.13164, -11.4123], [154.13382, -11.41156], [154.13672, -11.4109], [154.13936, -11.40969], [154.14072, -11.40859], [154.14276, -11.40629], [154.14348, -11.40623], [154.1442, -11.4071], [154.14484, -11.40869], [154.14544, -11.40906], [154.14594, -11.40896], [154.14753, -11.40726], [154.1509, -11.40429], [154.15111, -11.40363], [154.15121, -11.40213], [154.15103, -11.40125], [154.14924, -11.39945], [154.14859, -11.39839], [154.1484, -11.39735], [154.1486, -11.39638], [154.14863, -11.39466], [154.14819, -11.39316], [154.14797, -11.39134], [154.14851, -11.38844], [154.14883, -11.38732], [154.14954, -11.38719], [154.15088, -11.38944], [154.15172, -11.39015], [154.15322, -11.39082], [154.15462, -11.39199], [154.15599, -11.39736], [154.15656, -11.39903], [154.15729, -11.40004], [154.15882, -11.4002], [154.16223, -11.39957], [154.1653, -11.40182], [154.16779, -11.40336], [154.1695, -11.40462], [154.17148, -11.40503], [154.17327, -11.40574], [154.1756, -11.40513], [154.17625, -11.40477], [154.17849, -11.40373], [154.17909, -11.40329], [154.18057, -11.40285], [154.18121, -11.40245], [154.18161, -11.40193], [154.18179, -11.40097], [154.18176, -11.3979], [154.18213, -11.39716], [154.18307, -11.39716], [154.18771, -11.39843], [154.18827, -11.39824], [154.18951, -11.39572], [154.19037, -11.3948], [154.19106, -11.39438], [154.19229, -11.39404], [154.19318, -11.39379], [154.19607, -11.39384], [154.19706, -11.39362], [154.19806, -11.39262], [154.19871, -11.39247], [154.19916, -11.39288], [154.19864, -11.39627], [154.19909, -11.39731], [154.20129, -11.39791], [154.20205, -11.39996], [154.20207, -11.40121], [154.20292, -11.40223], [154.20453, -11.4032], [154.20777, -11.40429], [154.21144, -11.40449], [154.21475, -11.40431], [154.21847, -11.40511], [154.22314, -11.40507], [154.22446, -11.40579], [154.22581, -11.40654], [154.22711, -11.40778], [154.22843, -11.40834], [154.23438, -11.40938], [154.23579, -11.40994], [154.23685, -11.41077], [154.24099, -11.41423], [154.24297, -11.41549], [154.24636, -11.4164], [154.24751, -11.4169], [154.24859, -11.41819], [154.24923, -11.41873], [154.2501, -11.41891], [154.25202, -11.41851], [154.25411, -11.41708], [154.2557, -11.41569], [154.25789, -11.41342], [154.25952, -11.41253], [154.26191, -11.41159], [154.26401, -11.41024], [154.26575, -11.40859], [154.26695, -11.40656], [154.26986, -11.40582], [154.27082, -11.40507], [154.2741, -11.40456], [154.27574, -11.40393], [154.27715, -11.40238], [154.27899, -11.39787], [154.28009, -11.39678], [154.28328, -11.39471], [154.28385, -11.39332], [154.28363, -11.38771], [154.28315, -11.3849], [154.28336, -11.3832], [154.28363, -11.38267], [154.28431, -11.38136], [154.28453, -11.37983], [154.28451, -11.37866], [154.28399, -11.37643], [154.28224, -11.37372], [154.28099, -11.37105], [154.27983, -11.36929], [154.27721, -11.36749], [154.27545, -11.36649], [154.2753, -11.36641], [154.27209, -11.36357], [154.27032, -11.36371], [154.26883, -11.36425], [154.26796, -11.36398], [154.26841, -11.36328], [154.26938, -11.36261], [154.27157, -11.36243], [154.27404, -11.36249], [154.27559, -11.36161], [154.27571, -11.36009], [154.27663, -11.35884], [154.27671, -11.35766], [154.27637, -11.3557], [154.27321, -11.3524], [154.27271, -11.35042], [154.27222, -11.3455], [154.27155, -11.34253], [154.26862, -11.3358], [154.26745, -11.33497], [154.26423, -11.33514], [154.26372, -11.33395], [154.26369, -11.33184], [154.26338, -11.3307], [154.26285, -11.32965], [154.26221, -11.32905], [154.26012, -11.32777], [154.25768, -11.32673], [154.25576, -11.32484], [154.2541, -11.3225], [154.25329, -11.32169], [154.25174, -11.32072], [154.25035, -11.31996], [154.24705, -11.31914], [154.24421, -11.31863], [154.24346, -11.31804], [154.24208, -11.31692], [154.23899, -11.31513], [154.23509, -11.31333], [154.23131, -11.31218], [154.22859, -11.31043], [154.22728, -11.30879], [154.2262, -11.30816], [154.22559, -11.30791], [154.22375, -11.30798], [154.22308, -11.30782], [154.2227, -11.30749], [154.22305, -11.30564], [154.22359, -11.30422], [154.22394, -11.30302], [154.22408, -11.30113], [154.22388, -11.30049], [154.22333, -11.30009], [154.2229, -11.30027], [154.22186, -11.30188], [154.22124, -11.30244], [154.2204, -11.30294], [154.21846, -11.30353], [154.21611, -11.30358], [154.21506, -11.30337], [154.21181, -11.3024], [154.21044, -11.30185], [154.2099, -11.30146], [154.20987, -11.3011], [154.21056, -11.30053], [154.21241, -11.30075], [154.21358, -11.30051], [154.21391, -11.30012], [154.2144, -11.29892], [154.21471, -11.29722], [154.21433, -11.29623], [154.21114, -11.29416], [154.21073, -11.29368], [154.2104, -11.29233], [154.20995, -11.29222], [154.20843, -11.29263], [154.20746, -11.29336], [154.20616, -11.29361], [154.20222, -11.29218]]], [[[153.2567, -11.29312], [153.25495, -11.29183], [153.2539, -11.29157], [153.25066, -11.29229], [153.24859, -11.29313], [153.2462, -11.29324], [153.24342, -11.29257], [153.24323, -11.29299], [153.24334, -11.29341], [153.24594, -11.29505], [153.24701, -11.29635], [153.24757, -11.29739], [153.24795, -11.30005], [153.24824, -11.30111], [153.24892, -11.30238], [153.24929, -11.30452], [153.24866, -11.30742], [153.2479, -11.30866], [153.24746, -11.30917], [153.24672, -11.30936], [153.24182, -11.30994], [153.23874, -11.30926], [153.23779, -11.3094], [153.23685, -11.31005], [153.23376, -11.31325], [153.23335, -11.3142], [153.23329, -11.31481], [153.23396, -11.31544], [153.23474, -11.31575], [153.23859, -11.31529], [153.24124, -11.31583], [153.24209, -11.31658], [153.24255, -11.31722], [153.24315, -11.31833], [153.24379, -11.32038], [153.24472, -11.3213], [153.24529, -11.32109], [153.24581, -11.32026], [153.2456, -11.31852], [153.24502, -11.31765], [153.2449, -11.31654], [153.24594, -11.31534], [153.24662, -11.31522], [153.2488, -11.31414], [153.25054, -11.31353], [153.25347, -11.31148], [153.25505, -11.30986], [153.25566, -11.30703], [153.25693, -11.30578], [153.25818, -11.3042], [153.26133, -11.30138], [153.26166, -11.30034], [153.26145, -11.2994], [153.26069, -11.29763], [153.25908, -11.29544], [153.2567, -11.29312]]], [[[153.10233, -11.27716], [153.1022, -11.27677], [153.10191, -11.2764], [153.10149, -11.27652], [153.10121, -11.27733], [153.10133, -11.27761], [153.10202, -11.27774], [153.10233, -11.27716]]], [[[152.37272, -11.28059], [152.37464, -11.27974], [152.37534, -11.2791], [152.37604, -11.27835], [152.37692, -11.27632], [152.37692, -11.27577], [152.3763, -11.27547], [152.37467, -11.27602], [152.37299, -11.27739], [152.37204, -11.27789], [152.37079, -11.27822], [152.37011, -11.27858], [152.36966, -11.27905], [152.36952, -11.27976], [152.37051, -11.28071], [152.37147, -11.28084], [152.37272, -11.28059]]], [[[152.35584, -11.28468], [152.35675, -11.2844], [152.35862, -11.28328], [152.35982, -11.28207], [152.36015, -11.28137], [152.36041, -11.2801], [152.36034, -11.27829], [152.35975, -11.2752], [152.35875, -11.274], [152.35785, -11.27424], [152.35753, -11.27448], [152.35524, -11.27665], [152.35437, -11.27848], [152.35378, -11.28067], [152.35321, -11.28331], [152.35346, -11.28395], [152.35448, -11.28472], [152.35584, -11.28468]]], [[[152.39028, -11.27656], [152.39095, -11.27647], [152.39171, -11.27602], [152.39204, -11.27565], [152.39232, -11.27523], [152.39244, -11.27468], [152.39217, -11.27423], [152.39163, -11.27391], [152.39075, -11.27382], [152.38874, -11.27408], [152.38475, -11.27536], [152.38281, -11.27542], [152.38275, -11.27566], [152.38313, -11.27599], [152.38416, -11.2765], [152.38728, -11.27682], [152.38915, -11.27684], [152.39028, -11.27656]]], [[[152.13902, -11.26105], [152.13954, -11.2605], [152.14007, -11.25949], [152.14077, -11.25809], [152.14107, -11.25705], [152.14103, -11.25584], [152.13909, -11.24883], [152.13854, -11.24762], [152.1377, -11.24708], [152.13692, -11.24732], [152.13658, -11.24781], [152.13593, -11.24916], [152.13489, -11.25234], [152.13471, -11.253], [152.13477, -11.25388], [152.13543, -11.25583], [152.13633, -11.25781], [152.1369, -11.25971], [152.13743, -11.26061], [152.1378, -11.26109], [152.13828, -11.26124], [152.13902, -11.26105]]], [[[153.10057, -11.24642], [153.09966, -11.2456], [153.0989, -11.24544], [153.09808, -11.24576], [153.09742, -11.24624], [153.09617, -11.24654], [153.09452, -11.24646], [153.09203, -11.24591], [153.09156, -11.24605], [153.09128, -11.24654], [153.09141, -11.24748], [153.09632, -11.25325], [153.09726, -11.25507], [153.09837, -11.25777], [153.09917, -11.26054], [153.09924, -11.26211], [153.09841, -11.2626], [153.09731, -11.26394], [153.09465, -11.2653], [153.09428, -11.26606], [153.09458, -11.26714], [153.09538, -11.2685], [153.09609, -11.26881], [153.09639, -11.26916], [153.09734, -11.26909], [153.09846, -11.26843], [153.1007, -11.26521], [153.10199, -11.26464], [153.10416, -11.26453], [153.10478, -11.26427], [153.10509, -11.26346], [153.10472, -11.26217], [153.10358, -11.25979], [153.103, -11.25779], [153.10277, -11.2556], [153.10299, -11.25222], [153.10272, -11.24946], [153.10179, -11.24774], [153.10057, -11.24642]]], [[[153.10151, -11.2413], [153.10163, -11.24088], [153.10151, -11.23999], [153.10091, -11.2392], [153.10027, -11.23909], [153.09965, -11.23929], [153.09947, -11.23983], [153.09965, -11.2406], [153.10019, -11.24146], [153.10079, -11.24162], [153.10151, -11.2413]]], [[[152.17676, -11.2431], [152.1769, -11.24197], [152.17661, -11.24024], [152.17628, -11.2394], [152.17562, -11.23877], [152.17513, -11.23862], [152.1746, -11.23878], [152.17436, -11.23901], [152.1742, -11.23988], [152.17521, -11.24156], [152.17592, -11.24284], [152.17641, -11.2432], [152.17676, -11.2431]]], [[[153.10861, -11.23301], [153.10844, -11.23212], [153.10806, -11.23135], [153.10692, -11.23115], [153.10617, -11.23153], [153.10611, -11.23212], [153.10661, -11.2331], [153.10713, -11.23348], [153.10819, -11.2335], [153.10861, -11.23301]]], [[[153.09402, -11.21261], [153.09465, -11.21113], [153.09446, -11.20871], [153.09379, -11.20772], [153.09284, -11.2071], [153.09203, -11.20716], [153.09136, -11.20759], [153.09036, -11.20987], [153.08997, -11.21183], [153.09037, -11.2125], [153.09088, -11.21296], [153.09303, -11.21303], [153.09402, -11.21261]]], [[[152.02907, -11.19191], [152.03052, -11.19121], [152.03141, -11.19052], [152.03267, -11.18862], [152.03288, -11.18793], [152.03275, -11.18625], [152.03235, -11.18539], [152.03188, -11.18488], [152.03108, -11.18443], [152.03008, -11.18413], [152.02939, -11.18409], [152.02895, -11.18438], [152.02837, -11.18526], [152.0279, -11.18639], [152.02768, -11.1875], [152.02846, -11.19048], [152.02848, -11.19128], [152.02817, -11.19239], [152.02828, -11.19264], [152.02907, -11.19191]]], [[[152.01686, -11.18525], [152.01731, -11.18505], [152.01746, -11.18478], [152.0174, -11.18445], [152.01647, -11.18342], [152.01479, -11.18262], [152.01315, -11.18303], [152.01268, -11.18353], [152.01236, -11.18447], [152.01265, -11.18492], [152.01409, -11.18541], [152.01516, -11.18545], [152.01686, -11.18525]]], [[[151.99612, -11.18473], [151.99668, -11.18419], [151.99669, -11.18357], [151.99434, -11.18116], [151.99317, -11.18101], [151.99113, -11.18103], [151.99103, -11.18217], [151.99231, -11.18303], [151.99553, -11.18473], [151.99612, -11.18473]]], [[[153.11908, -11.18268], [153.11568, -11.17967], [153.11475, -11.17909], [153.11335, -11.17912], [153.11242, -11.17941], [153.10666, -11.18297], [153.1047, -11.18341], [153.10219, -11.18331], [153.09988, -11.18298], [153.0968, -11.18219], [153.09588, -11.18168], [153.09451, -11.18019], [153.0932, -11.17934], [153.09172, -11.17931], [153.09064, -11.17961], [153.08822, -11.18104], [153.08636, -11.18377], [153.08607, -11.18708], [153.08572, -11.18869], [153.08499, -11.18986], [153.08356, -11.19101], [153.08178, -11.19181], [153.07999, -11.19233], [153.0784, -11.19307], [153.07729, -11.19385], [153.07672, -11.19455], [153.07654, -11.19525], [153.07676, -11.19613], [153.07715, -11.19656], [153.07808, -11.19695], [153.07934, -11.19709], [153.08137, -11.19759], [153.08278, -11.19764], [153.08559, -11.19661], [153.08736, -11.19571], [153.08869, -11.19565], [153.09213, -11.1967], [153.09307, -11.19717], [153.09386, -11.19777], [153.09547, -11.19989], [153.09645, -11.20051], [153.09724, -11.20153], [153.09811, -11.20463], [153.10053, -11.20665], [153.10132, -11.208], [153.10252, -11.21034], [153.10374, -11.21453], [153.10359, -11.21555], [153.1031, -11.21628], [153.10132, -11.21811], [153.10075, -11.22083], [153.10001, -11.22278], [153.09767, -11.22649], [153.09624, -11.22764], [153.09574, -11.22842], [153.09568, -11.22947], [153.09624, -11.2304], [153.09716, -11.23134], [153.09995, -11.23315], [153.10072, -11.23393], [153.10151, -11.23592], [153.10173, -11.2374], [153.10239, -11.23781], [153.10282, -11.23791], [153.10392, -11.23748], [153.10515, -11.23509], [153.10543, -11.23381], [153.10503, -11.2327], [153.10389, -11.23083], [153.10437, -11.22919], [153.10437, -11.2278], [153.10399, -11.22574], [153.10357, -11.22444], [153.10357, -11.22347], [153.10379, -11.22272], [153.10419, -11.22241], [153.10513, -11.22216], [153.11199, -11.22339], [153.11351, -11.22383], [153.11723, -11.2241], [153.11793, -11.22443], [153.11858, -11.22508], [153.11921, -11.22632], [153.11998, -11.22717], [153.12136, -11.22814], [153.12486, -11.23014], [153.12599, -11.231], [153.12765, -11.23275], [153.12892, -11.23406], [153.13377, -11.23649], [153.13515, -11.23779], [153.13669, -11.24041], [153.13691, -11.24169], [153.13684, -11.24302], [153.13664, -11.24361], [153.13597, -11.24401], [153.13433, -11.24447], [153.13306, -11.24505], [153.13274, -11.24555], [153.13273, -11.247], [153.13587, -11.24862], [153.13773, -11.24984], [153.13909, -11.25049], [153.14014, -11.25061], [153.14143, -11.2497], [153.14457, -11.24622], [153.14537, -11.246], [153.14637, -11.24626], [153.14737, -11.24706], [153.14807, -11.24818], [153.14862, -11.24976], [153.14915, -11.25074], [153.14957, -11.25104], [153.15055, -11.25106], [153.15164, -11.25058], [153.1532, -11.25028], [153.15458, -11.25042], [153.15767, -11.25109], [153.15941, -11.2514], [153.16413, -11.25152], [153.16647, -11.25217], [153.16911, -11.25335], [153.17144, -11.25513], [153.17275, -11.2572], [153.17287, -11.25789], [153.17327, -11.25884], [153.17477, -11.26046], [153.17662, -11.26155], [153.17803, -11.26318], [153.17971, -11.26479], [153.18204, -11.2662], [153.18344, -11.2677], [153.18455, -11.26958], [153.18518, -11.27127], [153.18567, -11.27303], [153.18593, -11.2748], [153.18537, -11.27588], [153.18355, -11.27691], [153.181, -11.27728], [153.17943, -11.27697], [153.17782, -11.27657], [153.17179, -11.27584], [153.16952, -11.27518], [153.16855, -11.27505], [153.16788, -11.27522], [153.16764, -11.2755], [153.16787, -11.27612], [153.17069, -11.27778], [153.17202, -11.27909], [153.173, -11.28043], [153.17352, -11.28149], [153.17673, -11.28356], [153.17845, -11.28484], [153.18073, -11.28587], [153.18346, -11.28655], [153.18574, -11.28753], [153.18714, -11.28858], [153.18785, -11.28987], [153.18827, -11.29229], [153.18906, -11.29288], [153.19189, -11.29243], [153.19311, -11.29239], [153.19538, -11.29333], [153.19672, -11.2942], [153.19793, -11.29406], [153.19925, -11.29354], [153.20072, -11.29251], [153.20226, -11.29192], [153.20589, -11.29206], [153.20704, -11.29188], [153.20789, -11.29126], [153.20798, -11.29065], [153.20703, -11.28929], [153.20603, -11.28849], [153.2049, -11.28598], [153.20205, -11.28078], [153.20166, -11.27942], [153.20196, -11.27777], [153.20237, -11.27649], [153.20323, -11.2755], [153.204, -11.27507], [153.20796, -11.27477], [153.21003, -11.27494], [153.2148, -11.27622], [153.21653, -11.27638], [153.22056, -11.2755], [153.22226, -11.27527], [153.22331, -11.27495], [153.22522, -11.2736], [153.22712, -11.27127], [153.22962, -11.26874], [153.2303, -11.2674], [153.23132, -11.26636], [153.23265, -11.26594], [153.23427, -11.26581], [153.23702, -11.26612], [153.2388, -11.2656], [153.24052, -11.26431], [153.24287, -11.26219], [153.24419, -11.2602], [153.24467, -11.25878], [153.24424, -11.25801], [153.24329, -11.25707], [153.24347, -11.2556], [153.24289, -11.2539], [153.24183, -11.25267], [153.23845, -11.25081], [153.2371, -11.25055], [153.23099, -11.25011], [153.22727, -11.2496], [153.2258, -11.24971], [153.22333, -11.24924], [153.22151, -11.24858], [153.21866, -11.24414], [153.21678, -11.24174], [153.21405, -11.23977], [153.20882, -11.23507], [153.20766, -11.23349], [153.20232, -11.23011], [153.194, -11.22598], [153.18929, -11.22409], [153.18372, -11.22349], [153.17649, -11.22244], [153.17473, -11.22163], [153.17282, -11.21973], [153.17096, -11.21668], [153.17034, -11.21527], [153.16818, -11.2131], [153.16442, -11.20837], [153.16387, -11.20791], [153.16264, -11.20727], [153.1597, -11.20648], [153.1578, -11.2056], [153.15659, -11.20344], [153.15539, -11.20168], [153.15342, -11.20095], [153.14776, -11.20117], [153.14467, -11.20111], [153.14087, -11.20053], [153.13907, -11.20008], [153.13746, -11.1994], [153.13231, -11.19849], [153.13129, -11.19769], [153.12993, -11.19532], [153.12907, -11.19466], [153.12826, -11.19472], [153.1277, -11.19513], [153.12724, -11.19581], [153.12644, -11.19595], [153.12583, -11.19556], [153.12532, -11.19], [153.1247, -11.18779], [153.12372, -11.18648], [153.1222, -11.18492], [153.11908, -11.18268]]], [[[151.34216, -11.17786], [151.34239, -11.17747], [151.34227, -11.17702], [151.34181, -11.17676], [151.34123, -11.17676], [151.34094, -11.17734], [151.34182, -11.17791], [151.34216, -11.17786]]], [[[151.80564, -11.17947], [151.80708, -11.1783], [151.80794, -11.17657], [151.80793, -11.17541], [151.80501, -11.17544], [151.803, -11.17719], [151.80301, -11.17805], [151.80419, -11.17949], [151.80564, -11.17947]]], [[[153.08884, -11.17861], [153.08896, -11.17822], [153.08881, -11.17762], [153.08783, -11.17661], [153.08576, -11.17521], [153.08524, -11.17529], [153.08524, -11.17582], [153.0857, -11.17682], [153.08704, -11.17874], [153.08788, -11.17911], [153.08884, -11.17861]]], [[[151.95556, -11.17679], [151.95609, -11.17638], [151.95642, -11.17563], [151.95641, -11.17476], [151.95588, -11.17461], [151.95525, -11.17478], [151.95468, -11.17623], [151.95498, -11.1768], [151.95556, -11.17679]]], [[[152.9516, -11.17771], [152.95196, -11.17685], [152.9519, -11.17578], [152.9511, -11.17463], [152.94998, -11.17433], [152.9495, -11.17481], [152.94977, -11.17746], [152.95058, -11.17791], [152.9516, -11.17771]]], [[[151.81682, -11.17462], [151.81694, -11.17388], [151.81621, -11.17345], [151.8146, -11.17332], [151.81431, -11.17361], [151.81432, -11.17391], [151.81637, -11.17533], [151.81682, -11.17462]]], [[[151.97358, -11.17401], [151.97373, -11.17358], [151.97357, -11.17285], [151.97239, -11.172], [151.97104, -11.17186], [151.97007, -11.17202], [151.96974, -11.17246], [151.96978, -11.17289], [151.97096, -11.17403], [151.97242, -11.17431], [151.97358, -11.17401]]], [[[152.96945, -11.17497], [152.97003, -11.17429], [152.97017, -11.17338], [152.97005, -11.1723], [152.96943, -11.17149], [152.96821, -11.1705], [152.96728, -11.17009], [152.96639, -11.17011], [152.9654, -11.17046], [152.96443, -11.17104], [152.96371, -11.17167], [152.96371, -11.17197], [152.96423, -11.17279], [152.96609, -11.17406], [152.96791, -11.17483], [152.96881, -11.17502], [152.96945, -11.17497]]], [[[152.94828, -11.17319], [152.94921, -11.17274], [152.94946, -11.17176], [152.94931, -11.17069], [152.94871, -11.16959], [152.9478, -11.16864], [152.9462, -11.16793], [152.94392, -11.16753], [152.9382, -11.16765], [152.93731, -11.16826], [152.93684, -11.1688], [152.93613, -11.17054], [152.9353, -11.1714], [152.93465, -11.17174], [152.93238, -11.17238], [152.93155, -11.17283], [152.93066, -11.17378], [152.93023, -11.17454], [152.93015, -11.17519], [152.93038, -11.17648], [152.93179, -11.17808], [152.93244, -11.17864], [152.93293, -11.17873], [152.93394, -11.1784], [152.93428, -11.17787], [152.93435, -11.1771], [152.93513, -11.17628], [152.9362, -11.17594], [152.93766, -11.17577], [152.93823, -11.17554], [152.93968, -11.17441], [152.94025, -11.17424], [152.94135, -11.17428], [152.94301, -11.17409], [152.94481, -11.17332], [152.94598, -11.1733], [152.94702, -11.17347], [152.94828, -11.17319]]], [[[152.87605, -11.16504], [152.87635, -11.16402], [152.87618, -11.16308], [152.87598, -11.16307], [152.87526, -11.16355], [152.87506, -11.16387], [152.87509, -11.16494], [152.87524, -11.16504], [152.87605, -11.16504]]], [[[152.92478, -11.15993], [152.92449, -11.15925], [152.92393, -11.15901], [152.92323, -11.15909], [152.92135, -11.1606], [152.9202, -11.16066], [152.9179, -11.15927], [152.91709, -11.15927], [152.91635, -11.16044], [152.91546, -11.16143], [152.91524, -11.1624], [152.91597, -11.16387], [152.91651, -11.16637], [152.91588, -11.16769], [152.91461, -11.16845], [152.91234, -11.16777], [152.91028, -11.16735], [152.90923, -11.16666], [152.9084, -11.16549], [152.90811, -11.16424], [152.90865, -11.1613], [152.90857, -11.16061], [152.9079, -11.16028], [152.90529, -11.15987], [152.90424, -11.16001], [152.9036, -11.16047], [152.90342, -11.16154], [152.90406, -11.16417], [152.90566, -11.16825], [152.90686, -11.17045], [152.90764, -11.17141], [152.90873, -11.17222], [152.91052, -11.17291], [152.91294, -11.17355], [152.91467, -11.17462], [152.91665, -11.17695], [152.91786, -11.17776], [152.91913, -11.17945], [152.91992, -11.18149], [152.91977, -11.18341], [152.92132, -11.18431], [152.92229, -11.18437], [152.92373, -11.18375], [152.92459, -11.1828], [152.92881, -11.17876], [152.92909, -11.17816], [152.92891, -11.17754], [152.92819, -11.17734], [152.92695, -11.17756], [152.9246, -11.17761], [152.92416, -11.17723], [152.92394, -11.17607], [152.92409, -11.17398], [152.92379, -11.17302], [152.92416, -11.16955], [152.92469, -11.16846], [152.92576, -11.16689], [152.9277, -11.16445], [152.92765, -11.16388], [152.92709, -11.16364], [152.92627, -11.16351], [152.92535, -11.16367], [152.92479, -11.16352], [152.92449, -11.16253], [152.92475, -11.16171], [152.92478, -11.15993]]], [[[152.89166, -11.1595], [152.89182, -11.15911], [152.89133, -11.15884], [152.89111, -11.15891], [152.89031, -11.15929], [152.89087, -11.15963], [152.89166, -11.1595]]], [[[151.37514, -11.16004], [151.37542, -11.15917], [151.37514, -11.15896], [151.37493, -11.15881], [151.37455, -11.15889], [151.3743, -11.1594], [151.37427, -11.16005], [151.37469, -11.16021], [151.37514, -11.16004]]], [[[152.90205, -11.15998], [152.90264, -11.15842], [152.90316, -11.1565], [152.90373, -11.15258], [152.90302, -11.15148], [152.90227, -11.15092], [152.90141, -11.15076], [152.90049, -11.15098], [152.89983, -11.15149], [152.89937, -11.1526], [152.89914, -11.15377], [152.89939, -11.15699], [152.89992, -11.1588], [152.90079, -11.15996], [152.90156, -11.16034], [152.90205, -11.15998]]], [[[151.66998, -11.15165], [151.67009, -11.1513], [151.66978, -11.15042], [151.66938, -11.15021], [151.66851, -11.15022], [151.66826, -11.15064], [151.66823, -11.15167], [151.66945, -11.15177], [151.66998, -11.15165]]], [[[152.79022, -11.1558], [152.791, -11.15422], [152.7912, -11.15331], [152.79093, -11.15259], [152.79003, -11.15197], [152.7891, -11.15167], [152.78764, -11.14999], [152.78693, -11.14983], [152.78615, -11.15005], [152.78032, -11.15607], [152.77904, -11.15669], [152.77858, -11.15672], [152.77761, -11.1568], [152.77656, -11.1564], [152.77572, -11.1552], [152.77522, -11.15345], [152.77449, -11.1524], [152.77347, -11.15147], [152.77112, -11.15075], [152.77002, -11.15099], [152.76919, -11.15137], [152.7686, -11.15199], [152.7685, -11.15279], [152.76909, -11.15559], [152.77069, -11.15763], [152.77231, -11.16141], [152.77305, -11.16209], [152.77384, -11.16266], [152.77505, -11.16236], [152.77901, -11.1607], [152.7817, -11.16018], [152.78361, -11.15998], [152.78782, -11.15798], [152.78889, -11.15722], [152.79022, -11.1558]]], [[[153.01176, -11.14989], [153.01184, -11.14959], [153.0115, -11.14911], [153.01004, -11.14932], [153.00841, -11.15], [153.00591, -11.15069], [153.00453, -11.15079], [153.00023, -11.15042], [152.99883, -11.15077], [152.99634, -11.15217], [152.9947, -11.15335], [152.99378, -11.1543], [152.99161, -11.15517], [152.99126, -11.1559], [152.99125, -11.15711], [152.99163, -11.15809], [152.99288, -11.1591], [152.99358, -11.16081], [152.99373, -11.16371], [152.99357, -11.16665], [152.99317, -11.16879], [152.99293, -11.17159], [152.99328, -11.17282], [152.99452, -11.17433], [152.99454, -11.17519], [152.9938, -11.17555], [152.99138, -11.17593], [152.98964, -11.17641], [152.98707, -11.18008], [152.98543, -11.18071], [152.9847, -11.18103], [152.98318, -11.18128], [152.97911, -11.18129], [152.97453, -11.18012], [152.97269, -11.18001], [152.97173, -11.18074], [152.97117, -11.18209], [152.96999, -11.18399], [152.96942, -11.18524], [152.96952, -11.1871], [152.97008, -11.18781], [152.97135, -11.18837], [152.97833, -11.1897], [152.98033, -11.19056], [152.98153, -11.19087], [152.98444, -11.19096], [152.98771, -11.19237], [152.99243, -11.19272], [152.99393, -11.19306], [152.99533, -11.19396], [152.99631, -11.19489], [152.99674, -11.19572], [152.9967, -11.20345], [152.99709, -11.20397], [152.99802, -11.20416], [152.99999, -11.20325], [153.00074, -11.20229], [153.00373, -11.19824], [153.00405, -11.1964], [153.00494, -11.19402], [153.00561, -11.19291], [153.00625, -11.19251], [153.00695, -11.1924], [153.00745, -11.19282], [153.0082, -11.19398], [153.0089, -11.19453], [153.00943, -11.19544], [153.01087, -11.19896], [153.01343, -11.20038], [153.01448, -11.20141], [153.0153, -11.20285], [153.01565, -11.20398], [153.01636, -11.20534], [153.01773, -11.20655], [153.01865, -11.20784], [153.01969, -11.21078], [153.02094, -11.21245], [153.02154, -11.21235], [153.02201, -11.21116], [153.0237, -11.20927], [153.02505, -11.20826], [153.02756, -11.2081], [153.02983, -11.20913], [153.0312, -11.20898], [153.036, -11.20645], [153.03651, -11.20586], [153.03675, -11.20503], [153.03631, -11.20401], [153.03545, -11.20337], [153.03456, -11.20308], [153.03356, -11.20336], [153.03289, -11.20462], [153.03235, -11.20486], [153.03146, -11.20447], [153.02868, -11.20084], [153.02686, -11.19777], [153.02559, -11.19515], [153.02419, -11.19299], [153.02399, -11.1917], [153.02669, -11.18897], [153.0291, -11.18718], [153.0324, -11.18605], [153.03548, -11.18435], [153.03695, -11.18299], [153.03764, -11.18188], [153.03806, -11.18084], [153.03796, -11.18019], [153.03701, -11.17784], [153.03689, -11.17624], [153.03634, -11.17502], [153.03693, -11.17408], [153.03802, -11.17303], [153.03762, -11.16848], [153.03703, -11.16616], [153.03722, -11.16501], [153.03773, -11.16442], [153.03972, -11.16442], [153.04047, -11.16421], [153.0425, -11.1628], [153.04268, -11.16188], [153.04223, -11.16071], [153.04042, -11.16029], [153.03995, -11.15957], [153.04026, -11.15889], [153.04075, -11.15866], [153.04353, -11.1591], [153.04426, -11.15859], [153.04521, -11.15761], [153.04564, -11.15602], [153.04567, -11.15441], [153.04492, -11.15321], [153.04381, -11.15274], [153.04279, -11.15276], [153.04042, -11.15244], [153.03745, -11.15085], [153.03548, -11.15009], [153.03354, -11.14979], [153.02872, -11.14945], [153.02462, -11.15042], [153.02323, -11.15027], [153.02147, -11.14985], [153.02, -11.14931], [153.01905, -11.14963], [153.01809, -11.15031], [153.01788, -11.15088], [153.01795, -11.15248], [153.01866, -11.15505], [153.01857, -11.15586], [153.01702, -11.15618], [153.01553, -11.15609], [153.01428, -11.15573], [153.01295, -11.15497], [153.01218, -11.15493], [153.01155, -11.15609], [153.01136, -11.15684], [153.0108, -11.15689], [153.00983, -11.15626], [153.00932, -11.15494], [153.00942, -11.15412], [153.00989, -11.1527], [153.01176, -11.14989]]], [[[152.69323, -11.1517], [152.69368, -11.15081], [152.69354, -11.14893], [152.69327, -11.14826], [152.69294, -11.14792], [152.6919, -11.14799], [152.69174, -11.14847], [152.69191, -11.14936], [152.69227, -11.15034], [152.69231, -11.15147], [152.69257, -11.15182], [152.69323, -11.1517]]], [[[152.82245, -11.15824], [152.82511, -11.15746], [152.82722, -11.15646], [152.82952, -11.15592], [152.83074, -11.15588], [152.83098, -11.15555], [152.83064, -11.15241], [152.8308, -11.1504], [152.83093, -11.14923], [152.83108, -11.1478], [152.83066, -11.14719], [152.82997, -11.14714], [152.82855, -11.14883], [152.8265, -11.15061], [152.82301, -11.1524], [152.8203, -11.15661], [152.82054, -11.15764], [152.82154, -11.15825], [152.82245, -11.15824]]], [[[152.87012, -11.16728], [152.87231, -11.16581], [152.8732, -11.16502], [152.87439, -11.16338], [152.87431, -11.16237], [152.87399, -11.16189], [152.87282, -11.16151], [152.86916, -11.16098], [152.86816, -11.16041], [152.86783, -11.15949], [152.86765, -11.15799], [152.86732, -11.1568], [152.86727, -11.15563], [152.8675, -11.15484], [152.86822, -11.15374], [152.87028, -11.15127], [152.87168, -11.15028], [152.87272, -11.14931], [152.87341, -11.14756], [152.87343, -11.14613], [152.87327, -11.14549], [152.87283, -11.14518], [152.87203, -11.14519], [152.87159, -11.14576], [152.87067, -11.14854], [152.86995, -11.14962], [152.86705, -11.15165], [152.86653, -11.15207], [152.86532, -11.15218], [152.86402, -11.15266], [152.86164, -11.15437], [152.86144, -11.15549], [152.86184, -11.15821], [152.8624, -11.16015], [152.86307, -11.16173], [152.86404, -11.16296], [152.86624, -11.16496], [152.86857, -11.16718], [152.8694, -11.16744], [152.87012, -11.16728]]], [[[153.08637, -11.14892], [153.08336, -11.147], [153.07958, -11.14538], [153.07798, -11.14511], [153.07588, -11.14542], [153.07472, -11.1458], [153.07417, -11.14638], [153.07363, -11.14705], [153.07331, -11.14791], [153.07271, -11.14854], [153.07205, -11.14893], [153.07054, -11.14924], [153.06888, -11.14878], [153.06697, -11.1478], [153.06493, -11.14761], [153.06382, -11.14784], [153.06234, -11.14849], [153.06136, -11.1493], [153.0606, -11.15009], [153.05922, -11.15099], [153.0587, -11.15126], [153.058, -11.15142], [153.0572, -11.15153], [153.05565, -11.1517], [153.05443, -11.15181], [153.05347, -11.15189], [153.05293, -11.15201], [153.05243, -11.15222], [153.05189, -11.15268], [153.05136, -11.15326], [153.05101, -11.15393], [153.05084, -11.15467], [153.05071, -11.15566], [153.0508, -11.15663], [153.05099, -11.15765], [153.0512, -11.15841], [153.05139, -11.15911], [153.05142, -11.15984], [153.0515, -11.16089], [153.05129, -11.16188], [153.05103, -11.16336], [153.05101, -11.16355], [153.05122, -11.16505], [153.05218, -11.16717], [153.05342, -11.16849], [153.0553, -11.16981], [153.058, -11.17093], [153.06093, -11.17178], [153.06287, -11.17188], [153.06614, -11.17148], [153.06928, -11.17056], [153.07139, -11.16972], [153.0736, -11.1695], [153.07739, -11.16927], [153.07968, -11.1689], [153.0817, -11.1682], [153.08456, -11.16687], [153.08602, -11.16661], [153.08794, -11.16656], [153.09124, -11.16577], [153.0924, -11.16476], [153.09263, -11.16328], [153.09289, -11.16228], [153.09328, -11.16157], [153.09363, -11.16032], [153.09335, -11.15859], [153.09281, -11.15741], [153.09151, -11.15536], [153.08984, -11.15348], [153.08831, -11.15165], [153.0877, -11.15004], [153.08637, -11.14892]]], [[[151.25601, -11.15322], [151.25659, -11.15236], [151.25665, -11.14985], [151.25639, -11.14616], [151.25565, -11.14515], [151.25448, -11.14487], [151.25362, -11.14545], [151.2529, -11.14734], [151.25293, -11.15051], [151.25367, -11.15238], [151.25514, -11.15352], [151.25601, -11.15322]]], [[[152.79105, -11.14726], [152.79217, -11.14581], [152.79296, -11.14427], [152.79281, -11.1437], [152.79225, -11.14338], [152.79151, -11.14343], [152.79016, -11.14469], [152.78939, -11.1457], [152.78891, -11.14642], [152.78897, -11.14715], [152.78964, -11.14753], [152.79045, -11.14767], [152.79105, -11.14726]]], [[[153.12417, -11.14238], [153.12383, -11.14201], [153.12285, -11.14221], [153.12271, -11.14271], [153.12417, -11.14238]]], [[[152.81423, -11.14534], [152.81492, -11.14456], [152.81512, -11.14364], [152.81498, -11.1426], [152.81458, -11.14158], [152.81399, -11.14152], [152.81367, -11.14212], [152.81328, -11.1441], [152.8133, -11.14499], [152.81362, -11.14565], [152.81423, -11.14534]]], [[[152.76369, -11.14257], [152.76424, -11.14216], [152.76458, -11.14139], [152.76427, -11.14088], [152.76377, -11.14085], [152.76238, -11.14142], [152.76232, -11.14207], [152.76259, -11.14242], [152.76317, -11.14267], [152.76369, -11.14257]]], [[[151.60611, -11.13984], [151.6061, -11.13898], [151.60522, -11.13812], [151.60487, -11.13827], [151.60464, -11.1387], [151.60483, -11.13937], [151.60523, -11.13985], [151.60573, -11.13998], [151.60611, -11.13984]]], [[[152.76876, -11.13882], [152.76878, -11.13849], [152.76854, -11.13802], [152.76801, -11.13772], [152.76745, -11.13767], [152.76666, -11.13839], [152.76664, -11.13896], [152.76698, -11.13934], [152.76766, -11.13949], [152.76876, -11.13882]]], [[[152.6473, -11.13774], [152.64664, -11.13712], [152.64661, -11.13765], [152.64666, -11.1381], [152.64735, -11.13817], [152.6473, -11.13774]]], [[[152.80058, -11.14325], [152.8013, -11.14283], [152.80169, -11.14238], [152.80225, -11.13986], [152.80312, -11.13806], [152.80329, -11.13684], [152.80306, -11.13517], [152.80253, -11.13452], [152.80135, -11.13445], [152.80046, -11.13473], [152.79987, -11.13535], [152.79923, -11.13798], [152.79847, -11.13994], [152.7976, -11.14111], [152.79626, -11.14247], [152.79619, -11.14295], [152.79672, -11.1436], [152.80058, -11.14325]]], [[[152.71465, -11.13777], [152.71766, -11.13594], [152.71899, -11.13544], [152.72067, -11.13522], [152.72156, -11.13492], [152.72189, -11.13412], [152.72134, -11.13327], [152.72075, -11.13271], [152.71967, -11.13274], [152.71672, -11.13451], [152.71326, -11.13606], [152.71252, -11.13672], [152.71226, -11.13744], [152.71249, -11.13788], [152.71336, -11.13809], [152.71465, -11.13777]]], [[[152.81201, -11.13798], [152.81347, -11.13745], [152.81528, -11.13541], [152.81555, -11.13466], [152.81531, -11.13367], [152.81404, -11.13303], [152.81113, -11.13262], [152.80996, -11.1327], [152.80926, -11.13328], [152.80871, -11.13453], [152.80727, -11.13654], [152.80736, -11.13769], [152.80802, -11.13801], [152.81, -11.13818], [152.81201, -11.13798]]], [[[152.33284, -11.13245], [152.33077, -11.13195], [152.3219, -11.12903], [152.32, -11.12829], [152.31717, -11.12639], [152.31611, -11.12705], [152.31554, -11.12782], [152.31541, -11.12848], [152.31703, -11.12953], [152.31824, -11.12984], [152.32001, -11.13049], [152.32213, -11.13102], [152.32592, -11.1326], [152.32804, -11.13414], [152.33355, -11.13636], [152.33478, -11.13699], [152.33825, -11.14025], [152.34051, -11.14105], [152.34277, -11.14117], [152.34517, -11.14055], [152.34744, -11.13921], [152.34885, -11.13765], [152.3491, -11.136], [152.34853, -11.13233], [152.34777, -11.13154], [152.34645, -11.13136], [152.34431, -11.13107], [152.34145, -11.13095], [152.33872, -11.13122], [152.3369, -11.13208], [152.33444, -11.13263], [152.33284, -11.13245]]], [[[152.66135, -11.14019], [152.66159, -11.13946], [152.66127, -11.13835], [152.66054, -11.13757], [152.66022, -11.13646], [152.66027, -11.13468], [152.66088, -11.13332], [152.66197, -11.13176], [152.66374, -11.12972], [152.66424, -11.12837], [152.66404, -11.12738], [152.66346, -11.12605], [152.66239, -11.12542], [152.66105, -11.12373], [152.66112, -11.12302], [152.66032, -11.12278], [152.65955, -11.1229], [152.65856, -11.12339], [152.65846, -11.12524], [152.6581, -11.12675], [152.65805, -11.12854], [152.65743, -11.12983], [152.65682, -11.13053], [152.6551, -11.13173], [152.65418, -11.13304], [152.65445, -11.13421], [152.65544, -11.13533], [152.65751, -11.13643], [152.65963, -11.13978], [152.6607, -11.14035], [152.66135, -11.14019]]], [[[153.08811, -11.12338], [153.08737, -11.12273], [153.08692, -11.12271], [153.0869, -11.12308], [153.08721, -11.12333], [153.08767, -11.12351], [153.08811, -11.12338]]], [[[153.08479, -11.12154], [153.08455, -11.12133], [153.08381, -11.12124], [153.08358, -11.12141], [153.0837, -11.12169], [153.08485, -11.12196], [153.08479, -11.12154]]], [[[152.69124, -11.12256], [152.69137, -11.12029], [152.69091, -11.11902], [152.68992, -11.11867], [152.68847, -11.11861], [152.68718, -11.11906], [152.68628, -11.1199], [152.68549, -11.12139], [152.68283, -11.12271], [152.68127, -11.12283], [152.67864, -11.12225], [152.67807, -11.12265], [152.6765, -11.12657], [152.67472, -11.13015], [152.67444, -11.13119], [152.67443, -11.1319], [152.6738, -11.13302], [152.67275, -11.13351], [152.67031, -11.13298], [152.66941, -11.13382], [152.66888, -11.13481], [152.6685, -11.13621], [152.66793, -11.13738], [152.66789, -11.13845], [152.66833, -11.13943], [152.67009, -11.14203], [152.67315, -11.1443], [152.67493, -11.14548], [152.67624, -11.14609], [152.67695, -11.1467], [152.67766, -11.14658], [152.67883, -11.14454], [152.68035, -11.14002], [152.68094, -11.13908], [152.68157, -11.13874], [152.68396, -11.13851], [152.6863, -11.13762], [152.68705, -11.13709], [152.68783, -11.13709], [152.68879, -11.13779], [152.68999, -11.13942], [152.69274, -11.14225], [152.69389, -11.14389], [152.69477, -11.14436], [152.69607, -11.14408], [152.69675, -11.14356], [152.69736, -11.14215], [152.69876, -11.14068], [152.70163, -11.13969], [152.70656, -11.13879], [152.7079, -11.13827], [152.7084, -11.13776], [152.70858, -11.13691], [152.7093, -11.13609], [152.71004, -11.13478], [152.71033, -11.1322], [152.71035, -11.13018], [152.70999, -11.1286], [152.70939, -11.12704], [152.7074, -11.12457], [152.70662, -11.12457], [152.7059, -11.12545], [152.70617, -11.12811], [152.70565, -11.12928], [152.70417, -11.13111], [152.70318, -11.13166], [152.70158, -11.13202], [152.70014, -11.13201], [152.69895, -11.13133], [152.69712, -11.12944], [152.69644, -11.12925], [152.69568, -11.12948], [152.69502, -11.13037], [152.69294, -11.13147], [152.69254, -11.13183], [152.69178, -11.13197], [152.68916, -11.13102], [152.68858, -11.1306], [152.68853, -11.12999], [152.68884, -11.12898], [152.69085, -11.12461], [152.69124, -11.12256]]], [[[152.30573, -11.12313], [152.30653, -11.12226], [152.30666, -11.1216], [152.30621, -11.12062], [152.30384, -11.11861], [152.30233, -11.11782], [152.29987, -11.11736], [152.29941, -11.11776], [152.29842, -11.12034], [152.29826, -11.1219], [152.29902, -11.12344], [152.29971, -11.12392], [152.30054, -11.12418], [152.30161, -11.12416], [152.30381, -11.12416], [152.30573, -11.12313]]], [[[152.75975, -11.1267], [152.76083, -11.12588], [152.76167, -11.12455], [152.76188, -11.1233], [152.76253, -11.12148], [152.76315, -11.12041], [152.76401, -11.11936], [152.76422, -11.1188], [152.76401, -11.11744], [152.7635, -11.11719], [152.7632, -11.11726], [152.76278, -11.11763], [152.76189, -11.11957], [152.76121, -11.12041], [152.76035, -11.12096], [152.75924, -11.12134], [152.75835, -11.12199], [152.75764, -11.12313], [152.75683, -11.12491], [152.75666, -11.126], [152.75711, -11.1267], [152.75789, -11.12709], [152.75864, -11.12713], [152.75975, -11.1267]]], [[[152.72812, -11.13709], [152.7302, -11.13593], [152.73979, -11.13307], [152.74052, -11.1323], [152.74074, -11.13127], [152.74064, -11.12998], [152.73939, -11.12549], [152.73888, -11.12428], [152.73807, -11.12315], [152.73696, -11.12198], [152.73493, -11.12071], [152.73453, -11.12009], [152.73277, -11.11915], [152.73167, -11.1181], [152.73082, -11.1165], [152.72979, -11.11556], [152.72881, -11.1154], [152.72818, -11.1158], [152.72796, -11.11689], [152.72816, -11.1202], [152.72756, -11.12102], [152.72609, -11.12232], [152.72648, -11.12431], [152.72736, -11.12627], [152.7275, -11.12733], [152.72721, -11.12824], [152.72601, -11.12994], [152.7257, -11.13061], [152.72564, -11.13133], [152.72612, -11.13219], [152.72727, -11.13305], [152.72799, -11.13383], [152.72809, -11.1343], [152.72611, -11.13677], [152.72617, -11.13754], [152.72693, -11.13808], [152.72812, -11.13709]]], [[[152.31614, -11.11191], [152.31629, -11.11136], [152.31584, -11.11089], [152.31542, -11.1108], [152.31481, -11.1111], [152.3146, -11.11183], [152.31546, -11.11258], [152.31614, -11.11191]]], [[[153.0731, -11.10876], [153.07177, -11.10878], [153.06925, -11.10897], [153.06641, -11.10896], [153.06613, -11.10937], [153.06619, -11.11006], [153.06662, -11.11065], [153.06746, -11.11121], [153.06926, -11.11201], [153.07026, -11.11272], [153.07145, -11.11286], [153.07242, -11.11216], [153.07289, -11.11205], [153.07401, -11.11228], [153.07538, -11.11365], [153.07587, -11.11494], [153.07641, -11.11584], [153.0771, -11.11656], [153.081, -11.11907], [153.08281, -11.12003], [153.0834, -11.12002], [153.08638, -11.12023], [153.08822, -11.12055], [153.09074, -11.12262], [153.09442, -11.12522], [153.09697, -11.12667], [153.0977, -11.12685], [153.09814, -11.1265], [153.09904, -11.12487], [153.09963, -11.12436], [153.10041, -11.12422], [153.10113, -11.12432], [153.10172, -11.12475], [153.10191, -11.12528], [153.10128, -11.12619], [153.10081, -11.12731], [153.10087, -11.12817], [153.10117, -11.12885], [153.10213, -11.13002], [153.10374, -11.13044], [153.1054, -11.13047], [153.10811, -11.13089], [153.10951, -11.13172], [153.1103, -11.13267], [153.1109, -11.13434], [153.11182, -11.13497], [153.11572, -11.13655], [153.11733, -11.13689], [153.11896, -11.13755], [153.1215, -11.13884], [153.12271, -11.14007], [153.1232, -11.14034], [153.12374, -11.14015], [153.12393, -11.13959], [153.12347, -11.13877], [153.12335, -11.13721], [153.12194, -11.1353], [153.12158, -11.13369], [153.1212, -11.13286], [153.11944, -11.13151], [153.11812, -11.13075], [153.11437, -11.12925], [153.11092, -11.12748], [153.10905, -11.12575], [153.10689, -11.12334], [153.1047, -11.12149], [153.10354, -11.12079], [153.10079, -11.11991], [153.09838, -11.11947], [153.09353, -11.11687], [153.08949, -11.1157], [153.07813, -11.11048], [153.07456, -11.1092], [153.0731, -11.10876]]], [[[152.63556, -11.11128], [152.63815, -11.10888], [152.63871, -11.10854], [152.63932, -11.10841], [152.64007, -11.10778], [152.64016, -11.10675], [152.63976, -11.10538], [152.63931, -11.10495], [152.63877, -11.10488], [152.63821, -11.10507], [152.63749, -11.10579], [152.63655, -11.10755], [152.63628, -11.108], [152.63609, -11.10914], [152.63494, -11.11018], [152.63476, -11.11088], [152.63491, -11.11122], [152.63516, -11.11135], [152.63556, -11.11128]]], [[[153.0641, -11.10585], [153.06411, -11.10519], [153.06381, -11.10487], [153.06305, -11.10473], [153.06045, -11.10506], [153.06185, -11.10536], [153.06289, -11.10577], [153.0633, -11.10594], [153.0641, -11.10585]]], [[[152.50532, -11.11219], [152.50589, -11.11132], [152.50608, -11.11082], [152.50606, -11.11024], [152.50568, -11.10953], [152.50525, -11.10912], [152.50248, -11.10743], [152.50136, -11.10622], [152.50031, -11.10472], [152.4998, -11.10437], [152.49886, -11.10404], [152.49775, -11.10389], [152.4969, -11.10382], [152.49615, -11.10404], [152.49548, -11.10457], [152.49473, -11.10548], [152.49372, -11.1072], [152.49347, -11.1077], [152.49346, -11.10819], [152.49374, -11.10898], [152.49403, -11.10919], [152.4948, -11.10971], [152.4961, -11.11024], [152.4981, -11.11071], [152.50032, -11.11101], [152.50356, -11.11211], [152.50433, -11.11238], [152.50494, -11.11245], [152.50532, -11.11219]]], [[[151.5496, -11.10574], [151.54962, -11.10434], [151.54936, -11.10374], [151.54856, -11.10352], [151.54783, -11.10374], [151.54774, -11.10425], [151.54784, -11.1046], [151.54902, -11.10604], [151.54938, -11.10608], [151.5496, -11.10574]]], [[[152.60633, -11.1037], [152.60651, -11.10306], [152.60635, -11.10284], [152.60612, -11.10285], [152.60533, -11.10335], [152.60563, -11.10376], [152.60633, -11.1037]]], [[[152.60434, -11.10142], [152.60414, -11.10123], [152.60374, -11.1016], [152.60374, -11.10183], [152.60428, -11.10198], [152.60434, -11.10142]]], [[[152.60731, -11.10003], [152.60799, -11.09881], [152.60798, -11.09823], [152.60754, -11.09768], [152.60696, -11.09742], [152.60634, -11.09748], [152.60563, -11.09861], [152.60523, -11.09946], [152.60524, -11.10034], [152.60557, -11.10071], [152.60625, -11.10074], [152.60731, -11.10003]]], [[[151.13024, -11.10046], [151.13113, -11.10011], [151.13273, -11.09851], [151.133, -11.09649], [151.13185, -11.09472], [151.13067, -11.09593], [151.12981, -11.09824], [151.12894, -11.09853], [151.12865, -11.09883], [151.12807, -11.09941], [151.12852, -11.10012], [151.12992, -11.10058], [151.13024, -11.10046]]], [[[151.14633, -11.08975], [151.14691, -11.08888], [151.14655, -11.08861], [151.14603, -11.0886], [151.14546, -11.08918], [151.14575, -11.08976], [151.14633, -11.08975]]], [[[152.31334, -11.08201], [152.31351, -11.08151], [152.31208, -11.08195], [152.3122, -11.08237], [152.31265, -11.08243], [152.31334, -11.08201]]], [[[152.54298, -11.07872], [152.54179, -11.07837], [152.54055, -11.07842], [152.53687, -11.07931], [152.53573, -11.07933], [152.53416, -11.07864], [152.5334, -11.07859], [152.53281, -11.07887], [152.53221, -11.0796], [152.53218, -11.08039], [152.53248, -11.08092], [152.53375, -11.08269], [152.53652, -11.08468], [152.53728, -11.085], [152.5389, -11.08508], [152.54086, -11.08456], [152.54417, -11.0833], [152.54474, -11.08243], [152.54497, -11.08105], [152.54484, -11.08012], [152.54413, -11.07949], [152.54298, -11.07872]]], [[[152.35771, -11.08077], [152.35789, -11.08055], [152.35773, -11.08001], [152.35717, -11.07941], [152.35636, -11.07898], [152.35427, -11.07823], [152.35368, -11.07775], [152.35327, -11.07765], [152.35292, -11.07775], [152.3526, -11.07807], [152.35252, -11.07847], [152.35277, -11.07902], [152.3532, -11.07942], [152.35457, -11.08026], [152.35579, -11.08072], [152.35717, -11.08095], [152.35771, -11.08077]]], [[[152.47503, -11.07168], [152.47491, -11.07147], [152.47443, -11.0714], [152.47405, -11.07152], [152.47375, -11.07177], [152.47503, -11.07168]]], [[[152.56207, -11.071], [152.5604, -11.06968], [152.55964, -11.06953], [152.5588, -11.0698], [152.55859, -11.07062], [152.55852, -11.07324], [152.55807, -11.0737], [152.55367, -11.07391], [152.55083, -11.07354], [152.54957, -11.07315], [152.54849, -11.07323], [152.54777, -11.07366], [152.54748, -11.07411], [152.54748, -11.07485], [152.54871, -11.07678], [152.54931, -11.07839], [152.54949, -11.07998], [152.5492, -11.08261], [152.5489, -11.08354], [152.54904, -11.08406], [152.54923, -11.08442], [152.54986, -11.0849], [152.55153, -11.0855], [152.55375, -11.08643], [152.55545, -11.08758], [152.5568, -11.08897], [152.55975, -11.09302], [152.56068, -11.09471], [152.56125, -11.09651], [152.56167, -11.09852], [152.56214, -11.09977], [152.56384, -11.10087], [152.56459, -11.10065], [152.5648, -11.09984], [152.56482, -11.09872], [152.56514, -11.09731], [152.56593, -11.09634], [152.5665, -11.09598], [152.56718, -11.09582], [152.56821, -11.0958], [152.56887, -11.09597], [152.56944, -11.09577], [152.5701, -11.09374], [152.57081, -11.09241], [152.57171, -11.09155], [152.57405, -11.09031], [152.57662, -11.08948], [152.57828, -11.0892], [152.58028, -11.08932], [152.58271, -11.0901], [152.58406, -11.09085], [152.58569, -11.09243], [152.5867, -11.09374], [152.58758, -11.09537], [152.58828, -11.09607], [152.58951, -11.09652], [152.5928, -11.09665], [152.59364, -11.09632], [152.59413, -11.09564], [152.59422, -11.09473], [152.59401, -11.09411], [152.59339, -11.09373], [152.59183, -11.09373], [152.59046, -11.09352], [152.58885, -11.09289], [152.58724, -11.09008], [152.58685, -11.08856], [152.58657, -11.08635], [152.58655, -11.08395], [152.58615, -11.08147], [152.5857, -11.0798], [152.58589, -11.07808], [152.58595, -11.07669], [152.58541, -11.07599], [152.58454, -11.07584], [152.58169, -11.07595], [152.57928, -11.07538], [152.57783, -11.07554], [152.57653, -11.07611], [152.5744, -11.07653], [152.56954, -11.07706], [152.56824, -11.07699], [152.56725, -11.07675], [152.56592, -11.07562], [152.56603, -11.07417], [152.5677, -11.07272], [152.56873, -11.07131], [152.56883, -11.07056], [152.56864, -11.0702], [152.56781, -11.06994], [152.56633, -11.07031], [152.56497, -11.07089], [152.56333, -11.07123], [152.56207, -11.071]]], [[[152.47424, -11.06987], [152.47421, -11.06939], [152.47372, -11.06922], [152.47364, -11.0695], [152.47398, -11.06989], [152.47424, -11.06987]]], [[[152.42988, -11.06966], [152.43021, -11.06935], [152.43014, -11.06908], [152.42981, -11.06911], [152.42958, -11.06941], [152.42968, -11.06968], [152.42988, -11.06966]]], [[[152.98191, -11.06359], [152.98141, -11.06333], [152.98101, -11.0637], [152.98077, -11.06444], [152.98113, -11.06463], [152.98191, -11.06359]]], [[[152.53563, -11.07139], [152.53694, -11.07074], [152.53797, -11.06971], [152.53864, -11.06775], [152.53805, -11.0667], [152.53585, -11.06397], [152.53517, -11.06331], [152.5325, -11.06133], [152.53153, -11.0609], [152.53092, -11.06082], [152.53017, -11.06088], [152.52955, -11.06131], [152.5293, -11.06278], [152.52948, -11.06353], [152.53002, -11.06551], [152.53175, -11.06962], [152.53257, -11.07083], [152.53356, -11.07149], [152.53432, -11.07161], [152.53563, -11.07139]]], [[[151.54131, -11.07066], [151.54196, -11.06702], [151.5418, -11.06499], [151.54134, -11.06284], [151.54005, -11.06111], [151.5389, -11.06039], [151.53849, -11.06104], [151.53842, -11.06171], [151.5396, -11.06344], [151.54008, -11.0652], [151.54021, -11.06675], [151.53937, -11.06978], [151.54067, -11.07229], [151.54131, -11.07066]]], [[[152.58719, -11.06731], [152.58757, -11.06694], [152.58783, -11.06637], [152.58779, -11.06574], [152.58757, -11.06486], [152.58702, -11.06387], [152.58629, -11.06054], [152.58594, -11.05983], [152.58548, -11.05935], [152.58506, -11.05917], [152.58478, -11.05923], [152.58453, -11.05943], [152.58412, -11.06036], [152.58416, -11.06103], [152.58579, -11.06354], [152.58605, -11.06445], [152.58609, -11.06633], [152.58625, -11.06699], [152.58648, -11.06733], [152.58719, -11.06731]]], [[[151.53231, -11.06264], [151.53318, -11.06205], [151.53214, -11.0599], [151.53168, -11.05774], [151.53052, -11.05717], [151.52994, -11.05775], [151.52961, -11.05903], [151.52967, -11.06035], [151.53086, -11.06265], [151.53231, -11.06264]]], [[[152.51727, -11.05226], [152.51725, -11.05155], [152.51694, -11.05129], [152.51597, -11.0511], [152.51527, -11.0517], [152.51517, -11.0521], [152.5153, -11.05247], [152.51591, -11.05285], [152.51633, -11.05285], [152.51727, -11.05226]]], [[[152.4989, -11.05101], [152.49935, -11.05063], [152.49922, -11.05], [152.49872, -11.04928], [152.49789, -11.04851], [152.49697, -11.04772], [152.49627, -11.04743], [152.49554, -11.04783], [152.49517, -11.04857], [152.49517, -11.0492], [152.49662, -11.05101], [152.49775, -11.05124], [152.4989, -11.05101]]], [[[152.45319, -11.04833], [152.4537, -11.04763], [152.45502, -11.04654], [152.45728, -11.04543], [152.45839, -11.0438], [152.45818, -11.04321], [152.45689, -11.04314], [152.45446, -11.04359], [152.45092, -11.04496], [152.44924, -11.04579], [152.44909, -11.04587], [152.44813, -11.04727], [152.44803, -11.04894], [152.44769, -11.04968], [152.44706, -11.05017], [152.44618, -11.05046], [152.4441, -11.05033], [152.44386, -11.05002], [152.4438, -11.0493], [152.44408, -11.04773], [152.44392, -11.04713], [152.44315, -11.04664], [152.44265, -11.04673], [152.44219, -11.04721], [152.44217, -11.04842], [152.4424, -11.04924], [152.44198, -11.04971], [152.44138, -11.04992], [152.44066, -11.04992], [152.43975, -11.04977], [152.43898, -11.04927], [152.43734, -11.04911], [152.43499, -11.04973], [152.43418, -11.05023], [152.43419, -11.05111], [152.43459, -11.05186], [152.43507, -11.05238], [152.43572, -11.05272], [152.43658, -11.05304], [152.43754, -11.05314], [152.44107, -11.05315], [152.44269, -11.05403], [152.44392, -11.0546], [152.44518, -11.05651], [152.4456, -11.05681], [152.44657, -11.05712], [152.4487, -11.05719], [152.44941, -11.05691], [152.44988, -11.05644], [152.45052, -11.05529], [152.45056, -11.05518], [152.45133, -11.05257], [152.45319, -11.04833]]], [[[152.40328, -11.04284], [152.40518, -11.04095], [152.4053, -11.04046], [152.405, -11.03996], [152.40421, -11.03948], [152.40237, -11.0393], [152.40147, -11.04016], [152.40093, -11.04221], [152.40105, -11.04311], [152.40135, -11.04356], [152.40168, -11.04359], [152.40328, -11.04284]]], [[[152.49284, -11.04859], [152.49315, -11.04778], [152.49298, -11.04647], [152.49263, -11.04581], [152.49038, -11.04396], [152.48999, -11.04338], [152.48977, -11.04244], [152.48921, -11.04152], [152.48859, -11.04088], [152.4849, -11.03941], [152.48324, -11.039], [152.48145, -11.03893], [152.48041, -11.03935], [152.48, -11.04051], [152.48019, -11.04099], [152.48097, -11.04179], [152.48461, -11.04375], [152.48671, -11.04458], [152.48756, -11.0451], [152.48851, -11.04667], [152.48931, -11.04752], [152.49157, -11.0489], [152.4925, -11.04901], [152.49284, -11.04859]]], [[[152.38323, -11.04108], [152.38362, -11.04047], [152.38434, -11.03812], [152.38423, -11.03754], [152.38375, -11.03679], [152.38332, -11.03674], [152.38298, -11.03689], [152.38161, -11.0384], [152.38091, -11.03957], [152.381, -11.04054], [152.38166, -11.04122], [152.38219, -11.04135], [152.38323, -11.04108]]], [[[152.51675, -11.04749], [152.51716, -11.04651], [152.51734, -11.04556], [152.5178, -11.0448], [152.51774, -11.04401], [152.51732, -11.04331], [152.51604, -11.04189], [152.51577, -11.0393], [152.51461, -11.03751], [152.51262, -11.03541], [152.51136, -11.03521], [152.51034, -11.03536], [152.50976, -11.0358], [152.5093, -11.03634], [152.50912, -11.0379], [152.51025, -11.03982], [152.51272, -11.04264], [152.51313, -11.0433], [152.5136, -11.04468], [152.51383, -11.04738], [152.51506, -11.04813], [152.51609, -11.04821], [152.51675, -11.04749]]], [[[152.5464, -11.03453], [152.54665, -11.0341], [152.54664, -11.03331], [152.54615, -11.03251], [152.54566, -11.03242], [152.54528, -11.03283], [152.54514, -11.03342], [152.5456, -11.03438], [152.54582, -11.03456], [152.5464, -11.03453]]], [[[152.51985, -11.02846], [152.51972, -11.02783], [152.5189, -11.02775], [152.51853, -11.02796], [152.5184, -11.0283], [152.51866, -11.02857], [152.51916, -11.02864], [152.51985, -11.02846]]], [[[151.31834, -11.02804], [151.31752, -11.02534], [151.31662, -11.02439], [151.31575, -11.02439], [151.3146, -11.02613], [151.31462, -11.02757], [151.31549, -11.02843], [151.31783, -11.02899], [151.31834, -11.02804]]], [[[152.79112, -10.97809], [152.79156, -10.97767], [152.79181, -10.97711], [152.79177, -10.97656], [152.7909, -10.97581], [152.79043, -10.97589], [152.78999, -10.97622], [152.7893, -10.97687], [152.78909, -10.97739], [152.78948, -10.97804], [152.7901, -10.9783], [152.79067, -10.97838], [152.79112, -10.97809]]], [[[152.7002, -10.96416], [152.70044, -10.96373], [152.7002, -10.96346], [152.69903, -10.96363], [152.69874, -10.96437], [152.6994, -10.96457], [152.7002, -10.96416]]], [[[151.08273, -10.96352], [151.08278, -10.96303], [151.08229, -10.96278], [151.08161, -10.96275], [151.08129, -10.96293], [151.08132, -10.96333], [151.0822, -10.9639], [151.08273, -10.96352]]], [[[151.03624, -10.96394], [151.0365, -10.96362], [151.03681, -10.96307], [151.03604, -10.96249], [151.03535, -10.96222], [151.03465, -10.96251], [151.03478, -10.96338], [151.03568, -10.96394], [151.03624, -10.96394]]], [[[152.62153, -10.96118], [152.62329, -10.96048], [152.62388, -10.96009], [152.62415, -10.95954], [152.6242, -10.95871], [152.62389, -10.95827], [152.62328, -10.95784], [152.62251, -10.95749], [152.62162, -10.9573], [152.62099, -10.95735], [152.62047, -10.95787], [152.62006, -10.9588], [152.62006, -10.96029], [152.62026, -10.96084], [152.62075, -10.96127], [152.62153, -10.96118]]], [[[152.71557, -10.95818], [152.71568, -10.95801], [152.71561, -10.95726], [152.71534, -10.95724], [152.71515, -10.95767], [152.71523, -10.95821], [152.71557, -10.95818]]], [[[151.07646, -10.95428], [151.07107, -10.95418], [151.06991, -10.95447], [151.06643, -10.95652], [151.06281, -10.95726], [151.05728, -10.95759], [151.05147, -10.95879], [151.04872, -10.95981], [151.04495, -10.96215], [151.04526, -10.96475], [151.04614, -10.9656], [151.04818, -10.96616], [151.05165, -10.96355], [151.05877, -10.96191], [151.06444, -10.96114], [151.06849, -10.95852], [151.07576, -10.95789], [151.07926, -10.95988], [151.08101, -10.95987], [151.08364, -10.95683], [151.08651, -10.95666], [151.08709, -10.95608], [151.08621, -10.95522], [151.08257, -10.95467], [151.07966, -10.95498], [151.07646, -10.95428]]], [[[151.03585, -10.95415], [151.03661, -10.95339], [151.03662, -10.9522], [151.03584, -10.95127], [151.03332, -10.95127], [151.03255, -10.95186], [151.03216, -10.95341], [151.03296, -10.95418], [151.03585, -10.95415]]], [[[152.73988, -10.95528], [152.74215, -10.95405], [152.74295, -10.95335], [152.74335, -10.95284], [152.74317, -10.95195], [152.74206, -10.95156], [152.73999, -10.95113], [152.73931, -10.95067], [152.73799, -10.95372], [152.73726, -10.95404], [152.73513, -10.95436], [152.73505, -10.95468], [152.7353, -10.95514], [152.73609, -10.95556], [152.73722, -10.95569], [152.73988, -10.95528]]], [[[152.69704, -10.95375], [152.69735, -10.95309], [152.69743, -10.95196], [152.69766, -10.95113], [152.69727, -10.95049], [152.69664, -10.95054], [152.69576, -10.95171], [152.69564, -10.9526], [152.69617, -10.95355], [152.69646, -10.95379], [152.69704, -10.95375]]], [[[152.73371, -10.95043], [152.73362, -10.95001], [152.73324, -10.94998], [152.73294, -10.95027], [152.73287, -10.95065], [152.73371, -10.95043]]], [[[152.71807, -10.94673], [152.71837, -10.94623], [152.71844, -10.94517], [152.71828, -10.94458], [152.71805, -10.94445], [152.71724, -10.94457], [152.71689, -10.94483], [152.71659, -10.94555], [152.71732, -10.94649], [152.71774, -10.94679], [152.71807, -10.94673]]], [[[152.7128, -10.9446], [152.71283, -10.9442], [152.71266, -10.94398], [152.71234, -10.94403], [152.71192, -10.94421], [152.71191, -10.94442], [152.71242, -10.94475], [152.7128, -10.9446]]], [[[152.71091, -10.94299], [152.71071, -10.94265], [152.71013, -10.94263], [152.70994, -10.943], [152.71046, -10.94342], [152.71091, -10.94299]]], [[[152.70491, -10.94516], [152.70583, -10.94412], [152.70685, -10.9423], [152.70656, -10.94179], [152.70618, -10.94154], [152.70569, -10.94155], [152.70532, -10.94181], [152.70411, -10.94356], [152.70383, -10.94458], [152.70404, -10.9454], [152.7043, -10.94556], [152.70491, -10.94516]]], [[[151.01738, -10.94484], [151.01771, -10.94293], [151.01732, -10.94195], [151.01556, -10.94007], [151.01396, -10.93941], [151.01266, -10.93932], [151.01149, -10.94068], [151.01151, -10.94238], [151.01243, -10.9437], [151.01351, -10.94454], [151.01677, -10.94528], [151.01738, -10.94484]]], [[[152.65465, -10.93006], [152.65503, -10.92962], [152.65498, -10.92933], [152.65485, -10.92934], [152.65436, -10.92987], [152.65429, -10.93017], [152.65465, -10.93006]]], [[[152.66821, -10.92349], [152.6684, -10.92315], [152.66823, -10.92277], [152.66733, -10.92237], [152.66683, -10.92248], [152.66665, -10.92292], [152.66685, -10.92363], [152.66713, -10.92404], [152.66786, -10.92416], [152.66821, -10.92349]]], [[[152.68355, -10.92221], [152.68321, -10.92205], [152.68292, -10.9225], [152.68354, -10.92256], [152.68355, -10.92221]]], [[[152.59612, -10.922], [152.59603, -10.92127], [152.59527, -10.92083], [152.59492, -10.92121], [152.59478, -10.92132], [152.59494, -10.92198], [152.59526, -10.9221], [152.59612, -10.922]]], [[[152.67918, -10.91992], [152.68034, -10.91948], [152.68051, -10.91928], [152.68056, -10.91896], [152.68025, -10.91869], [152.67952, -10.91861], [152.67732, -10.91967], [152.67613, -10.91972], [152.67604, -10.9199], [152.67662, -10.92], [152.67918, -10.91992]]], [[[150.78867, -10.92147], [150.78866, -10.91859], [150.78807, -10.91802], [150.78603, -10.91745], [150.78429, -10.91919], [150.78459, -10.92035], [150.78664, -10.92206], [150.7878, -10.92234], [150.78867, -10.92147]]], [[[150.78192, -10.91143], [150.78197, -10.91087], [150.78157, -10.91053], [150.78112, -10.91075], [150.78106, -10.91121], [150.78135, -10.91147], [150.78192, -10.91143]]], [[[150.7784, -10.90814], [150.77818, -10.90769], [150.77762, -10.90773], [150.77736, -10.90812], [150.77749, -10.90857], [150.77796, -10.90863], [150.7784, -10.90814]]], [[[150.75861, -10.90522], [150.75889, -10.90406], [150.75713, -10.90235], [150.75626, -10.90235], [150.7551, -10.90322], [150.75511, -10.90409], [150.75599, -10.90495], [150.75745, -10.90552], [150.75861, -10.90522]]], [[[150.74981, -10.89957], [150.74978, -10.89911], [150.74929, -10.89886], [150.74873, -10.8989], [150.74876, -10.89936], [150.74926, -10.89979], [150.74981, -10.89957]]], [[[150.74463, -10.90329], [150.74724, -10.90111], [150.7481, -10.8998], [150.7481, -10.89923], [150.74663, -10.89664], [150.74575, -10.89578], [150.74458, -10.89579], [150.7414, -10.89754], [150.7414, -10.89811], [150.74257, -10.89926], [150.74273, -10.90171], [150.74376, -10.90329], [150.74463, -10.90329]]], [[[153.10749, -10.89366], [153.10791, -10.89306], [153.10791, -10.89265], [153.1077, -10.8923], [153.10721, -10.89207], [153.10602, -10.89201], [153.10588, -10.8922], [153.10589, -10.89244], [153.10666, -10.89315], [153.10696, -10.89365], [153.10721, -10.89379], [153.10749, -10.89366]]], [[[153.09794, -10.89104], [153.09864, -10.89062], [153.09938, -10.88963], [153.09934, -10.88917], [153.09899, -10.88868], [153.09815, -10.88801], [153.09691, -10.88735], [153.09329, -10.88591], [153.0921, -10.88559], [153.09146, -10.88574], [153.09131, -10.88786], [153.09169, -10.88998], [153.09237, -10.89068], [153.09299, -10.89097], [153.09409, -10.89118], [153.09664, -10.89127], [153.09794, -10.89104]]], [[[152.57857, -10.88308], [152.57881, -10.8825], [152.57865, -10.88184], [152.57737, -10.88036], [152.57692, -10.88007], [152.57633, -10.88029], [152.57593, -10.88106], [152.57583, -10.8816], [152.57599, -10.88193], [152.57772, -10.88311], [152.57857, -10.88308]]], [[[150.98364, -10.8776], [150.98382, -10.87721], [150.98323, -10.87635], [150.98265, -10.87636], [150.98238, -10.87675], [150.98236, -10.87708], [150.98324, -10.87779], [150.98364, -10.8776]]], [[[150.97713, -10.87841], [150.97858, -10.87696], [150.97828, -10.87581], [150.97593, -10.87352], [150.97506, -10.87324], [150.9742, -10.87411], [150.97392, -10.87613], [150.97422, -10.87814], [150.97481, -10.87872], [150.97713, -10.87841]]], [[[153.03644, -10.86628], [153.03631, -10.86612], [153.03593, -10.86629], [153.03559, -10.86618], [153.03539, -10.86622], [153.03538, -10.86647], [153.0357, -10.86706], [153.03593, -10.86718], [153.03644, -10.8665], [153.03644, -10.86628]]], [[[153.0418, -10.86577], [153.04131, -10.86519], [153.0409, -10.86535], [153.04094, -10.86572], [153.04124, -10.86616], [153.04156, -10.86623], [153.0418, -10.86577]]], [[[153.03372, -10.8661], [153.03401, -10.86549], [153.03348, -10.86522], [153.03292, -10.86518], [153.03262, -10.86537], [153.03263, -10.86582], [153.03288, -10.86619], [153.03372, -10.8661]]], [[[153.03896, -10.86554], [153.03902, -10.86513], [153.03866, -10.86489], [153.03839, -10.86494], [153.03818, -10.86526], [153.0382, -10.86557], [153.0387, -10.8657], [153.03896, -10.86554]]], [[[153.05187, -10.86268], [153.05229, -10.86234], [153.05249, -10.86191], [153.05243, -10.86144], [153.05212, -10.86092], [153.05166, -10.86062], [153.05095, -10.8607], [153.05046, -10.86107], [153.05029, -10.86166], [153.05039, -10.86225], [153.05073, -10.86264], [153.05128, -10.86283], [153.05187, -10.86268]]], [[[153.03993, -10.86184], [153.0378, -10.86125], [153.03635, -10.86119], [153.0329, -10.86067], [153.02757, -10.85951], [153.02327, -10.85816], [153.02278, -10.85839], [153.02505, -10.8612], [153.02593, -10.86189], [153.02681, -10.8621], [153.03083, -10.86188], [153.03177, -10.86206], [153.03367, -10.86292], [153.03465, -10.86313], [153.0357, -10.86321], [153.03796, -10.86302], [153.03913, -10.86307], [153.03962, -10.86286], [153.03992, -10.86245], [153.03993, -10.86184]]], [[[152.49657, -10.85324], [152.4985, -10.85231], [152.49925, -10.85167], [152.50002, -10.85003], [152.49939, -10.84958], [152.49576, -10.85035], [152.49232, -10.85238], [152.49186, -10.8529], [152.49161, -10.85351], [152.49155, -10.85401], [152.49177, -10.85439], [152.49238, -10.85444], [152.49657, -10.85324]]], [[[152.95986, -10.84403], [152.95944, -10.84401], [152.95916, -10.84435], [152.95919, -10.84454], [152.95978, -10.8446], [152.95986, -10.84403]]], [[[152.43899, -10.84279], [152.43771, -10.84208], [152.43715, -10.84212], [152.43682, -10.84233], [152.43684, -10.84251], [152.43747, -10.84262], [152.43825, -10.84297], [152.43899, -10.84279]]], [[[152.42795, -10.84011], [152.42794, -10.83944], [152.42753, -10.83939], [152.4273, -10.83977], [152.42736, -10.84004], [152.42749, -10.84022], [152.42795, -10.84011]]], [[[152.53102, -10.83458], [152.53115, -10.83417], [152.53113, -10.83397], [152.53098, -10.83398], [152.53034, -10.83435], [152.53054, -10.83463], [152.53102, -10.83458]]], [[[151.87598, -10.83326], [151.87561, -10.83295], [151.87474, -10.83295], [151.87286, -10.83355], [151.87111, -10.83328], [151.87076, -10.83354], [151.87068, -10.83386], [151.87141, -10.83428], [151.87505, -10.83468], [151.8762, -10.8338], [151.87598, -10.83326]]], [[[152.55146, -10.83195], [152.55114, -10.83189], [152.55098, -10.83201], [152.551, -10.83232], [152.55149, -10.83237], [152.55146, -10.83195]]], [[[152.96936, -10.8376], [152.96802, -10.83697], [152.96522, -10.83526], [152.96355, -10.83457], [152.95792, -10.83276], [152.956, -10.83172], [152.9555, -10.83185], [152.95489, -10.83285], [152.95496, -10.83385], [152.95655, -10.83647], [152.95855, -10.84088], [152.95926, -10.84118], [152.96066, -10.84136], [152.96393, -10.84079], [152.96591, -10.84064], [152.96693, -10.84075], [152.96834, -10.84105], [152.97326, -10.84273], [152.97631, -10.84341], [152.97726, -10.8438], [152.97843, -10.84458], [152.98288, -10.84789], [152.98519, -10.84913], [152.98741, -10.85101], [152.98916, -10.85215], [152.99068, -10.85277], [152.99309, -10.85291], [152.99421, -10.85297], [152.99676, -10.85355], [152.99915, -10.85468], [153.00014, -10.85555], [153.00156, -10.85752], [153.00227, -10.858], [153.0029, -10.85802], [153.00344, -10.8578], [153.00383, -10.85727], [153.00378, -10.85639], [153.00329, -10.85529], [153.00177, -10.85351], [153.00093, -10.85282], [152.99962, -10.85181], [152.99645, -10.84982], [152.99352, -10.84904], [152.99272, -10.8487], [152.98828, -10.84679], [152.98425, -10.84469], [152.98234, -10.84337], [152.97738, -10.83927], [152.97609, -10.83869], [152.97365, -10.83823], [152.97269, -10.83835], [152.96936, -10.8376]]], [[[152.53442, -10.83284], [152.53451, -10.83204], [152.53417, -10.83168], [152.53399, -10.8317], [152.53386, -10.83194], [152.53386, -10.8326], [152.53412, -10.83291], [152.53442, -10.83284]]], [[[152.5373, -10.82966], [152.53692, -10.82966], [152.5369, -10.82992], [152.53694, -10.83019], [152.53737, -10.83024], [152.5373, -10.82966]]], [[[152.54924, -10.83183], [152.5494, -10.83146], [152.5492, -10.83016], [152.54892, -10.82968], [152.54844, -10.82951], [152.54781, -10.82958], [152.5469, -10.83009], [152.54672, -10.83068], [152.54701, -10.8317], [152.54775, -10.83195], [152.54898, -10.83199], [152.54924, -10.83183]]], [[[152.51871, -10.83036], [152.51902, -10.82981], [152.5193, -10.82979], [152.51936, -10.82952], [152.51918, -10.82944], [152.51884, -10.82953], [152.51824, -10.82996], [152.51828, -10.83048], [152.51871, -10.83036]]], [[[152.54499, -10.82973], [152.54476, -10.82942], [152.54437, -10.8294], [152.54427, -10.82963], [152.5443, -10.82978], [152.54499, -10.82973]]], [[[152.52065, -10.8275], [152.52072, -10.82727], [152.52051, -10.82712], [152.52002, -10.8274], [152.51989, -10.82773], [152.52031, -10.82777], [152.52065, -10.8275]]], [[[151.84095, -10.82666], [151.83975, -10.82379], [151.83915, -10.82369], [151.83859, -10.8238], [151.83801, -10.82438], [151.83809, -10.8249], [151.84007, -10.82696], [151.8406, -10.82697], [151.84095, -10.82666]]], [[[152.20775, -10.82419], [152.20766, -10.82338], [152.20686, -10.82284], [152.20677, -10.82317], [152.20731, -10.82425], [152.20775, -10.82419]]], [[[152.21136, -10.82028], [152.21113, -10.82011], [152.21111, -10.82045], [152.21136, -10.82028]]], [[[151.82879, -10.82076], [151.82896, -10.82044], [151.82875, -10.81996], [151.82837, -10.81958], [151.82662, -10.81931], [151.82637, -10.81961], [151.82634, -10.82003], [151.82707, -10.8206], [151.82838, -10.82102], [151.82879, -10.82076]]], [[[152.50718, -10.81951], [152.50736, -10.81939], [152.50737, -10.81906], [152.50699, -10.8191], [152.50658, -10.8196], [152.50718, -10.81951]]], [[[152.5104, -10.81869], [152.50998, -10.81855], [152.51008, -10.8189], [152.51031, -10.819], [152.5104, -10.81869]]], [[[152.99537, -10.81732], [152.99448, -10.81683], [152.99389, -10.81775], [152.9947, -10.81787], [152.99537, -10.81732]]], [[[152.49785, -10.82128], [152.49782, -10.8209], [152.49876, -10.81956], [152.49862, -10.81909], [152.49746, -10.81859], [152.49542, -10.8184], [152.48972, -10.81639], [152.48907, -10.81638], [152.4886, -10.81656], [152.48829, -10.81708], [152.4906, -10.81905], [152.4986, -10.82459], [152.50007, -10.82462], [152.50121, -10.82396], [152.50249, -10.82269], [152.50438, -10.82168], [152.50464, -10.82122], [152.50406, -10.81942], [152.50288, -10.81877], [152.50133, -10.81971], [152.5003, -10.82115], [152.49841, -10.82144], [152.49785, -10.82128]]], [[[152.21609, -10.81829], [152.21712, -10.81675], [152.21749, -10.81561], [152.21741, -10.81541], [152.21702, -10.81524], [152.21633, -10.81534], [152.21576, -10.81563], [152.21441, -10.81745], [152.21412, -10.81834], [152.21429, -10.8187], [152.21477, -10.81894], [152.21609, -10.81829]]], [[[152.21861, -10.813], [152.21815, -10.81297], [152.21806, -10.81353], [152.21824, -10.81375], [152.21861, -10.813]]], [[[152.18515, -10.81382], [152.18336, -10.81343], [152.18157, -10.81293], [152.17917, -10.81279], [152.17702, -10.81219], [152.17538, -10.81261], [152.17444, -10.81329], [152.17418, -10.81393], [152.17424, -10.81466], [152.17441, -10.81515], [152.17508, -10.81574], [152.17663, -10.81664], [152.18152, -10.81702], [152.18721, -10.81782], [152.18804, -10.81783], [152.18856, -10.81756], [152.18971, -10.815], [152.18988, -10.8141], [152.1897, -10.81269], [152.1893, -10.81256], [152.18702, -10.81366], [152.1862, -10.81384], [152.18515, -10.81382]]], [[[152.99443, -10.809], [152.99439, -10.80855], [152.9931, -10.80851], [152.99298, -10.80864], [152.99403, -10.8092], [152.99443, -10.809]]], [[[151.93613, -10.80896], [151.93612, -10.80809], [151.93561, -10.80764], [151.93495, -10.80753], [151.93451, -10.80824], [151.93467, -10.80897], [151.93547, -10.8093], [151.93613, -10.80896]]], [[[152.99256, -10.80632], [152.9921, -10.80631], [152.99189, -10.80667], [152.99204, -10.80677], [152.99256, -10.80632]]], [[[152.23784, -10.81244], [152.23778, -10.81197], [152.23647, -10.80898], [152.23521, -10.80688], [152.23468, -10.80633], [152.23415, -10.80616], [152.23372, -10.80645], [152.23353, -10.80694], [152.23393, -10.80883], [152.23527, -10.81041], [152.23611, -10.81169], [152.23756, -10.81256], [152.23784, -10.81244]]], [[[151.9332, -10.80697], [151.93333, -10.8065], [151.93319, -10.80611], [151.93274, -10.80567], [151.93231, -10.80554], [151.93197, -10.80607], [151.93204, -10.80699], [151.9324, -10.80709], [151.9332, -10.80697]]], [[[152.19508, -10.80929], [152.19677, -10.80823], [152.19869, -10.80771], [152.20086, -10.80645], [152.20349, -10.8056], [152.20396, -10.80532], [152.20373, -10.80505], [152.20194, -10.80508], [152.19875, -10.80574], [152.19721, -10.80645], [152.19591, -10.80734], [152.19529, -10.80785], [152.19447, -10.80853], [152.19391, -10.80924], [152.19381, -10.8096], [152.19396, -10.80976], [152.19508, -10.80929]]], [[[152.98967, -10.80538], [152.99008, -10.80498], [152.98947, -10.80428], [152.989, -10.80432], [152.98877, -10.80471], [152.98898, -10.80543], [152.98967, -10.80538]]], [[[152.23152, -10.80571], [152.23126, -10.80451], [152.23091, -10.80395], [152.23013, -10.80336], [152.22853, -10.80274], [152.22703, -10.80253], [152.22642, -10.80275], [152.22471, -10.80427], [152.22339, -10.80514], [152.22193, -10.80581], [152.2205, -10.80615], [152.21892, -10.80634], [152.21683, -10.80616], [152.21473, -10.80623], [152.21396, -10.80611], [152.21248, -10.80519], [152.21183, -10.80516], [152.21148, -10.80534], [152.2114, -10.80567], [152.2123, -10.80656], [152.21509, -10.80796], [152.21785, -10.80907], [152.22047, -10.80927], [152.22324, -10.80866], [152.22559, -10.80773], [152.227, -10.8074], [152.22819, -10.80731], [152.23001, -10.80754], [152.23079, -10.8072], [152.23132, -10.80667], [152.23152, -10.80571]]], [[[151.92043, -10.80941], [151.92289, -10.80809], [151.9268, -10.80704], [151.92679, -10.80617], [151.92503, -10.80475], [151.92329, -10.80448], [151.92021, -10.80278], [151.91772, -10.80079], [151.91685, -10.8008], [151.916, -10.80254], [151.91513, -10.80312], [151.91514, -10.80399], [151.9172, -10.80627], [151.9184, -10.80943], [151.92043, -10.80941]]], [[[151.90652, -10.80119], [151.90667, -10.80061], [151.90126, -10.79807], [151.89617, -10.79784], [151.89531, -10.79871], [151.89619, -10.79957], [151.89983, -10.79996], [151.90581, -10.80149], [151.90652, -10.80119]]], [[[152.48905, -10.79517], [152.489, -10.79391], [152.48842, -10.79264], [152.48823, -10.79148], [152.48809, -10.79086], [152.48775, -10.78967], [152.48715, -10.78947], [152.48665, -10.79004], [152.48664, -10.79126], [152.487, -10.79342], [152.48751, -10.79504], [152.48824, -10.79552], [152.48905, -10.79517]]], [[[152.3939, -10.79383], [152.39476, -10.7935], [152.39521, -10.79313], [152.39545, -10.79264], [152.3954, -10.79197], [152.39494, -10.79133], [152.39286, -10.78993], [152.39222, -10.7887], [152.39163, -10.78813], [152.39107, -10.78791], [152.3904, -10.78802], [152.3898, -10.78908], [152.38934, -10.78938], [152.38744, -10.78945], [152.38666, -10.78992], [152.38631, -10.79075], [152.38616, -10.79143], [152.38621, -10.79211], [152.38659, -10.79262], [152.38744, -10.79309], [152.39088, -10.79358], [152.39186, -10.79385], [152.3939, -10.79383]]], [[[152.48824, -10.78405], [152.48808, -10.78366], [152.48786, -10.78356], [152.48754, -10.78374], [152.48743, -10.78415], [152.48775, -10.78431], [152.48824, -10.78405]]], [[[152.00096, -10.78755], [152.00389, -10.78624], [152.00322, -10.78422], [152.00095, -10.78359], [151.99923, -10.78349], [151.99663, -10.78468], [151.99577, -10.78612], [151.99608, -10.78756], [151.99725, -10.78871], [151.99842, -10.78898], [152.00096, -10.78755]]], [[[151.88102, -10.78353], [151.88085, -10.78335], [151.88061, -10.78346], [151.88062, -10.78369], [151.88096, -10.7837], [151.88102, -10.78353]]], [[[150.4258, -10.78392], [150.4259, -10.78347], [150.4258, -10.78305], [150.4255, -10.78278], [150.42463, -10.78248], [150.42435, -10.78335], [150.42463, -10.7837], [150.42493, -10.78392], [150.4258, -10.78392]]], [[[151.82828, -10.78324], [151.82856, -10.78305], [151.82935, -10.78203], [151.82942, -10.78179], [151.82811, -10.78108], [151.8268, -10.78095], [151.82657, -10.78148], [151.82652, -10.7821], [151.82769, -10.78324], [151.82828, -10.78324]]], [[[152.48973, -10.78073], [152.48962, -10.78034], [152.48907, -10.78023], [152.4889, -10.78037], [152.48885, -10.78089], [152.48932, -10.78094], [152.48973, -10.78073]]], [[[151.87972, -10.78128], [151.87933, -10.77998], [151.87882, -10.77936], [151.87795, -10.77899], [151.8779, -10.77944], [151.87864, -10.78077], [151.87927, -10.78139], [151.87972, -10.78128]]], [[[151.88233, -10.77839], [151.88202, -10.77834], [151.88204, -10.77872], [151.88222, -10.77873], [151.88233, -10.77839]]], [[[150.43189, -10.77985], [150.43159, -10.7787], [150.43042, -10.77755], [150.42984, -10.77755], [150.42955, -10.77784], [150.42985, -10.77871], [150.43101, -10.77985], [150.43189, -10.77985]]], [[[151.87514, -10.77694], [151.875, -10.77677], [151.8748, -10.77684], [151.87463, -10.777], [151.87478, -10.77727], [151.87499, -10.77729], [151.87514, -10.77694]]], [[[150.42809, -10.77612], [150.42824, -10.77554], [150.42808, -10.77496], [150.42487, -10.77296], [150.42455, -10.77457], [150.42459, -10.77498], [150.42524, -10.77589], [150.42606, -10.77642], [150.42809, -10.77612]]], [[[150.67953, -10.77159], [150.67986, -10.77068], [150.67981, -10.76986], [150.67897, -10.76846], [150.67835, -10.76785], [150.67751, -10.76737], [150.67689, -10.76728], [150.67602, -10.76786], [150.67603, -10.76901], [150.67709, -10.7703], [150.67866, -10.77159], [150.67953, -10.77159]]], [[[151.86007, -10.76533], [151.85949, -10.76591], [151.85851, -10.76949], [151.85954, -10.76995], [151.86245, -10.7702], [151.86655, -10.77276], [151.86858, -10.77303], [151.86827, -10.77072], [151.86723, -10.76944], [151.86533, -10.76787], [151.86503, -10.76672], [151.8636, -10.76571], [151.86138, -10.76589], [151.86007, -10.76533]]], [[[150.67608, -10.76617], [150.6763, -10.76584], [150.67614, -10.76533], [150.67571, -10.76498], [150.67454, -10.7647], [150.6743, -10.76495], [150.67426, -10.76527], [150.67484, -10.76614], [150.67572, -10.76642], [150.67608, -10.76617]]], [[[151.68507, -10.76639], [151.67909, -10.76465], [151.67691, -10.76452], [151.67605, -10.76597], [151.67694, -10.76712], [151.67825, -10.76754], [151.68145, -10.76809], [151.68498, -10.76841], [151.68858, -10.76874], [151.6925, -10.76841], [151.69556, -10.76896], [151.69673, -10.76981], [151.70067, -10.77136], [151.70257, -10.77178], [151.70372, -10.77148], [151.70459, -10.77061], [151.70458, -10.76945], [151.7037, -10.7686], [151.70195, -10.76803], [151.69814, -10.76547], [151.69393, -10.76537], [151.6874, -10.76673], [151.68507, -10.76639]]], [[[151.77086, -10.76398], [151.77109, -10.76362], [151.77068, -10.76262], [151.76986, -10.76239], [151.76933, -10.76248], [151.76905, -10.7632], [151.76917, -10.76339], [151.77052, -10.7642], [151.77086, -10.76398]]], [[[152.44331, -10.75639], [152.44358, -10.75593], [152.443, -10.75591], [152.44288, -10.75607], [152.44306, -10.75641], [152.44331, -10.75639]]], [[[150.41534, -10.75758], [150.41287, -10.75572], [150.40879, -10.75545], [150.40851, -10.75718], [150.40939, -10.75804], [150.41201, -10.7589], [150.41405, -10.76061], [150.41435, -10.76206], [150.41262, -10.76466], [150.41146, -10.76553], [150.41118, -10.76639], [150.41205, -10.76755], [150.41671, -10.76868], [150.41758, -10.7681], [150.41903, -10.76809], [150.42021, -10.76981], [150.42108, -10.76981], [150.42107, -10.76866], [150.42048, -10.76779], [150.42104, -10.76231], [150.4187, -10.76059], [150.41783, -10.7606], [150.41534, -10.75758]]], [[[150.67594, -10.75503], [150.67521, -10.75459], [150.67448, -10.7546], [150.6742, -10.75518], [150.67507, -10.75575], [150.67594, -10.75503]]], [[[152.41563, -10.77182], [152.41496, -10.771], [152.41348, -10.77001], [152.41071, -10.76958], [152.40962, -10.76896], [152.40847, -10.76805], [152.40742, -10.76665], [152.40647, -10.76516], [152.40582, -10.7623], [152.40427, -10.75922], [152.40415, -10.75616], [152.40377, -10.75569], [152.3997, -10.75359], [152.39845, -10.75354], [152.39632, -10.75439], [152.39508, -10.75572], [152.39458, -10.75628], [152.39357, -10.75856], [152.39234, -10.75975], [152.38969, -10.76294], [152.38631, -10.76459], [152.38497, -10.76563], [152.38168, -10.7699], [152.3795, -10.77136], [152.37828, -10.77265], [152.37752, -10.77464], [152.37764, -10.77562], [152.37769, -10.77631], [152.37826, -10.77707], [152.37911, -10.77721], [152.38203, -10.77706], [152.38474, -10.77751], [152.38595, -10.77733], [152.38716, -10.77687], [152.39074, -10.77704], [152.39215, -10.77784], [152.39398, -10.77981], [152.39594, -10.78293], [152.39769, -10.78473], [152.39893, -10.78548], [152.40145, -10.78565], [152.40412, -10.78525], [152.40756, -10.78393], [152.41055, -10.78251], [152.41487, -10.7813], [152.41548, -10.78042], [152.41593, -10.77854], [152.41563, -10.77182]]], [[[150.67535, -10.75258], [150.67533, -10.75143], [150.6749, -10.7513], [150.67446, -10.75143], [150.67421, -10.75188], [150.67418, -10.75258], [150.67465, -10.75269], [150.67535, -10.75258]]], [[[151.83099, -10.75249], [151.83201, -10.75148], [151.83179, -10.75046], [151.83107, -10.74977], [151.82794, -10.75123], [151.82737, -10.7521], [151.82796, -10.75267], [151.82974, -10.75304], [151.83099, -10.75249]]], [[[150.39524, -10.74975], [150.39292, -10.75005], [150.38987, -10.74977], [150.38783, -10.75036], [150.38552, -10.7521], [150.38233, -10.75298], [150.37957, -10.75444], [150.37711, -10.75647], [150.37509, -10.75979], [150.37249, -10.76197], [150.36857, -10.76271], [150.36393, -10.7646], [150.36031, -10.76751], [150.36089, -10.76895], [150.36235, -10.76951], [150.36322, -10.76922], [150.36482, -10.76806], [150.36872, -10.76458], [150.37017, -10.764], [150.37454, -10.76427], [150.37656, -10.76282], [150.38107, -10.76236], [150.38382, -10.76162], [150.38787, -10.75815], [150.38846, -10.75814], [150.38903, -10.75713], [150.3896, -10.75439], [150.39105, -10.75294], [150.39279, -10.75293], [150.39454, -10.75466], [150.39628, -10.75291], [150.39976, -10.75203], [150.40005, -10.75117], [150.39946, -10.75059], [150.39816, -10.75017], [150.39524, -10.74975]]], [[[151.71848, -10.74939], [151.71891, -10.74913], [151.71925, -10.7487], [151.71948, -10.74796], [151.71884, -10.7476], [151.71832, -10.74769], [151.71774, -10.74856], [151.71804, -10.74942], [151.71848, -10.74939]]], [[[151.31867, -10.75398], [151.31952, -10.75181], [151.31805, -10.7498], [151.31571, -10.74809], [151.3112, -10.7477], [151.3093, -10.74699], [151.30638, -10.745], [151.30464, -10.74501], [151.30347, -10.74531], [151.30378, -10.74704], [151.30451, -10.74775], [151.30626, -10.74846], [151.30992, -10.75102], [151.3111, -10.75332], [151.31198, -10.75418], [151.31285, -10.75417], [151.31608, -10.75703], [151.31867, -10.75398]]], [[[151.72233, -10.74217], [151.72348, -10.741], [151.72466, -10.74074], [151.72754, -10.7401], [151.72852, -10.73949], [151.72869, -10.73894], [151.72854, -10.7382], [151.7281, -10.73779], [151.7246, -10.73667], [151.72196, -10.73468], [151.72138, -10.73468], [151.7208, -10.73527], [151.72032, -10.7445], [151.72049, -10.74503], [151.7209, -10.74507], [151.72233, -10.74217]]], [[[151.82934, -10.74545], [151.82962, -10.74429], [151.82814, -10.742], [151.82783, -10.74027], [151.824, -10.73512], [151.82136, -10.73341], [151.81801, -10.73287], [151.81713, -10.7323], [151.81554, -10.73232], [151.81526, -10.73348], [151.81614, -10.73433], [151.81774, -10.73446], [151.82167, -10.73572], [151.82241, -10.73643], [151.8255, -10.74044], [151.82728, -10.74345], [151.8273, -10.74576], [151.82833, -10.74632], [151.82934, -10.74545]]], [[[150.68344, -10.73484], [150.68366, -10.73465], [150.68337, -10.7335], [150.68248, -10.73235], [150.68161, -10.73206], [150.68138, -10.73241], [150.68132, -10.73293], [150.68279, -10.73494], [150.68344, -10.73484]]], [[[151.73793, -10.73279], [151.73821, -10.73211], [151.7382, -10.73135], [151.73787, -10.73118], [151.73733, -10.73135], [151.73647, -10.73223], [151.73677, -10.73309], [151.73793, -10.73279]]], [[[151.74138, -10.72901], [151.74252, -10.72669], [151.74231, -10.72605], [151.74193, -10.72583], [151.74092, -10.72656], [151.73934, -10.72903], [151.73958, -10.7295], [151.73993, -10.7296], [151.74138, -10.72901]]], [[[150.22988, -10.72627], [150.22987, -10.72541], [150.2293, -10.72541], [150.229, -10.7257], [150.22915, -10.72613], [150.2293, -10.72628], [150.22988, -10.72627]]], [[[150.23337, -10.7277], [150.2332, -10.72682], [150.23279, -10.72568], [150.23191, -10.7254], [150.2314, -10.72557], [150.23104, -10.72598], [150.23127, -10.72704], [150.23163, -10.728], [150.23279, -10.72828], [150.23337, -10.7277]]], [[[150.75569, -10.72556], [150.7551, -10.7247], [150.75365, -10.72471], [150.75307, -10.72529], [150.75366, -10.72586], [150.75511, -10.72614], [150.75569, -10.72556]]], [[[151.79311, -10.72793], [151.793, -10.7264], [151.79279, -10.72533], [151.79236, -10.72465], [151.79191, -10.72448], [151.79146, -10.72505], [151.79134, -10.72593], [151.7915, -10.72699], [151.79195, -10.72794], [151.79252, -10.72823], [151.79311, -10.72793]]], [[[150.22929, -10.72455], [150.2294, -10.72413], [150.22929, -10.72368], [150.22842, -10.72368], [150.22813, -10.72397], [150.22842, -10.72455], [150.22929, -10.72455]]], [[[152.41441, -10.72918], [152.41555, -10.72873], [152.41591, -10.72839], [152.41687, -10.72756], [152.41741, -10.72643], [152.41746, -10.72574], [152.41738, -10.7251], [152.41706, -10.72455], [152.41638, -10.72416], [152.4155, -10.72395], [152.41444, -10.72304], [152.4138, -10.72279], [152.41287, -10.72323], [152.4126, -10.72369], [152.41274, -10.72653], [152.41241, -10.72748], [152.41242, -10.72812], [152.41275, -10.72891], [152.41304, -10.72909], [152.41365, -10.72926], [152.41441, -10.72918]]], [[[151.78881, -10.72351], [151.78899, -10.72307], [151.78839, -10.72163], [151.78722, -10.72049], [151.78517, -10.71964], [151.78471, -10.7199], [151.78461, -10.7208], [151.78549, -10.72166], [151.78694, -10.72222], [151.78841, -10.72364], [151.78881, -10.72351]]], [[[150.3005, -10.72366], [150.30339, -10.72018], [150.3028, -10.71903], [150.30193, -10.71875], [150.29758, -10.72107], [150.29497, -10.72195], [150.29352, -10.72398], [150.29302, -10.72384], [150.29265, -10.7234], [150.29264, -10.72196], [150.29176, -10.7211], [150.29031, -10.72082], [150.28944, -10.72169], [150.28858, -10.724], [150.28743, -10.72516], [150.28626, -10.72487], [150.28509, -10.72402], [150.28408, -10.72402], [150.28321, -10.72474], [150.28162, -10.72749], [150.28134, -10.72879], [150.28164, -10.73009], [150.28222, -10.73095], [150.2831, -10.73152], [150.28615, -10.73137], [150.29021, -10.72961], [150.29268, -10.72946], [150.2953, -10.73118], [150.29603, -10.73118], [150.29981, -10.73029], [150.30097, -10.73058], [150.30198, -10.73028], [150.30285, -10.72941], [150.30285, -10.72869], [150.30022, -10.72596], [150.30021, -10.7248], [150.3005, -10.72366]]], [[[151.74827, -10.72058], [151.75136, -10.71829], [151.75144, -10.71766], [151.75074, -10.71711], [151.74998, -10.7171], [151.74564, -10.71945], [151.74566, -10.72089], [151.74649, -10.72185], [151.74713, -10.72232], [151.74827, -10.72058]]], [[[151.75725, -10.71732], [151.75755, -10.7171], [151.75753, -10.71674], [151.75607, -10.71647], [151.75579, -10.71676], [151.75609, -10.71733], [151.75725, -10.71732]]], [[[151.77615, -10.71771], [151.77626, -10.71748], [151.77614, -10.71714], [151.77409, -10.71629], [151.77382, -10.7165], [151.77381, -10.71687], [151.77527, -10.71772], [151.77615, -10.71771]]], [[[151.77033, -10.71806], [151.77112, -10.71757], [151.77235, -10.71631], [151.77205, -10.71574], [151.77154, -10.71523], [151.76943, -10.71461], [151.76827, -10.7149], [151.76769, -10.71549], [151.76742, -10.71693], [151.76859, -10.71807], [151.77033, -10.71806]]], [[[150.71493, -10.71485], [150.71492, -10.71399], [150.71376, -10.71399], [150.71347, -10.71457], [150.71435, -10.71514], [150.71493, -10.71485]]], [[[150.6385, -10.71761], [150.63908, -10.71674], [150.63615, -10.71329], [150.63528, -10.7133], [150.6347, -10.71417], [150.63661, -10.71661], [150.63792, -10.71761], [150.6385, -10.71761]]], [[[150.62976, -10.71333], [150.63091, -10.71188], [150.63061, -10.70987], [150.62974, -10.70987], [150.62829, -10.71103], [150.62772, -10.71248], [150.6286, -10.71334], [150.62976, -10.71333]]], [[[151.24345, -10.70988], [151.24126, -10.70976], [151.23807, -10.71036], [151.2346, -10.71241], [151.23112, -10.71358], [151.23055, -10.71417], [151.23114, -10.71532], [151.2355, -10.71615], [151.23901, -10.719], [151.24135, -10.71956], [151.2425, -10.71926], [151.24567, -10.71578], [151.24669, -10.71534], [151.24886, -10.71518], [151.25059, -10.71344], [151.25087, -10.71199], [151.24941, -10.71056], [151.24592, -10.71087], [151.24345, -10.70988]]], [[[150.43787, -10.70311], [150.43611, -10.70023], [150.43553, -10.70023], [150.43525, -10.70115], [150.43525, -10.70197], [150.437, -10.7034], [150.43778, -10.70342], [150.43787, -10.70311]]], [[[150.73783, -10.70462], [150.73869, -10.70346], [150.73459, -10.69945], [150.73343, -10.69945], [150.73286, -10.70119], [150.73418, -10.70277], [150.73724, -10.70463], [150.73783, -10.70462]]], [[[150.26492, -10.69959], [150.25998, -10.69846], [150.25764, -10.69674], [150.25532, -10.69675], [150.25329, -10.69791], [150.24923, -10.69822], [150.24865, -10.69879], [150.24865, -10.69966], [150.24923, -10.70023], [150.25069, -10.70023], [150.25157, -10.70167], [150.25099, -10.70254], [150.24867, -10.70399], [150.24519, -10.70545], [150.24389, -10.70761], [150.24143, -10.70979], [150.23736, -10.71009], [150.23649, -10.71096], [150.2365, -10.71298], [150.23592, -10.71356], [150.23447, -10.71385], [150.2339, -10.71458], [150.23492, -10.71774], [150.23567, -10.72192], [150.23626, -10.7225], [150.23713, -10.72249], [150.23975, -10.72479], [150.24063, -10.72479], [150.2415, -10.72392], [150.24163, -10.72233], [150.24088, -10.71772], [150.24116, -10.71527], [150.24174, -10.71425], [150.24434, -10.71093], [150.24535, -10.71049], [150.24782, -10.71005], [150.24927, -10.7086], [150.25042, -10.70542], [150.25289, -10.70469], [150.25506, -10.70454], [150.25652, -10.70568], [150.25712, -10.70857], [150.2577, -10.70914], [150.26047, -10.70927], [150.2612, -10.7097], [150.26091, -10.71172], [150.26135, -10.71215], [150.26208, -10.71229], [150.26266, -10.712], [150.26352, -10.70969], [150.26497, -10.70882], [150.27006, -10.70894], [150.27268, -10.70994], [150.27486, -10.71022], [150.27572, -10.70935], [150.27543, -10.70848], [150.27339, -10.70705], [150.27135, -10.70677], [150.26931, -10.70534], [150.26784, -10.70217], [150.26492, -10.69959]]], [[[150.68632, -10.69483], [150.68631, -10.69397], [150.68515, -10.69397], [150.68486, -10.69456], [150.68574, -10.69513], [150.68632, -10.69483]]], [[[150.35557, -10.69226], [150.35556, -10.69139], [150.35411, -10.6914], [150.35382, -10.69169], [150.35411, -10.69226], [150.35557, -10.69226]]], [[[152.87418, -10.69166], [152.87412, -10.69093], [152.87329, -10.6909], [152.87378, -10.69178], [152.87418, -10.69166]]], [[[150.7276, -10.69646], [150.72526, -10.69388], [150.72334, -10.69014], [150.72144, -10.68799], [150.71854, -10.68801], [150.71477, -10.69005], [150.70912, -10.69239], [150.70622, -10.69457], [150.70291, -10.69819], [150.7, -10.69793], [150.69797, -10.69823], [150.6971, -10.6991], [150.6971, -10.7001], [150.69799, -10.70111], [150.70452, -10.7002], [150.70699, -10.70048], [150.70874, -10.70162], [150.70934, -10.70436], [150.70878, -10.70753], [150.70937, -10.7094], [150.71025, -10.71026], [150.71112, -10.71026], [150.71199, -10.70968], [150.71314, -10.70736], [150.71747, -10.70359], [150.72632, -10.70123], [150.7288, -10.70208], [150.73053, -10.70005], [150.72994, -10.69919], [150.72848, -10.69833], [150.7276, -10.69646]]], [[[150.43657, -10.69794], [150.43697, -10.69734], [150.43754, -10.69474], [150.4384, -10.69387], [150.44044, -10.69358], [150.44101, -10.69271], [150.44043, -10.69184], [150.43751, -10.69071], [150.43721, -10.68898], [150.43546, -10.68754], [150.43343, -10.68756], [150.43285, -10.68813], [150.43286, -10.689], [150.43388, -10.69087], [150.43433, -10.69303], [150.43375, -10.6939], [150.43376, -10.69592], [150.43435, -10.69707], [150.43523, -10.69787], [150.4361, -10.69821], [150.43657, -10.69794]]], [[[152.8872, -10.68979], [152.88782, -10.6896], [152.88815, -10.68925], [152.88825, -10.68856], [152.88804, -10.68798], [152.88692, -10.68641], [152.88575, -10.68578], [152.88513, -10.68566], [152.88461, -10.68574], [152.8842, -10.68607], [152.88297, -10.68903], [152.88293, -10.6898], [152.88327, -10.69024], [152.88385, -10.69032], [152.8872, -10.68979]]], [[[150.67916, -10.68911], [150.68018, -10.68853], [150.67988, -10.68709], [150.67871, -10.68594], [150.67667, -10.68538], [150.67364, -10.68666], [150.6729, -10.68741], [150.67354, -10.68824], [150.67466, -10.68913], [150.67916, -10.68911]]], [[[150.3093, -10.68036], [150.30942, -10.67983], [150.30929, -10.67921], [150.30886, -10.6791], [150.30842, -10.67921], [150.30819, -10.67967], [150.30814, -10.68036], [150.3093, -10.68036]]], [[[150.31364, -10.6763], [150.31374, -10.67558], [150.31363, -10.67486], [150.31247, -10.67486], [150.31189, -10.67545], [150.31204, -10.6761], [150.31248, -10.67659], [150.31364, -10.6763]]], [[[151.12384, -10.67288], [151.12383, -10.67173], [151.12119, -10.66857], [151.12003, -10.66858], [151.11975, -10.66945], [151.12268, -10.67347], [151.12384, -10.67288]]], [[[151.11051, -10.67788], [151.11194, -10.67484], [151.11424, -10.67151], [151.11423, -10.67064], [151.11102, -10.66836], [151.10928, -10.66837], [151.1087, -10.66895], [151.10902, -10.67328], [151.10729, -10.67531], [151.10731, -10.67646], [151.10877, -10.67789], [151.10964, -10.67818], [151.11051, -10.67788]]], [[[151.06254, -10.67477], [151.06193, -10.6716], [151.06075, -10.66959], [151.05929, -10.66816], [151.05754, -10.66818], [151.05639, -10.66962], [151.05612, -10.67222], [151.05818, -10.67466], [151.05994, -10.67767], [151.06285, -10.67765], [151.06636, -10.67994], [151.06693, -10.67935], [151.06663, -10.6782], [151.06254, -10.67477]]], [[[150.67395, -10.66866], [150.67416, -10.6683], [150.67394, -10.6678], [150.67307, -10.6678], [150.67279, -10.66838], [150.67305, -10.66875], [150.67337, -10.66896], [150.67395, -10.66866]]], [[[150.3242, -10.66504], [150.32415, -10.66469], [150.32329, -10.66459], [150.32303, -10.66475], [150.32303, -10.66512], [150.32326, -10.66542], [150.32394, -10.66557], [150.3242, -10.66504]]], [[[150.44289, -10.66242], [150.44296, -10.66214], [150.44288, -10.66155], [150.44265, -10.66152], [150.44201, -10.66156], [150.44172, -10.66185], [150.44201, -10.66242], [150.44289, -10.66242]]], [[[150.89552, -10.66656], [150.88866, -10.66156], [150.88604, -10.66129], [150.88344, -10.66275], [150.88295, -10.6628], [150.88053, -10.66305], [150.87792, -10.66451], [150.87677, -10.66567], [150.87678, -10.66683], [150.87824, -10.66797], [150.88144, -10.66882], [150.88492, -10.66764], [150.88724, -10.66762], [150.88783, -10.6682], [150.88843, -10.67108], [150.88931, -10.67194], [150.89382, -10.67234], [150.89586, -10.67333], [150.8995, -10.67388], [150.90065, -10.67273], [150.90006, -10.67143], [150.89822, -10.66945], [150.89552, -10.66656]]], [[[150.90841, -10.66114], [150.9087, -10.66056], [150.90812, -10.65998], [150.90695, -10.66], [150.90667, -10.66057], [150.90754, -10.66114], [150.90841, -10.66114]]], [[[150.46874, -10.66084], [150.46887, -10.66044], [150.46873, -10.65998], [150.46792, -10.65963], [150.46699, -10.65941], [150.4667, -10.65999], [150.46708, -10.66055], [150.46758, -10.66085], [150.46874, -10.66084]]], [[[152.38442, -10.66508], [152.38193, -10.66496], [152.38075, -10.66474], [152.3786, -10.6639], [152.37673, -10.66273], [152.37332, -10.65961], [152.37214, -10.65939], [152.37146, -10.6596], [152.36854, -10.66203], [152.36368, -10.66438], [152.36158, -10.66522], [152.36059, -10.66545], [152.35589, -10.66464], [152.35489, -10.66479], [152.35297, -10.66601], [152.35153, -10.66757], [152.34802, -10.67342], [152.34676, -10.6752], [152.34512, -10.67709], [152.34289, -10.68139], [152.34096, -10.68567], [152.34019, -10.68772], [152.33954, -10.69002], [152.3386, -10.69105], [152.33805, -10.69216], [152.33781, -10.69347], [152.33782, -10.69511], [152.33808, -10.69711], [152.33882, -10.69848], [152.33946, -10.70101], [152.34093, -10.70669], [152.34154, -10.70788], [152.34227, -10.70838], [152.34632, -10.71002], [152.34912, -10.7121], [152.35127, -10.71284], [152.35291, -10.71312], [152.35355, -10.71301], [152.35442, -10.71249], [152.35472, -10.71197], [152.35498, -10.71044], [152.35588, -10.70954], [152.35743, -10.70822], [152.35847, -10.70667], [152.35933, -10.70493], [152.3615, -10.70314], [152.36481, -10.7024], [152.366, -10.70196], [152.36863, -10.70048], [152.37135, -10.69955], [152.37305, -10.69948], [152.38008, -10.69981], [152.38547, -10.70122], [152.38755, -10.7023], [152.3937, -10.70692], [152.39523, -10.70839], [152.39625, -10.70983], [152.39768, -10.71063], [152.39837, -10.71148], [152.39863, -10.71275], [152.39924, -10.71406], [152.40027, -10.71556], [152.40179, -10.71692], [152.40257, -10.71821], [152.40434, -10.72208], [152.40507, -10.72276], [152.40625, -10.72245], [152.40667, -10.72196], [152.40762, -10.72173], [152.40835, -10.7224], [152.4087, -10.72401], [152.40932, -10.72402], [152.41084, -10.72301], [152.41147, -10.72223], [152.41175, -10.72148], [152.41064, -10.72038], [152.40802, -10.71646], [152.40666, -10.71498], [152.40362, -10.7125], [152.40284, -10.71121], [152.40265, -10.70947], [152.40322, -10.70791], [152.40451, -10.70686], [152.40611, -10.70618], [152.41382, -10.70353], [152.41441, -10.7031], [152.41459, -10.70241], [152.41444, -10.70117], [152.4137, -10.69887], [152.41216, -10.69588], [152.41212, -10.69459], [152.41276, -10.69324], [152.41384, -10.6917], [152.41197, -10.69065], [152.40966, -10.68975], [152.40602, -10.68772], [152.40339, -10.68668], [152.39986, -10.68395], [152.39902, -10.6831], [152.39678, -10.6792], [152.39402, -10.67534], [152.39271, -10.67336], [152.39216, -10.67226], [152.39137, -10.66902], [152.3911, -10.66643], [152.39051, -10.66578], [152.38979, -10.66545], [152.38647, -10.66554], [152.38442, -10.66508]]], [[[150.79929, -10.66009], [150.79914, -10.65954], [150.79827, -10.65897], [150.79796, -10.65942], [150.79798, -10.65983], [150.79845, -10.66022], [150.79915, -10.6604], [150.79929, -10.66009]]], [[[150.93119, -10.67598], [150.93089, -10.67425], [150.93348, -10.67048], [150.93215, -10.66862], [150.92996, -10.66705], [150.92662, -10.66693], [150.9256, -10.66621], [150.9253, -10.66535], [150.92731, -10.66188], [150.9273, -10.66014], [150.92671, -10.65957], [150.92235, -10.65932], [150.92118, -10.65846], [150.91798, -10.65848], [150.91683, -10.65935], [150.91746, -10.66598], [150.91679, -10.67334], [150.91753, -10.67607], [150.91841, -10.67693], [150.92001, -10.67721], [150.92335, -10.6769], [150.92422, -10.67747], [150.92512, -10.68006], [150.92599, -10.68092], [150.93065, -10.68175], [150.93181, -10.68146], [150.93325, -10.68], [150.93324, -10.67856], [150.93119, -10.67598]]], [[[150.34405, -10.65597], [150.34289, -10.65569], [150.34266, -10.6559], [150.3426, -10.65627], [150.34347, -10.65684], [150.34405, -10.65597]]], [[[150.79738, -10.65724], [150.79737, -10.6558], [150.7965, -10.65523], [150.79621, -10.65552], [150.79651, -10.65725], [150.79697, -10.65736], [150.79738, -10.65724]]], [[[151.0929, -10.65523], [151.09145, -10.65524], [151.08682, -10.65787], [151.08348, -10.65876], [151.08013, -10.65763], [151.07839, -10.65764], [151.07752, -10.65822], [151.07653, -10.66126], [151.07583, -10.66516], [151.07817, -10.66716], [151.08354, -10.66655], [151.08616, -10.66667], [151.08849, -10.66752], [151.09489, -10.66805], [151.09707, -10.66875], [151.09941, -10.67104], [151.10013, -10.67003], [151.10051, -10.66267], [151.09992, -10.66123], [151.09875, -10.66009], [151.0929, -10.65523]]], [[[150.08164, -10.65448], [150.08179, -10.65386], [150.08164, -10.65333], [150.08077, -10.65333], [150.0805, -10.65359], [150.08047, -10.6539], [150.08071, -10.65422], [150.08106, -10.65448], [150.08164, -10.65448]]], [[[150.09382, -10.64953], [150.09382, -10.64867], [150.09295, -10.64867], [150.09266, -10.64896], [150.09295, -10.64953], [150.09382, -10.64953]]], [[[150.09542, -10.64924], [150.09586, -10.64866], [150.09498, -10.64837], [150.0948, -10.64841], [150.09469, -10.64866], [150.09474, -10.649], [150.09499, -10.64924], [150.09542, -10.64924]]], [[[150.67383, -10.64905], [150.67399, -10.64866], [150.67382, -10.64819], [150.673, -10.6476], [150.67207, -10.64733], [150.6715, -10.64791], [150.67208, -10.64906], [150.67293, -10.64925], [150.67383, -10.64905]]], [[[150.09904, -10.64461], [150.09904, -10.64403], [150.09787, -10.64346], [150.09758, -10.64367], [150.09758, -10.64404], [150.09846, -10.64461], [150.09904, -10.64461]]], [[[150.09618, -10.64425], [150.09652, -10.64377], [150.09642, -10.64346], [150.09525, -10.64289], [150.09502, -10.64309], [150.09496, -10.64347], [150.09535, -10.64403], [150.09584, -10.64433], [150.09618, -10.64425]]], [[[151.11348, -10.64902], [151.11376, -10.64815], [151.11318, -10.647], [151.11201, -10.64643], [151.11084, -10.64529], [151.11053, -10.64299], [151.10936, -10.64184], [151.10761, -10.64157], [151.10646, -10.64244], [151.10603, -10.64403], [151.10619, -10.6459], [151.10855, -10.64992], [151.11233, -10.65018], [151.11348, -10.64902]]], [[[150.74264, -10.64028], [150.74208, -10.63943], [150.74147, -10.63885], [150.7406, -10.63885], [150.74002, -10.63943], [150.7403, -10.64028], [150.74061, -10.64058], [150.7409, -10.64029], [150.74235, -10.64086], [150.74268, -10.64079], [150.74264, -10.64028]]], [[[150.47411, -10.63371], [150.47411, -10.63284], [150.47353, -10.63227], [150.47236, -10.63228], [150.47208, -10.63314], [150.47266, -10.63372], [150.47411, -10.63371]]], [[[150.03041, -10.63217], [150.03056, -10.63176], [150.03041, -10.6313], [150.02994, -10.63117], [150.02954, -10.63131], [150.02925, -10.6316], [150.02954, -10.63217], [150.03001, -10.63229], [150.03041, -10.63217]]], [[[150.02151, -10.6325], [150.0217, -10.63191], [150.02139, -10.63145], [150.02082, -10.63105], [150.01988, -10.63094], [150.01908, -10.63105], [150.01879, -10.63129], [150.01878, -10.63163], [150.01937, -10.6325], [150.02112, -10.63278], [150.02151, -10.6325]]], [[[150.51637, -10.6296], [150.51592, -10.6283], [150.51447, -10.62831], [150.51422, -10.62854], [150.51418, -10.62889], [150.51593, -10.62974], [150.51637, -10.6296]]], [[[150.57172, -10.6306], [150.57172, -10.62973], [150.56851, -10.62744], [150.56647, -10.62688], [150.56618, -10.62717], [150.56648, -10.62803], [150.56969, -10.6309], [150.57086, -10.63118], [150.57172, -10.6306]]], [[[150.02505, -10.62681], [150.0269, -10.62641], [150.02716, -10.62607], [150.02719, -10.62555], [150.02684, -10.62511], [150.02631, -10.62468], [150.02515, -10.62469], [150.02374, -10.62518], [150.02254, -10.62585], [150.02254, -10.62643], [150.02279, -10.62678], [150.02313, -10.627], [150.02505, -10.62681]]], [[[150.70601, -10.62621], [150.70652, -10.62579], [150.70633, -10.62512], [150.70593, -10.62464], [150.70506, -10.62464], [150.70477, -10.6258], [150.70536, -10.62637], [150.70601, -10.62621]]], [[[150.85594, -10.6267], [150.85645, -10.6263], [150.85644, -10.62486], [150.85585, -10.62399], [150.85498, -10.62371], [150.85438, -10.62423], [150.85411, -10.62487], [150.85414, -10.62545], [150.85441, -10.62602], [150.85529, -10.62688], [150.85594, -10.6267]]], [[[150.91054, -10.62242], [150.91104, -10.6219], [150.91103, -10.62103], [150.91045, -10.62046], [150.90958, -10.62047], [150.909, -10.62105], [150.90901, -10.62206], [150.90938, -10.6225], [150.90989, -10.62277], [150.91054, -10.62242]]], [[[150.80294, -10.62], [150.80177, -10.61857], [150.80032, -10.61829], [150.79974, -10.61887], [150.79975, -10.62118], [150.80107, -10.62276], [150.8018, -10.6229], [150.80294, -10.62]]], [[[151.36864, -10.61903], [151.3689, -10.61827], [151.36863, -10.61759], [151.3678, -10.61715], [151.36688, -10.61703], [151.36631, -10.6179], [151.36682, -10.61854], [151.36748, -10.61904], [151.36864, -10.61903]]], [[[150.01612, -10.61809], [150.01612, -10.61693], [150.01565, -10.61682], [150.01525, -10.61694], [150.01496, -10.61809], [150.01612, -10.61809]]], [[[151.2822, -10.61844], [151.2787, -10.61703], [151.27477, -10.61634], [151.27274, -10.61722], [151.27218, -10.61838], [151.2722, -10.62126], [151.27397, -10.62384], [151.27542, -10.62441], [151.27833, -10.62439], [151.28151, -10.62292], [151.28558, -10.62289], [151.29343, -10.6234], [151.29811, -10.62682], [151.30073, -10.62738], [151.30247, -10.62707], [151.30362, -10.62591], [151.30505, -10.62302], [151.30504, -10.62143], [151.30269, -10.61929], [151.30109, -10.61887], [151.29934, -10.61888], [151.29355, -10.62037], [151.29093, -10.62039], [151.2822, -10.61844]]], [[[150.62714, -10.61731], [150.62568, -10.61617], [150.62394, -10.61589], [150.62308, -10.61705], [150.62308, -10.61863], [150.62426, -10.62122], [150.62718, -10.62438], [150.62763, -10.62553], [150.62721, -10.62885], [150.62751, -10.63087], [150.63089, -10.63618], [150.63367, -10.63905], [150.63602, -10.64278], [150.63762, -10.64436], [150.6401, -10.64579], [150.64388, -10.64634], [150.65012, -10.64544], [150.65346, -10.64571], [150.65609, -10.64714], [150.65872, -10.65001], [150.65902, -10.6513], [150.65874, -10.6526], [150.65788, -10.65376], [150.65731, -10.65593], [150.6579, -10.6578], [150.65966, -10.65952], [150.65966, -10.66096], [150.66025, -10.66153], [150.66577, -10.66236], [150.66782, -10.6638], [150.66812, -10.66581], [150.66929, -10.66667], [150.67275, -10.66261], [150.67303, -10.66117], [150.67128, -10.65974], [150.66983, -10.65975], [150.66705, -10.65746], [150.6634, -10.65517], [150.6631, -10.652], [150.66483, -10.64997], [150.66482, -10.64853], [150.66043, -10.6448], [150.65695, -10.64482], [150.65636, -10.64425], [150.65577, -10.64195], [150.6566, -10.63589], [150.65629, -10.63329], [150.65498, -10.63186], [150.64855, -10.62671], [150.64214, -10.62285], [150.63528, -10.61784], [150.63383, -10.61756], [150.63165, -10.61786], [150.62714, -10.61731]]], [[[150.7948, -10.61833], [150.79508, -10.61746], [150.79391, -10.61574], [150.79275, -10.61575], [150.79188, -10.61662], [150.79189, -10.61806], [150.79247, -10.61892], [150.79364, -10.6192], [150.7948, -10.61833]]], [[[150.8941, -10.61405], [150.89462, -10.6131], [150.89441, -10.61249], [150.89383, -10.61236], [150.89325, -10.6125], [150.89295, -10.61303], [150.89297, -10.61366], [150.89356, -10.61423], [150.8941, -10.61405]]], [[[150.62392, -10.61329], [150.62411, -10.61244], [150.62391, -10.61156], [150.62262, -10.61139], [150.6213, -10.61158], [150.62082, -10.61234], [150.62102, -10.61302], [150.62262, -10.61359], [150.62392, -10.61329]]], [[[152.79438, -10.61346], [152.79286, -10.61106], [152.79193, -10.61039], [152.79065, -10.61007], [152.78919, -10.61028], [152.78492, -10.61257], [152.78313, -10.61334], [152.78195, -10.61421], [152.78045, -10.61574], [152.77861, -10.61652], [152.77623, -10.61807], [152.77489, -10.62095], [152.77005, -10.62538], [152.7676, -10.62717], [152.76564, -10.62942], [152.76413, -10.63018], [152.76257, -10.63043], [152.76074, -10.63002], [152.75958, -10.62946], [152.7584, -10.62914], [152.75499, -10.6293], [152.75019, -10.63046], [152.74641, -10.63099], [152.74518, -10.63144], [152.74461, -10.6319], [152.7435, -10.63408], [152.74292, -10.6343], [152.741, -10.63462], [152.7391, -10.63435], [152.73832, -10.63441], [152.73791, -10.63462], [152.73753, -10.63513], [152.73742, -10.63609], [152.73759, -10.63757], [152.73641, -10.6379], [152.73411, -10.63802], [152.73126, -10.63871], [152.72881, -10.64063], [152.72755, -10.64084], [152.72454, -10.64191], [152.72041, -10.64173], [152.71892, -10.64209], [152.71534, -10.64343], [152.71359, -10.64362], [152.7114, -10.64448], [152.70953, -10.64568], [152.70669, -10.64674], [152.70587, -10.64732], [152.70477, -10.64844], [152.70392, -10.64889], [152.70249, -10.64932], [152.701, -10.65034], [152.69991, -10.65132], [152.698, -10.65411], [152.69696, -10.65483], [152.69426, -10.6569], [152.6927, -10.65773], [152.69099, -10.65837], [152.68722, -10.65839], [152.68367, -10.65865], [152.67954, -10.65819], [152.67479, -10.65816], [152.6723, -10.65707], [152.66917, -10.65384], [152.66635, -10.65145], [152.66506, -10.65071], [152.66399, -10.65034], [152.66293, -10.65009], [152.66045, -10.64996], [152.6578, -10.64926], [152.65631, -10.6493], [152.65428, -10.65009], [152.65331, -10.6501], [152.65225, -10.64986], [152.64911, -10.64797], [152.64617, -10.64684], [152.64468, -10.64598], [152.64291, -10.64433], [152.64075, -10.64282], [152.63862, -10.64061], [152.63783, -10.64012], [152.63576, -10.63973], [152.63208, -10.63828], [152.6307, -10.63757], [152.62973, -10.63664], [152.62856, -10.63609], [152.62743, -10.63598], [152.62401, -10.63672], [152.62164, -10.63744], [152.61885, -10.63776], [152.61682, -10.63777], [152.61517, -10.63717], [152.61384, -10.63626], [152.61217, -10.63549], [152.60388, -10.6345], [152.60159, -10.63389], [152.5974, -10.63189], [152.59413, -10.62991], [152.59017, -10.62973], [152.58781, -10.62879], [152.58583, -10.62778], [152.58404, -10.62724], [152.57854, -10.62668], [152.57452, -10.62573], [152.56842, -10.62165], [152.5667, -10.62086], [152.56538, -10.62081], [152.56423, -10.62097], [152.56229, -10.62157], [152.56124, -10.62125], [152.5567, -10.61868], [152.55547, -10.61855], [152.55435, -10.61781], [152.5525, -10.61568], [152.55112, -10.61397], [152.54962, -10.613], [152.54665, -10.61221], [152.54226, -10.61162], [152.54094, -10.61161], [152.54013, -10.61218], [152.53945, -10.61302], [152.53882, -10.61454], [152.5378, -10.61529], [152.53647, -10.6159], [152.53505, -10.61679], [152.53444, -10.61775], [152.53372, -10.61814], [152.53181, -10.61851], [152.52546, -10.61835], [152.52439, -10.61854], [152.52103, -10.62094], [152.5192, -10.62255], [152.51834, -10.62397], [152.51812, -10.62483], [152.51811, -10.62619], [152.51864, -10.62717], [152.51941, -10.62751], [152.52207, -10.6272], [152.52317, -10.6274], [152.52394, -10.62774], [152.52384, -10.63018], [152.52412, -10.63095], [152.52517, -10.63116], [152.52649, -10.63208], [152.52798, -10.63275], [152.52937, -10.63379], [152.53465, -10.63571], [152.53755, -10.63702], [152.53954, -10.63835], [152.5403, -10.63937], [152.54152, -10.64046], [152.54307, -10.64131], [152.54423, -10.64267], [152.5451, -10.64429], [152.54655, -10.64611], [152.549, -10.64831], [152.54972, -10.6525], [152.5504, -10.65318], [152.55689, -10.65293], [152.55816, -10.65306], [152.55996, -10.65417], [152.56203, -10.65441], [152.56392, -10.65444], [152.56567, -10.65493], [152.57232, -10.65829], [152.57325, -10.65844], [152.57482, -10.6581], [152.57547, -10.65839], [152.5768, -10.65937], [152.57768, -10.65964], [152.57932, -10.65978], [152.5816, -10.65966], [152.58563, -10.66016], [152.58882, -10.66224], [152.59089, -10.66474], [152.59188, -10.66563], [152.5955, -10.66746], [152.59742, -10.66799], [152.59857, -10.66802], [152.60021, -10.66779], [152.6032, -10.66807], [152.60635, -10.66885], [152.60742, -10.66872], [152.60836, -10.66758], [152.60893, -10.66759], [152.60978, -10.66778], [152.61126, -10.66999], [152.61172, -10.67222], [152.61205, -10.67287], [152.61301, -10.67348], [152.61404, -10.67346], [152.61615, -10.67409], [152.61688, -10.67477], [152.61735, -10.67576], [152.61836, -10.67698], [152.62008, -10.67849], [152.62277, -10.68237], [152.6236, -10.6827], [152.62625, -10.68222], [152.62871, -10.68153], [152.63048, -10.68077], [152.63147, -10.67957], [152.63216, -10.67811], [152.63248, -10.67786], [152.63334, -10.67779], [152.63466, -10.67871], [152.63563, -10.67859], [152.64144, -10.67648], [152.64248, -10.67584], [152.64272, -10.6752], [152.64203, -10.67446], [152.6424, -10.67404], [152.64323, -10.67375], [152.64722, -10.67356], [152.64927, -10.675], [152.65249, -10.67674], [152.65317, -10.67742], [152.65585, -10.67897], [152.65677, -10.68043], [152.65752, -10.68128], [152.66062, -10.68371], [152.66286, -10.68462], [152.66506, -10.68508], [152.66701, -10.68583], [152.67066, -10.68658], [152.67247, -10.68701], [152.67256, -10.68751], [152.67188, -10.68983], [152.67204, -10.69038], [152.67289, -10.69094], [152.67535, -10.69177], [152.67708, -10.69277], [152.68074, -10.69573], [152.68207, -10.69755], [152.68337, -10.69808], [152.68486, -10.69813], [152.68683, -10.69771], [152.69124, -10.69715], [152.6927, -10.69761], [152.69402, -10.69836], [152.69519, -10.69946], [152.69675, -10.702], [152.69749, -10.70262], [152.69895, -10.70314], [152.70208, -10.7037], [152.7039, -10.70498], [152.70519, -10.70618], [152.7075, -10.70719], [152.70949, -10.70784], [152.7107, -10.70871], [152.71552, -10.70897], [152.72017, -10.71205], [152.72146, -10.71277], [152.72373, -10.71322], [152.72644, -10.71353], [152.73044, -10.71357], [152.73167, -10.71399], [152.7343, -10.71628], [152.73562, -10.71703], [152.73687, -10.71699], [152.73865, -10.71635], [152.74075, -10.71455], [152.74187, -10.7143], [152.74328, -10.71433], [152.74435, -10.71499], [152.74502, -10.71619], [152.74597, -10.71894], [152.74652, -10.71941], [152.74731, -10.7193], [152.75009, -10.71744], [152.75187, -10.71686], [152.7624, -10.71709], [152.76421, -10.7169], [152.7657, -10.71622], [152.76733, -10.71508], [152.76821, -10.7123], [152.76826, -10.71077], [152.7692, -10.70731], [152.76862, -10.70577], [152.76743, -10.70439], [152.76633, -10.7034], [152.76568, -10.70242], [152.76518, -10.70116], [152.76531, -10.69985], [152.76575, -10.69886], [152.76744, -10.69772], [152.76786, -10.69754], [152.76962, -10.69747], [152.7748, -10.69793], [152.77666, -10.69762], [152.77865, -10.69753], [152.78021, -10.69775], [152.78482, -10.69672], [152.78788, -10.69712], [152.79024, -10.69655], [152.79189, -10.6952], [152.79338, -10.69384], [152.79471, -10.69325], [152.79699, -10.69291], [152.79952, -10.693], [152.80198, -10.69281], [152.80425, -10.69185], [152.80676, -10.6911], [152.80852, -10.69097], [152.81259, -10.69112], [152.81668, -10.69307], [152.81829, -10.69317], [152.81982, -10.69301], [152.82068, -10.693], [152.82124, -10.69332], [152.82444, -10.69459], [152.82628, -10.69646], [152.82714, -10.69662], [152.8284, -10.69634], [152.82982, -10.69578], [152.83133, -10.69463], [152.83256, -10.69427], [152.83349, -10.69421], [152.83528, -10.69442], [152.83862, -10.69405], [152.84408, -10.69291], [152.84497, -10.69267], [152.84531, -10.69242], [152.84575, -10.6916], [152.8453, -10.68869], [152.84452, -10.68603], [152.84413, -10.68397], [152.84435, -10.68378], [152.84509, -10.68384], [152.84566, -10.68453], [152.84665, -10.68695], [152.84708, -10.68742], [152.84743, -10.68702], [152.84792, -10.68566], [152.84898, -10.68457], [152.84981, -10.68422], [152.85241, -10.68385], [152.85524, -10.68274], [152.85889, -10.68227], [152.8624, -10.68036], [152.86412, -10.67973], [152.86618, -10.67827], [152.86826, -10.6771], [152.87151, -10.67402], [152.87201, -10.67376], [152.8737, -10.67368], [152.8774, -10.67398], [152.87854, -10.67327], [152.87876, -10.67308], [152.87886, -10.67223], [152.8783, -10.67018], [152.87822, -10.66911], [152.87839, -10.66757], [152.87804, -10.66607], [152.87779, -10.66343], [152.87754, -10.66254], [152.87685, -10.66175], [152.87603, -10.66136], [152.87441, -10.6612], [152.8679, -10.65939], [152.86618, -10.65845], [152.8627, -10.65486], [152.86123, -10.65356], [152.86034, -10.65233], [152.85967, -10.65005], [152.85897, -10.64926], [152.85807, -10.64856], [152.85394, -10.64642], [152.85201, -10.6451], [152.84859, -10.642], [152.84633, -10.64112], [152.84404, -10.6408], [152.84001, -10.64066], [152.83874, -10.63994], [152.83735, -10.63836], [152.8364, -10.63801], [152.83549, -10.63801], [152.83309, -10.63721], [152.83267, -10.63692], [152.83227, -10.63664], [152.83177, -10.6357], [152.83176, -10.6336], [152.8313, -10.63231], [152.82976, -10.6306], [152.82776, -10.62936], [152.82557, -10.62854], [152.82341, -10.62869], [152.82178, -10.62859], [152.81773, -10.62761], [152.8159, -10.62733], [152.81447, -10.62616], [152.81339, -10.62274], [152.81276, -10.62187], [152.81181, -10.62139], [152.81062, -10.62131], [152.80549, -10.62143], [152.80483, -10.62124], [152.80393, -10.62035], [152.80328, -10.61912], [152.80253, -10.61473], [152.80183, -10.61381], [152.80039, -10.61259], [152.7982, -10.6117], [152.79653, -10.61211], [152.79612, -10.61319], [152.79603, -10.61435], [152.79438, -10.61346]]], [[[150.02115, -10.61058], [150.02075, -10.61], [150.0203, -10.60985], [150.01929, -10.60966], [150.01841, -10.60972], [150.01812, -10.61006], [150.01812, -10.61029], [150.01859, -10.61064], [150.02103, -10.61086], [150.02115, -10.61058]]], [[[150.66577, -10.61449], [150.66546, -10.6119], [150.66341, -10.60961], [150.66138, -10.60904], [150.66022, -10.60962], [150.65964, -10.61049], [150.65965, -10.61193], [150.66345, -10.61537], [150.66433, -10.61566], [150.66577, -10.61449]]], [[[150.63176, -10.61296], [150.63089, -10.6121], [150.62971, -10.60994], [150.62796, -10.60808], [150.62721, -10.6079], [150.6265, -10.60809], [150.62616, -10.60854], [150.62622, -10.60924], [150.62827, -10.61096], [150.62973, -10.61384], [150.63061, -10.6147], [150.63207, -10.61527], [150.63366, -10.61453], [150.63642, -10.61409], [150.637, -10.61351], [150.63699, -10.61264], [150.63293, -10.61324], [150.63176, -10.61296]]], [[[150.01202, -10.60801], [150.01214, -10.60762], [150.01201, -10.60715], [150.01145, -10.60702], [150.01114, -10.60715], [150.01085, -10.60744], [150.01114, -10.60801], [150.01202, -10.60801]]], [[[151.37927, -10.60453], [151.37781, -10.60425], [151.37491, -10.60485], [151.37287, -10.60458], [151.37259, -10.60487], [151.37357, -10.60677], [151.37407, -10.60774], [151.37409, -10.61062], [151.37237, -10.61323], [151.37064, -10.6144], [151.37064, -10.61488], [151.37065, -10.61556], [151.3711, -10.61604], [151.37181, -10.61612], [151.37526, -10.61191], [151.37741, -10.60843], [151.38044, -10.60596], [151.37927, -10.60453]]], [[[150.02711, -10.60536], [150.02724, -10.60478], [150.02711, -10.60421], [150.02661, -10.60407], [150.02624, -10.60421], [150.02584, -10.60441], [150.02566, -10.60479], [150.02575, -10.6052], [150.02652, -10.60544], [150.02711, -10.60536]]], [[[149.98178, -10.60465], [149.98178, -10.60379], [149.98062, -10.60379], [149.98033, -10.60437], [149.98064, -10.60469], [149.98121, -10.60494], [149.98178, -10.60465]]], [[[150.65234, -10.60477], [150.65234, -10.6039], [150.65176, -10.60333], [150.65088, -10.60333], [150.65059, -10.60362], [150.65089, -10.60449], [150.65176, -10.60506], [150.65234, -10.60477]]], [[[150.00997, -10.60484], [150.01051, -10.60419], [150.01084, -10.6034], [150.01032, -10.60306], [150.00967, -10.60311], [150.00898, -10.6035], [150.00851, -10.60427], [150.00859, -10.60463], [150.0088, -10.60485], [150.00997, -10.60484]]], [[[151.36792, -10.60231], [151.3681, -10.60169], [151.36791, -10.60116], [151.36741, -10.60086], [151.36704, -10.60116], [151.36675, -10.60203], [151.36688, -10.60241], [151.36734, -10.6026], [151.36792, -10.60231]]], [[[151.30515, -10.60168], [151.30515, -10.6011], [151.30456, -10.60053], [151.3034, -10.60025], [151.30312, -10.60083], [151.3037, -10.60169], [151.30458, -10.60197], [151.30515, -10.60168]]], [[[151.2407, -10.6071], [151.23953, -10.60624], [151.23516, -10.60483], [151.23428, -10.60397], [151.23311, -10.60196], [151.23106, -10.60082], [151.22902, -10.60055], [151.22552, -10.59798], [151.22377, -10.59771], [151.22117, -10.59917], [151.21943, -10.59948], [151.21885, -10.60006], [151.21988, -10.60134], [151.22266, -10.6032], [151.22571, -10.6039], [151.23167, -10.60457], [151.23285, -10.606], [151.23286, -10.60715], [151.23229, -10.60817], [151.22998, -10.61064], [151.23, -10.61237], [151.23436, -10.6132], [151.23845, -10.61547], [151.24164, -10.61516], [151.2434, -10.61673], [151.24458, -10.61889], [151.24575, -10.62003], [151.2491, -10.62101], [151.25244, -10.62113], [151.25475, -10.61938], [151.25561, -10.61794], [151.25588, -10.61563], [151.25529, -10.61447], [151.2528, -10.61248], [151.24989, -10.6112], [151.24813, -10.60977], [151.24564, -10.60648], [151.24418, -10.6062], [151.24274, -10.60737], [151.2407, -10.6071]]], [[[149.93236, -10.5953], [149.93206, -10.59386], [149.93149, -10.59443], [149.93178, -10.59559], [149.93236, -10.5953]]], [[[150.68381, -10.59607], [150.68307, -10.59392], [150.6822, -10.59306], [150.68103, -10.59306], [150.68046, -10.59393], [150.68076, -10.59508], [150.68251, -10.59681], [150.68381, -10.59607]]], [[[150.02033, -10.59315], [150.02125, -10.5924], [150.02212, -10.59125], [150.0222, -10.59034], [150.02211, -10.58952], [150.02138, -10.58909], [150.02015, -10.58887], [150.0192, -10.58895], [150.01863, -10.58953], [150.01849, -10.59112], [150.01864, -10.59299], [150.01893, -10.59338], [150.01951, -10.59356], [150.02033, -10.59315]]], [[[151.03979, -10.58813], [151.04182, -10.58667], [151.04181, -10.58552], [151.04065, -10.58553], [151.0392, -10.5864], [151.03863, -10.58727], [151.03892, -10.58814], [151.03979, -10.58813]]], [[[150.64615, -10.58952], [150.64615, -10.58894], [150.64146, -10.58349], [150.64001, -10.5835], [150.63943, -10.58408], [150.63973, -10.58494], [150.64499, -10.58981], [150.64548, -10.58986], [150.64615, -10.58952]]], [[[151.36755, -10.5928], [151.36782, -10.59136], [151.36955, -10.58918], [151.3704, -10.58729], [151.36879, -10.58586], [151.36484, -10.58302], [151.36194, -10.58304], [151.36107, -10.58362], [151.36108, -10.5842], [151.36373, -10.5885], [151.36522, -10.59282], [151.36639, -10.59396], [151.36755, -10.5928]]], [[[150.72869, -10.5948], [150.73157, -10.59161], [150.73259, -10.59117], [150.73448, -10.59101], [150.73563, -10.58957], [150.73533, -10.58841], [150.73387, -10.58698], [150.73357, -10.58496], [150.73093, -10.5821], [150.72977, -10.5821], [150.72833, -10.58355], [150.72763, -10.58774], [150.72691, -10.58962], [150.72694, -10.59366], [150.72782, -10.5948], [150.72869, -10.5948]]], [[[151.2078, -10.59841], [151.20982, -10.59724], [151.2104, -10.59637], [151.2101, -10.59522], [151.20511, -10.58892], [151.20249, -10.58836], [151.20132, -10.58721], [151.20013, -10.58391], [151.19793, -10.58104], [151.19661, -10.58004], [151.19254, -10.57978], [151.19109, -10.58037], [151.18908, -10.58269], [151.18778, -10.58357], [151.18517, -10.58489], [151.18533, -10.58619], [151.1868, -10.58761], [151.19408, -10.58958], [151.19582, -10.59072], [151.19949, -10.59458], [151.2024, -10.59586], [151.20635, -10.59843], [151.2078, -10.59841]]], [[[151.28059, -10.58227], [151.28203, -10.58081], [151.2826, -10.57965], [151.28201, -10.57879], [151.28056, -10.5788], [151.2794, -10.57968], [151.27883, -10.58084], [151.27884, -10.58199], [151.27943, -10.58256], [151.28059, -10.58227]]], [[[149.91575, -10.5792], [149.91601, -10.57898], [149.91604, -10.57862], [149.91544, -10.57835], [149.91487, -10.57834], [149.91459, -10.57863], [149.91487, -10.5792], [149.91575, -10.5792]]], [[[151.02699, -10.58563], [151.02669, -10.58361], [151.02725, -10.58072], [151.02898, -10.57927], [151.02897, -10.5784], [151.02723, -10.57813], [151.02289, -10.58046], [151.02071, -10.5812], [151.01795, -10.58165], [151.01347, -10.58399], [151.01044, -10.58603], [151.00869, -10.58576], [151.00635, -10.58404], [151.00563, -10.58405], [151.00477, -10.58506], [151.00449, -10.58766], [151.0035, -10.59098], [151.00206, -10.59244], [150.99944, -10.59246], [150.99976, -10.5949], [150.99947, -10.59591], [150.99774, -10.59737], [150.99512, -10.5971], [150.99453, -10.59653], [150.99424, -10.59552], [150.9948, -10.59321], [150.9942, -10.59061], [150.99463, -10.59004], [150.99651, -10.58902], [150.9968, -10.58815], [150.99621, -10.58758], [150.99534, -10.58729], [150.99375, -10.58846], [150.99101, -10.59107], [150.98927, -10.59108], [150.98866, -10.58849], [150.98808, -10.58792], [150.98721, -10.58793], [150.9849, -10.58996], [150.97835, -10.58871], [150.97457, -10.58859], [150.9708, -10.58876], [150.9679, -10.58936], [150.95977, -10.58999], [150.94847, -10.59353], [150.94354, -10.59558], [150.93847, -10.59663], [150.93499, -10.59867], [150.93238, -10.59926], [150.92602, -10.60334], [150.9221, -10.60423], [150.91905, -10.60397], [150.91789, -10.60484], [150.91761, -10.60571], [150.91791, -10.60715], [150.91938, -10.60915], [150.91968, -10.61074], [150.9194, -10.61204], [150.91882, -10.61233], [150.91766, -10.61234], [150.91532, -10.61062], [150.913, -10.61093], [150.91242, -10.61151], [150.91257, -10.61252], [150.9142, -10.61683], [150.91364, -10.619], [150.91394, -10.62073], [150.91048, -10.62421], [150.90729, -10.62452], [150.90495, -10.6228], [150.90146, -10.6234], [150.90031, -10.62486], [150.90033, -10.62687], [150.90136, -10.62845], [150.9038, -10.63154], [150.90415, -10.63348], [150.9041, -10.63678], [150.90405, -10.64026], [150.90509, -10.64357], [150.90425, -10.64674], [150.90252, -10.64935], [150.90225, -10.65166], [150.90255, -10.6531], [150.90431, -10.65597], [150.90635, -10.65769], [150.90766, -10.65667], [150.90794, -10.65581], [150.90968, -10.65464], [150.91606, -10.65344], [150.92317, -10.65268], [150.92375, -10.65152], [150.91995, -10.64794], [150.91877, -10.64607], [150.91846, -10.64348], [150.92193, -10.64086], [150.92338, -10.64056], [150.92743, -10.63765], [150.92888, -10.63764], [150.93003, -10.63648], [150.93145, -10.63214], [150.93465, -10.63154], [150.93699, -10.63369], [150.93875, -10.63699], [150.93992, -10.63814], [150.94356, -10.63869], [150.94719, -10.63838], [150.94952, -10.63865], [150.95186, -10.64094], [150.95273, -10.64094], [150.95562, -10.63832], [150.95707, -10.63831], [150.96262, -10.64231], [150.96626, -10.64359], [150.96844, -10.64371], [150.97019, -10.64486], [150.97106, -10.64485], [150.97105, -10.64225], [150.97191, -10.64138], [150.97466, -10.64036], [150.97742, -10.6399], [150.97959, -10.63845], [150.98363, -10.63496], [150.98522, -10.63408], [150.98754, -10.63378], [150.98871, -10.63435], [150.99018, -10.63578], [150.99152, -10.64052], [150.99169, -10.64355], [150.99227, -10.64413], [150.99343, -10.64412], [150.99691, -10.64207], [150.99821, -10.64178], [150.99923, -10.64206], [151.00011, -10.64292], [151.001, -10.64551], [151.00392, -10.64808], [151.00394, -10.64953], [151.00018, -10.65272], [151.00077, -10.65358], [151.00424, -10.65183], [151.00541, -10.65211], [151.00629, -10.65297], [151.00629, -10.65412], [151.00981, -10.65813], [151.00982, -10.659], [151.0078, -10.66118], [151.00694, -10.66277], [151.00754, -10.66464], [151.00929, -10.6665], [151.00846, -10.67141], [151.00904, -10.67198], [151.01035, -10.6714], [151.01165, -10.67138], [151.01166, -10.67225], [151.01224, -10.67282], [151.01341, -10.67224], [151.01369, -10.67108], [151.01599, -10.66847], [151.01686, -10.66847], [151.01946, -10.66672], [151.02121, -10.6667], [151.02544, -10.66898], [151.02822, -10.67127], [151.02924, -10.67256], [151.02941, -10.67501], [151.03118, -10.67788], [151.03148, -10.6799], [151.03235, -10.68047], [151.03293, -10.67989], [151.03321, -10.67844], [151.03379, -10.67786], [151.03524, -10.67756], [151.0361, -10.67669], [151.03608, -10.67323], [151.03926, -10.6709], [151.04071, -10.67031], [151.04332, -10.6703], [151.04625, -10.67345], [151.04887, -10.67372], [151.0506, -10.67197], [151.0503, -10.67068], [151.05086, -10.66822], [151.04969, -10.66708], [151.04271, -10.66626], [151.04096, -10.66483], [151.04066, -10.66383], [151.04196, -10.66309], [151.04662, -10.66407], [151.04908, -10.66305], [151.05722, -10.66327], [151.06011, -10.66095], [151.06185, -10.66065], [151.06329, -10.65919], [151.06383, -10.65371], [151.0647, -10.65399], [151.06559, -10.65543], [151.06676, -10.65657], [151.06733, -10.65657], [151.06762, -10.65599], [151.06747, -10.65412], [151.0686, -10.65093], [151.06844, -10.64935], [151.06698, -10.64792], [151.06523, -10.64765], [151.06103, -10.64854], [151.05593, -10.64714], [151.05359, -10.64542], [151.05141, -10.64558], [151.04866, -10.6469], [151.04605, -10.64663], [151.04546, -10.64606], [151.04545, -10.64375], [151.04369, -10.64232], [151.04195, -10.64233], [151.03992, -10.6435], [151.0373, -10.64323], [151.03672, -10.64266], [151.03671, -10.64092], [151.03728, -10.64006], [151.04627, -10.63711], [151.04742, -10.63595], [151.04769, -10.63364], [151.04827, -10.63306], [151.04972, -10.63276], [151.05088, -10.6316], [151.05027, -10.62929], [151.05056, -10.62814], [151.05316, -10.62581], [151.05314, -10.62466], [151.05168, -10.62294], [151.04907, -10.62325], [151.0479, -10.62297], [151.04731, -10.62182], [151.04846, -10.6195], [151.04932, -10.61863], [151.05048, -10.61833], [151.05107, -10.61862], [151.05193, -10.61804], [151.05221, -10.61659], [151.05366, -10.61572], [151.05512, -10.61715], [151.05718, -10.62088], [151.05893, -10.62116], [151.0598, -10.62057], [151.06095, -10.61913], [151.06399, -10.61809], [151.06704, -10.61764], [151.0714, -10.61818], [151.07227, -10.61731], [151.07255, -10.61601], [151.07162, -10.60866], [151.0706, -10.60795], [151.06711, -10.60769], [151.06609, -10.60726], [151.06549, -10.60496], [151.06635, -10.6038], [151.06722, -10.6035], [151.06866, -10.60177], [151.06866, -10.60119], [151.06631, -10.59803], [151.0663, -10.59746], [151.06688, -10.59688], [151.06833, -10.59658], [151.0692, -10.59571], [151.06918, -10.59427], [151.06772, -10.59312], [151.06584, -10.59328], [151.06106, -10.5949], [151.05916, -10.59448], [151.0564, -10.59464], [151.05582, -10.59407], [151.0558, -10.59234], [151.05493, -10.59148], [151.05347, -10.59149], [151.05218, -10.59251], [151.04857, -10.59672], [151.0483, -10.59874], [151.04919, -10.60104], [151.04733, -10.60495], [151.04603, -10.60625], [151.04314, -10.60714], [151.04286, -10.60945], [151.042, -10.61032], [151.04024, -10.60947], [151.03994, -10.60817], [151.04037, -10.60673], [151.04209, -10.60296], [151.0425, -10.6008], [151.04176, -10.59922], [151.0416, -10.59619], [151.04101, -10.59562], [151.03636, -10.59536], [151.0355, -10.59595], [151.03537, -10.59927], [151.03495, -10.60057], [151.03292, -10.60116], [151.03206, -10.60203], [151.03178, -10.60405], [151.03062, -10.60492], [151.02859, -10.60465], [151.02713, -10.60322], [151.02666, -10.59933], [151.02592, -10.59775], [151.02591, -10.59573], [151.02849, -10.59196], [151.02849, -10.5911], [151.02776, -10.59067], [151.02558, -10.59054], [151.02556, -10.5891], [151.02788, -10.58735], [151.02699, -10.58563]]], [[[149.93435, -10.58202], [149.93435, -10.58145], [149.9326, -10.58001], [149.93288, -10.57828], [149.93259, -10.57742], [149.93142, -10.57627], [149.93055, -10.57598], [149.92969, -10.57743], [149.92853, -10.57829], [149.92853, -10.57916], [149.93319, -10.5826], [149.93435, -10.58202]]], [[[150.90609, -10.57911], [150.9084, -10.57664], [150.9084, -10.57621], [150.90708, -10.57535], [150.90606, -10.57521], [150.90462, -10.57609], [150.9026, -10.5787], [150.90116, -10.57957], [150.90014, -10.57929], [150.89738, -10.57989], [150.89406, -10.58221], [150.89305, -10.58338], [150.89306, -10.58482], [150.89365, -10.58539], [150.89988, -10.58448], [150.90076, -10.58505], [150.90163, -10.58505], [150.90264, -10.58418], [150.90263, -10.58245], [150.90335, -10.58187], [150.90466, -10.58243], [150.90553, -10.58156], [150.90552, -10.58012], [150.90609, -10.57911]]], [[[150.70597, -10.58628], [150.70553, -10.5847], [150.70417, -10.57678], [150.70329, -10.57549], [150.70125, -10.57391], [150.70009, -10.57392], [150.69951, -10.5745], [150.69952, -10.57594], [150.69778, -10.57768], [150.69841, -10.58446], [150.69814, -10.58719], [150.69627, -10.58966], [150.69525, -10.59039], [150.69249, -10.59026], [150.69045, -10.58969], [150.6874, -10.58957], [150.68712, -10.5913], [150.68801, -10.59446], [150.68629, -10.59707], [150.6834, -10.59911], [150.68166, -10.59941], [150.68079, -10.60056], [150.6811, -10.6033], [150.68405, -10.61035], [150.68492, -10.61121], [150.68754, -10.61177], [150.68988, -10.61291], [150.6919, -10.61232], [150.69537, -10.60884], [150.69653, -10.60912], [150.698, -10.61085], [150.69916, -10.61084], [150.70046, -10.61011], [150.70423, -10.60907], [150.70554, -10.60936], [150.70642, -10.61022], [150.70527, -10.61195], [150.70527, -10.61268], [150.70586, -10.61339], [150.7076, -10.61367], [150.70848, -10.61453], [150.70877, -10.61568], [150.70733, -10.61713], [150.7053, -10.61801], [150.70474, -10.61946], [150.70563, -10.62262], [150.70679, -10.62348], [150.7081, -10.62347], [150.71289, -10.62258], [150.7142, -10.62329], [150.71841, -10.62341], [150.72017, -10.62499], [150.72398, -10.63015], [150.72807, -10.63431], [150.72938, -10.63459], [150.73025, -10.6343], [150.74167, -10.62586], [150.74342, -10.62586], [150.74459, -10.62671], [150.7452, -10.63132], [150.74578, -10.6319], [150.7484, -10.63275], [150.75042, -10.63072], [150.75216, -10.6307], [150.75333, -10.63127], [150.75567, -10.63414], [150.75626, -10.63414], [150.75712, -10.63356], [150.7584, -10.62822], [150.75852, -10.62461], [150.7572, -10.62361], [150.75037, -10.62235], [150.74686, -10.61862], [150.7454, -10.61777], [150.74453, -10.61777], [150.74394, -10.6172], [150.74248, -10.61462], [150.74101, -10.61376], [150.73811, -10.61435], [150.73696, -10.61522], [150.73464, -10.61553], [150.73378, -10.61726], [150.73262, -10.61842], [150.73174, -10.61785], [150.73188, -10.61684], [150.73402, -10.61034], [150.73533, -10.6099], [150.73692, -10.60974], [150.73923, -10.60771], [150.7417, -10.60726], [150.74416, -10.60624], [150.74547, -10.60623], [150.75012, -10.60707], [150.75202, -10.60792], [150.75317, -10.60676], [150.75317, -10.6059], [150.75083, -10.60418], [150.74995, -10.60217], [150.74644, -10.59873], [150.74469, -10.59816], [150.74207, -10.59645], [150.74032, -10.59646], [150.73569, -10.59937], [150.73483, -10.60053], [150.7337, -10.60515], [150.73283, -10.60573], [150.72991, -10.6046], [150.72788, -10.60519], [150.72615, -10.60693], [150.72587, -10.60837], [150.72472, -10.60953], [150.7221, -10.60926], [150.72006, -10.60725], [150.71889, -10.60726], [150.71744, -10.60813], [150.71658, -10.60814], [150.71599, -10.60728], [150.7167, -10.6054], [150.7174, -10.60121], [150.71798, -10.60063], [150.71914, -10.60034], [150.71986, -10.59961], [150.71999, -10.59701], [150.71969, -10.59543], [150.72027, -10.59485], [150.72259, -10.59512], [150.72403, -10.59367], [150.72459, -10.58848], [150.724, -10.58762], [150.72254, -10.58763], [150.7211, -10.5885], [150.71993, -10.58793], [150.72108, -10.58648], [150.72165, -10.58475], [150.72165, -10.58388], [150.72105, -10.58043], [150.72017, -10.57957], [150.71261, -10.57875], [150.71145, -10.57933], [150.70972, -10.58136], [150.70888, -10.58569], [150.70917, -10.58598], [150.70831, -10.58685], [150.70656, -10.58686], [150.70597, -10.58628]]], [[[151.19861, -10.57513], [151.19889, -10.57397], [151.1983, -10.57282], [151.19742, -10.57225], [151.19684, -10.57283], [151.19686, -10.57456], [151.19773, -10.57542], [151.19861, -10.57513]]], [[[150.71405, -10.57643], [150.71636, -10.57469], [150.71665, -10.57382], [150.71577, -10.57267], [150.71373, -10.57211], [150.71315, -10.57269], [150.71259, -10.57586], [150.71317, -10.57643], [150.71405, -10.57643]]], [[[150.79651, -10.57016], [150.79701, -10.56984], [150.79766, -10.56871], [150.79612, -10.56844], [150.79476, -10.56844], [150.79418, -10.56902], [150.79418, -10.56989], [150.79462, -10.57031], [150.79539, -10.57036], [150.79651, -10.57016]]], [[[151.90063, -10.56246], [151.9012, -10.56187], [151.90136, -10.56061], [151.90118, -10.55985], [151.90002, -10.55987], [151.89915, -10.56045], [151.89899, -10.56123], [151.89917, -10.5619], [151.89976, -10.56246], [151.90063, -10.56246]]], [[[151.26038, -10.5631], [151.26037, -10.56224], [151.25832, -10.56024], [151.25716, -10.55967], [151.25572, -10.56112], [151.25573, -10.56228], [151.25661, -10.56342], [151.25923, -10.56398], [151.26038, -10.5631]]], [[[149.90696, -10.55875], [149.90723, -10.55842], [149.90717, -10.55807], [149.90696, -10.55788], [149.90624, -10.55769], [149.90551, -10.55789], [149.90522, -10.55818], [149.90551, -10.55876], [149.90696, -10.55875]]], [[[150.77356, -10.57021], [150.77414, -10.56943], [150.77413, -10.56741], [150.77192, -10.56454], [150.76448, -10.55853], [150.75982, -10.55712], [150.75866, -10.55626], [150.75633, -10.55628], [150.75422, -10.55745], [150.75373, -10.55773], [150.75373, -10.55918], [150.75548, -10.56032], [150.7552, -10.56147], [150.75405, -10.56263], [150.75042, -10.5628], [150.7494, -10.56353], [150.74913, -10.56526], [150.75015, -10.56655], [150.75278, -10.56856], [150.75361, -10.56955], [150.7541, -10.57013], [150.75613, -10.57041], [150.75715, -10.57098], [150.75934, -10.57298], [150.76283, -10.57325], [150.76543, -10.57035], [150.7679, -10.57048], [150.77212, -10.57146], [150.77327, -10.57059], [150.77356, -10.57021]]], [[[150.72445, -10.56714], [150.72502, -10.56512], [150.72703, -10.5628], [150.72731, -10.5602], [150.72643, -10.55862], [150.72393, -10.55517], [150.72087, -10.55303], [150.71884, -10.55304], [150.7171, -10.55421], [150.71653, -10.55652], [150.71452, -10.5597], [150.71424, -10.56129], [150.71454, -10.56259], [150.716, -10.56402], [150.72007, -10.56515], [150.72358, -10.56743], [150.72445, -10.56714]]], [[[150.71016, -10.55829], [150.71043, -10.55598], [150.71159, -10.55424], [150.7107, -10.55309], [150.70925, -10.55281], [150.70751, -10.55311], [150.70679, -10.55384], [150.70694, -10.55542], [150.70841, -10.55714], [150.70841, -10.55801], [150.70929, -10.55858], [150.71016, -10.55829]]], [[[151.12057, -10.55207], [151.12143, -10.5512], [151.12084, -10.55034], [151.11997, -10.55006], [151.11896, -10.5505], [151.11853, -10.55151], [151.11912, -10.55208], [151.12057, -10.55207]]], [[[151.82815, -10.54849], [151.82812, -10.54531], [151.82769, -10.54513], [151.82724, -10.54532], [151.82669, -10.54763], [151.82583, -10.5488], [151.82586, -10.54937], [151.82613, -10.54966], [151.82815, -10.54849]]], [[[151.08774, -10.53586], [151.0879, -10.5353], [151.08674, -10.53502], [151.08645, -10.5353], [151.08645, -10.5356], [151.08675, -10.53597], [151.08733, -10.53617], [151.08774, -10.53586]]], [[[151.21338, -10.53463], [151.21396, -10.53406], [151.21337, -10.5329], [151.21104, -10.53292], [151.21076, -10.53379], [151.21193, -10.53465], [151.21338, -10.53463]]], [[[149.85295, -10.53318], [149.85314, -10.53296], [149.85314, -10.53209], [149.85253, -10.53196], [149.85197, -10.5321], [149.85168, -10.53239], [149.85169, -10.53268], [149.85256, -10.53325], [149.85295, -10.53318]]], [[[151.24565, -10.53871], [151.24633, -10.53308], [151.24617, -10.53149], [151.24501, -10.53035], [151.24384, -10.53007], [151.24326, -10.53094], [151.24328, -10.53253], [151.2442, -10.53872], [151.24479, -10.53929], [151.24565, -10.53871]]], [[[150.87342, -10.53953], [150.86863, -10.53941], [150.86746, -10.53812], [150.86977, -10.53566], [150.86976, -10.53465], [150.86887, -10.53249], [150.86759, -10.53087], [150.86682, -10.52991], [150.86566, -10.52905], [150.8642, -10.52906], [150.86073, -10.5311], [150.86016, -10.53226], [150.86018, -10.53543], [150.86225, -10.5396], [150.86314, -10.5432], [150.86141, -10.54523], [150.85881, -10.54727], [150.85824, -10.54842], [150.8584, -10.55058], [150.85973, -10.55447], [150.86091, -10.55619], [150.86381, -10.55675], [150.8644, -10.55761], [150.86296, -10.55964], [150.86297, -10.5605], [150.8637, -10.56122], [150.86647, -10.56279], [150.86647, -10.56337], [150.86561, -10.56424], [150.86241, -10.56368], [150.86124, -10.56282], [150.85834, -10.56284], [150.85775, -10.56227], [150.85774, -10.56111], [150.85861, -10.56024], [150.8586, -10.55851], [150.85757, -10.55737], [150.85597, -10.55651], [150.85451, -10.55508], [150.8539, -10.55162], [150.85157, -10.54962], [150.84663, -10.54965], [150.84576, -10.55023], [150.84576, -10.55081], [150.84635, -10.55196], [150.84986, -10.55511], [150.84931, -10.5603], [150.84962, -10.56232], [150.84904, -10.56333], [150.8453, -10.56754], [150.84442, -10.56697], [150.8444, -10.56408], [150.84584, -10.56177], [150.84583, -10.56062], [150.83998, -10.55517], [150.83939, -10.55316], [150.8372, -10.5513], [150.83705, -10.55058], [150.83935, -10.54768], [150.83963, -10.54624], [150.83846, -10.54538], [150.8344, -10.5454], [150.83295, -10.54628], [150.83267, -10.54743], [150.83094, -10.54888], [150.83035, -10.54889], [150.82918, -10.54731], [150.82655, -10.54516], [150.8251, -10.54489], [150.82452, -10.54546], [150.82482, -10.54633], [150.82569, -10.5469], [150.82628, -10.54805], [150.8257, -10.54863], [150.8231, -10.54923], [150.82194, -10.5501], [150.82077, -10.54924], [150.82133, -10.54592], [150.81987, -10.54463], [150.8158, -10.54466], [150.81422, -10.54712], [150.81291, -10.5467], [150.8126, -10.54353], [150.81376, -10.54265], [150.81636, -10.54206], [150.8181, -10.54032], [150.81809, -10.53945], [150.81692, -10.53831], [150.81503, -10.53817], [150.81139, -10.5369], [150.80906, -10.53519], [150.80701, -10.53289], [150.80585, -10.5329], [150.80382, -10.53435], [150.79817, -10.5354], [150.79745, -10.53583], [150.79776, -10.53987], [150.79661, -10.54103], [150.79356, -10.54076], [150.79022, -10.54136], [150.78964, -10.54194], [150.78965, -10.54281], [150.79213, -10.54452], [150.79374, -10.54653], [150.79404, -10.54797], [150.79291, -10.55302], [150.79321, -10.55518], [150.79615, -10.55949], [150.79588, -10.56353], [150.79647, -10.56439], [150.79763, -10.56352], [150.79966, -10.56322], [150.80112, -10.56465], [150.80289, -10.56868], [150.80581, -10.57125], [150.80771, -10.57196], [150.81076, -10.57266], [150.81223, -10.57496], [150.81253, -10.57669], [150.81545, -10.57898], [150.81575, -10.57984], [150.81488, -10.58071], [150.81198, -10.58073], [150.8114, -10.5816], [150.81141, -10.58275], [150.81199, -10.58333], [150.81548, -10.58359], [150.81752, -10.58502], [150.82029, -10.58558], [150.82394, -10.58873], [150.82453, -10.58988], [150.82426, -10.59233], [150.82455, -10.5932], [150.82689, -10.59592], [150.82604, -10.59852], [150.82678, -10.59952], [150.82779, -10.59937], [150.82923, -10.59735], [150.8298, -10.59561], [150.83067, -10.59503], [150.83299, -10.59501], [150.83445, -10.59645], [150.83446, -10.5976], [150.83592, -10.59846], [150.83651, -10.5996], [150.83565, -10.60106], [150.83566, -10.60279], [150.83771, -10.60479], [150.83684, -10.60566], [150.83306, -10.60482], [150.8287, -10.60571], [150.82842, -10.60629], [150.829, -10.60686], [150.83046, -10.60714], [150.83309, -10.60943], [150.83469, -10.60971], [150.83687, -10.60941], [150.83745, -10.61027], [150.83717, -10.61172], [150.83834, -10.61229], [150.84094, -10.61083], [150.84239, -10.60937], [150.84296, -10.60822], [150.84441, -10.60792], [150.84646, -10.60935], [150.85489, -10.61131], [150.85636, -10.61332], [150.85898, -10.61359], [150.86189, -10.61588], [150.86162, -10.61732], [150.85988, -10.61762], [150.85901, -10.61878], [150.85975, -10.61978], [150.86252, -10.62136], [150.86281, -10.62222], [150.86224, -10.62309], [150.86108, -10.62396], [150.85992, -10.62426], [150.85906, -10.62513], [150.85906, -10.6257], [150.85994, -10.62656], [150.86139, -10.62655], [150.86431, -10.62913], [150.86518, -10.62912], [150.86663, -10.62768], [150.86781, -10.63026], [150.86912, -10.63097], [150.87103, -10.63341], [150.87103, -10.63413], [150.87047, -10.63745], [150.8696, -10.63775], [150.86788, -10.64006], [150.86675, -10.64497], [150.86602, -10.64546], [150.86501, -10.64614], [150.86356, -10.64586], [150.86064, -10.64386], [150.85337, -10.64333], [150.85059, -10.64076], [150.84578, -10.63732], [150.84345, -10.63763], [150.84056, -10.63938], [150.83765, -10.63968], [150.83648, -10.63796], [150.83677, -10.63724], [150.83631, -10.63407], [150.83469, -10.63163], [150.83193, -10.63121], [150.82975, -10.63137], [150.82133, -10.63142], [150.81928, -10.62971], [150.8184, -10.62827], [150.81723, -10.62799], [150.8155, -10.62944], [150.81202, -10.63004], [150.80939, -10.6289], [150.80822, -10.62776], [150.80822, -10.62661], [150.80908, -10.62574], [150.80995, -10.62573], [150.81111, -10.62471], [150.81023, -10.624], [150.8082, -10.6243], [150.80417, -10.62894], [150.80329, -10.62895], [150.80124, -10.62665], [150.80023, -10.62622], [150.79746, -10.62552], [150.79221, -10.62181], [150.78605, -10.61348], [150.78516, -10.61118], [150.78429, -10.61032], [150.7824, -10.61077], [150.78051, -10.61063], [150.7735, -10.60548], [150.76812, -10.6048], [150.76521, -10.60395], [150.76274, -10.60382], [150.76191, -10.61046], [150.76397, -10.61362], [150.76427, -10.61534], [150.75964, -10.61913], [150.75966, -10.62229], [150.76113, -10.62373], [150.76564, -10.625], [150.76898, -10.62512], [150.76956, -10.62397], [150.7678, -10.62224], [150.7678, -10.62109], [150.76837, -10.62022], [150.76953, -10.61964], [150.772, -10.61977], [150.78116, -10.62188], [150.78335, -10.6233], [150.78701, -10.62674], [150.7876, -10.62904], [150.78732, -10.63049], [150.78588, -10.63194], [150.78239, -10.63225], [150.78124, -10.63312], [150.78068, -10.63587], [150.78098, -10.63803], [150.78244, -10.63946], [150.7871, -10.64001], [150.79235, -10.64343], [150.79354, -10.64746], [150.79268, -10.65064], [150.79357, -10.65179], [150.79429, -10.65164], [150.79703, -10.64802], [150.7973, -10.64571], [150.79699, -10.64254], [150.79786, -10.64138], [150.80003, -10.64079], [150.80076, -10.64107], [150.80163, -10.64078], [150.80278, -10.63962], [150.80424, -10.63961], [150.80657, -10.64161], [150.80977, -10.64159], [150.81295, -10.63956], [150.81469, -10.63954], [150.81717, -10.64053], [150.82081, -10.64095], [150.82227, -10.64209], [150.82316, -10.6441], [150.82432, -10.64467], [150.82634, -10.64293], [150.82867, -10.64263], [150.82983, -10.64348], [150.83158, -10.64376], [150.83698, -10.64762], [150.83684, -10.64892], [150.83511, -10.6498], [150.83453, -10.65066], [150.83454, -10.65181], [150.83498, -10.65225], [150.83782, -10.65211], [150.83861, -10.65208], [150.84007, -10.65322], [150.84182, -10.65321], [150.84442, -10.65146], [150.84643, -10.64914], [150.84788, -10.64827], [150.84904, -10.64826], [150.85399, -10.6491], [150.855, -10.6497], [150.85574, -10.65053], [150.85619, -10.65182], [150.85647, -10.65418], [150.85665, -10.65571], [150.85782, -10.65686], [150.85869, -10.65685], [150.86071, -10.65482], [150.86157, -10.65193], [150.86272, -10.65048], [150.86504, -10.64989], [150.86737, -10.65016], [150.86956, -10.65173], [150.87146, -10.65388], [150.87553, -10.65444], [150.87726, -10.65241], [150.87842, -10.65182], [150.8822, -10.65208], [150.88454, -10.65437], [150.88599, -10.65466], [150.88731, -10.65551], [150.89009, -10.65809], [150.89154, -10.65808], [150.89313, -10.65706], [150.89702, -10.65141], [150.89784, -10.64592], [150.89753, -10.64275], [150.89654, -10.6415], [150.8949, -10.63945], [150.89372, -10.6373], [150.89282, -10.63327], [150.88988, -10.62839], [150.88987, -10.62752], [150.8887, -10.62637], [150.88681, -10.62566], [150.88434, -10.62554], [150.88345, -10.6241], [150.88576, -10.62207], [150.88605, -10.6212], [150.88532, -10.62077], [150.88314, -10.62035], [150.88313, -10.6192], [150.8837, -10.61833], [150.88602, -10.61716], [150.88747, -10.61686], [150.88921, -10.61512], [150.88932, -10.6118], [150.88975, -10.61051], [150.89178, -10.60876], [150.8932, -10.60529], [150.89291, -10.605], [150.89348, -10.60414], [150.89318, -10.60212], [150.88778, -10.59812], [150.88676, -10.59784], [150.885, -10.59554], [150.88499, -10.59439], [150.88817, -10.59206], [150.88816, -10.59076], [150.88727, -10.58832], [150.88872, -10.58744], [150.89016, -10.58599], [150.89016, -10.58513], [150.88899, -10.58369], [150.88318, -10.58459], [150.88259, -10.58373], [150.88432, -10.58171], [150.88344, -10.58084], [150.88228, -10.58114], [150.8817, -10.58057], [150.88169, -10.57941], [150.88634, -10.57881], [150.88807, -10.57678], [150.88776, -10.57476], [150.88601, -10.57304], [150.88309, -10.57248], [150.88221, -10.57105], [150.88279, -10.57046], [150.88889, -10.57014], [150.89035, -10.57128], [150.89137, -10.57127], [150.89427, -10.57068], [150.89514, -10.57125], [150.89674, -10.57095], [150.89991, -10.56776], [150.90051, -10.56323], [150.90074, -10.56155], [150.90013, -10.55708], [150.89866, -10.55537], [150.89822, -10.55407], [150.89777, -10.55162], [150.89543, -10.54991], [150.89252, -10.54906], [150.89017, -10.54648], [150.88843, -10.54592], [150.88667, -10.54334], [150.88521, -10.54219], [150.88375, -10.54191], [150.88288, -10.54105], [150.88228, -10.53904], [150.88169, -10.53846], [150.88054, -10.53847], [150.87735, -10.54051], [150.87532, -10.54052], [150.87342, -10.53953]]], [[[151.0867, -10.52983], [151.08727, -10.52923], [151.08756, -10.52867], [151.0869, -10.52816], [151.08635, -10.52811], [151.08494, -10.52696], [151.08406, -10.52696], [151.08377, -10.52725], [151.08408, -10.52956], [151.08583, -10.53041], [151.0867, -10.52983]]], [[[151.27028, -10.53073], [151.26907, -10.52583], [151.2682, -10.52526], [151.26762, -10.52628], [151.26853, -10.53074], [151.26941, -10.5316], [151.27028, -10.53073]]], [[[149.82345, -10.52579], [149.82378, -10.52554], [149.82376, -10.52505], [149.82293, -10.52407], [149.82233, -10.52382], [149.82189, -10.52401], [149.82203, -10.52468], [149.82291, -10.52584], [149.82345, -10.52579]]], [[[149.826, -10.52314], [149.8258, -10.52265], [149.82435, -10.52208], [149.82403, -10.52227], [149.82406, -10.52266], [149.82465, -10.52324], [149.82581, -10.52352], [149.826, -10.52314]]], [[[149.98234, -10.51872], [149.98252, -10.51822], [149.98234, -10.51756], [149.98176, -10.51743], [149.98118, -10.51756], [149.98078, -10.51811], [149.98089, -10.51872], [149.98159, -10.51882], [149.98234, -10.51872]]], [[[149.84315, -10.51717], [149.8435, -10.51669], [149.8431, -10.51636], [149.84263, -10.51626], [149.84204, -10.51643], [149.84176, -10.51684], [149.84191, -10.51727], [149.84263, -10.51742], [149.84315, -10.51717]]], [[[149.82288, -10.51603], [149.82266, -10.51569], [149.82228, -10.51556], [149.82143, -10.51575], [149.82085, -10.51633], [149.81794, -10.51605], [149.8175, -10.51632], [149.81737, -10.51691], [149.81868, -10.51806], [149.81911, -10.51864], [149.81883, -10.52181], [149.81971, -10.52296], [149.82058, -10.52325], [149.82127, -10.52267], [149.82174, -10.5218], [149.82115, -10.51892], [149.82288, -10.51603]]], [[[149.8397, -10.50849], [149.83925, -10.50797], [149.83883, -10.50791], [149.83857, -10.50846], [149.83854, -10.50907], [149.83874, -10.50956], [149.83912, -10.50964], [149.8397, -10.50849]]], [[[149.86703, -10.49291], [149.86724, -10.49255], [149.86666, -10.49168], [149.86633, -10.49158], [149.86579, -10.49168], [149.86551, -10.49193], [149.8655, -10.49226], [149.86666, -10.49312], [149.86703, -10.49291]]], [[[149.82381, -10.47907], [149.82335, -10.47883], [149.82294, -10.47912], [149.82218, -10.47883], [149.8219, -10.47941], [149.82248, -10.47999], [149.82335, -10.47998], [149.82393, -10.47941], [149.82381, -10.47907]]], [[[149.84222, -10.47907], [149.84048, -10.47763], [149.83961, -10.47763], [149.83366, -10.47923], [149.83105, -10.47953], [149.82654, -10.47882], [149.82568, -10.48027], [149.82976, -10.48717], [149.82992, -10.49222], [149.8292, -10.49525], [149.82718, -10.49699], [149.82718, -10.49785], [149.82806, -10.49958], [149.82662, -10.50391], [149.82575, -10.50477], [149.82401, -10.50593], [149.82431, -10.50824], [149.82489, -10.50881], [149.82736, -10.50895], [149.82867, -10.50996], [149.82868, -10.51342], [149.82912, -10.51385], [149.83245, -10.51341], [149.83362, -10.51225], [149.83681, -10.51195], [149.83739, -10.5108], [149.83709, -10.50734], [149.83766, -10.50647], [149.83882, -10.5056], [149.84173, -10.50531], [149.84275, -10.5066], [149.8429, -10.51021], [149.84552, -10.51337], [149.8454, -10.51784], [149.8441, -10.52087], [149.8444, -10.52347], [149.84643, -10.5249], [149.84773, -10.52303], [149.84933, -10.52173], [149.8499, -10.52028], [149.84845, -10.51798], [149.84873, -10.51653], [149.8496, -10.51566], [149.85367, -10.51565], [149.85801, -10.51074], [149.858, -10.50959], [149.85713, -10.50844], [149.85683, -10.50671], [149.8577, -10.50584], [149.85915, -10.50584], [149.86147, -10.50381], [149.86321, -10.50352], [149.86408, -10.50265], [149.86495, -10.50092], [149.86465, -10.49948], [149.8632, -10.49832], [149.8629, -10.49746], [149.86419, -10.4927], [149.86361, -10.49068], [149.862, -10.48737], [149.85909, -10.48536], [149.85574, -10.48508], [149.85415, -10.48537], [149.85182, -10.48481], [149.84891, -10.48135], [149.84629, -10.47992], [149.84222, -10.47907]]], [[[150.6587, -10.48087], [150.65854, -10.479], [150.65737, -10.47728], [150.65628, -10.47713], [150.65447, -10.47729], [150.65377, -10.47795], [150.6536, -10.47874], [150.65768, -10.48131], [150.65839, -10.48132], [150.6587, -10.48087]]], [[[149.81737, -10.47193], [149.81782, -10.47156], [149.81809, -10.47106], [149.81693, -10.47077], [149.81635, -10.47135], [149.81646, -10.47167], [149.81665, -10.47193], [149.81737, -10.47193]]], [[[150.11139, -10.47182], [150.11284, -10.47038], [150.11284, -10.4698], [150.1108, -10.46837], [150.10906, -10.46809], [150.10848, -10.46866], [150.10878, -10.4701], [150.11053, -10.47182], [150.11139, -10.47182]]], [[[150.10704, -10.47126], [150.10703, -10.47011], [150.10586, -10.46809], [150.10353, -10.46666], [150.1015, -10.46609], [150.09902, -10.46437], [150.09698, -10.46254], [150.09378, -10.46064], [150.09159, -10.45892], [150.09014, -10.45691], [150.08927, -10.45691], [150.08869, -10.45749], [150.08827, -10.46225], [150.08697, -10.46384], [150.08552, -10.46471], [150.08204, -10.46559], [150.08117, -10.46646], [150.08147, -10.46761], [150.0838, -10.46962], [150.08614, -10.47452], [150.08702, -10.47538], [150.0885, -10.47516], [150.09528, -10.47232], [150.1005, -10.47129], [150.10617, -10.47184], [150.10704, -10.47126]]], [[[150.11047, -10.45798], [150.11191, -10.45625], [150.1119, -10.45394], [150.11103, -10.45222], [150.11015, -10.45193], [150.10958, -10.45251], [150.10886, -10.45497], [150.10872, -10.45741], [150.1096, -10.45828], [150.11047, -10.45798]]], [[[150.09945, -10.46178], [150.10003, -10.46076], [150.10016, -10.45961], [150.10117, -10.45773], [150.10553, -10.45628], [150.10783, -10.45309], [150.10781, -10.44819], [150.10708, -10.44718], [150.10519, -10.44618], [150.09996, -10.44592], [150.093, -10.44738], [150.09126, -10.44912], [150.09012, -10.45374], [150.09479, -10.45862], [150.09595, -10.45891], [150.09887, -10.46178], [150.09945, -10.46178]]], [[[150.11595, -10.44931], [150.11682, -10.44844], [150.11739, -10.44643], [150.11651, -10.44499], [150.11535, -10.4447], [150.11216, -10.44616], [150.1113, -10.4476], [150.1113, -10.44847], [150.11246, -10.4499], [150.11421, -10.45018], [150.11595, -10.44931]]], [[[151.32668, -10.43626], [151.32697, -10.43568], [151.3258, -10.43511], [151.32552, -10.43538], [151.32552, -10.43569], [151.3261, -10.43627], [151.32668, -10.43626]]], [[[151.32512, -10.43387], [151.32521, -10.43339], [151.32459, -10.43311], [151.32404, -10.43311], [151.32368, -10.43336], [151.32412, -10.43409], [151.32463, -10.43426], [151.32512, -10.43387]]], [[[151.22212, -10.43162], [151.22239, -10.42988], [151.22151, -10.42874], [151.21948, -10.42876], [151.21847, -10.42919], [151.21688, -10.4308], [151.21718, -10.43195], [151.21806, -10.43281], [151.22039, -10.43336], [151.22212, -10.43162]]], [[[151.31731, -10.42711], [151.31205, -10.42283], [151.31131, -10.42259], [151.31089, -10.42284], [151.30977, -10.42717], [151.31023, -10.4278], [151.31094, -10.42831], [151.31224, -10.42831], [151.31419, -10.42748], [151.3147, -10.42742], [151.31519, -10.42765], [151.31646, -10.42885], [151.31733, -10.42884], [151.31761, -10.42826], [151.31753, -10.42749], [151.31731, -10.42711]]], [[[151.44187, -10.41079], [151.44201, -10.4102], [151.44084, -10.40877], [151.43909, -10.40821], [151.43857, -10.40862], [151.43881, -10.40936], [151.44144, -10.41107], [151.44187, -10.41079]]], [[[151.43776, -10.40548], [151.4379, -10.40447], [151.43731, -10.40332], [151.43438, -10.40104], [151.43176, -10.40077], [151.43089, -10.40145], [151.43033, -10.40252], [151.43008, -10.40326], [151.43034, -10.40396], [151.43383, -10.4045], [151.43587, -10.40593], [151.43704, -10.4062], [151.43776, -10.40548]]], [[[152.10106, -10.3912], [152.09924, -10.39001], [152.09791, -10.39088], [152.09657, -10.39153], [152.09076, -10.39759], [152.09057, -10.39871], [152.09069, -10.39958], [152.09191, -10.40027], [152.09389, -10.40068], [152.09749, -10.40102], [152.10418, -10.40098], [152.10675, -10.4003], [152.10858, -10.39944], [152.11264, -10.39849], [152.11585, -10.39577], [152.11699, -10.39552], [152.119, -10.39471], [152.11979, -10.3941], [152.11978, -10.39322], [152.11931, -10.39242], [152.11852, -10.39193], [152.11534, -10.39194], [152.11426, -10.39174], [152.11334, -10.39131], [152.11027, -10.39137], [152.10693, -10.39062], [152.10437, -10.39069], [152.10208, -10.39147], [152.10106, -10.3912]]], [[[151.18494, -10.39413], [151.18579, -10.39239], [151.1852, -10.39009], [151.18461, -10.38952], [151.18316, -10.38924], [151.18085, -10.3907], [151.18085, -10.39186], [151.18407, -10.39443], [151.18494, -10.39413]]], [[[151.41971, -10.4003], [151.42101, -10.39885], [151.42069, -10.39582], [151.42096, -10.39409], [151.42066, -10.39251], [151.41905, -10.39079], [151.41364, -10.3868], [151.41277, -10.38681], [151.41161, -10.38739], [151.41047, -10.38885], [151.41065, -10.3936], [151.41154, -10.3959], [151.41869, -10.40031], [151.41971, -10.4003]]], [[[150.35893, -10.35751], [150.35939, -10.35686], [150.35875, -10.35647], [150.35794, -10.35629], [150.35763, -10.35646], [150.35765, -10.35687], [150.35852, -10.35773], [150.35893, -10.35751]]], [[[151.41104, -10.35597], [151.41075, -10.35536], [151.41046, -10.3551], [151.40987, -10.35511], [151.40964, -10.35535], [151.40959, -10.35569], [151.41047, -10.35655], [151.41104, -10.35597]]], [[[150.62528, -10.35635], [150.62586, -10.35581], [150.62614, -10.35519], [150.6259, -10.35458], [150.62527, -10.35433], [150.6241, -10.35434], [150.62265, -10.35463], [150.62208, -10.35521], [150.62214, -10.35571], [150.62267, -10.35607], [150.62431, -10.35638], [150.62528, -10.35635]]], [[[150.61714, -10.35438], [150.61713, -10.3538], [150.61568, -10.35294], [150.61538, -10.35324], [150.61539, -10.35381], [150.61575, -10.35432], [150.61627, -10.35467], [150.61714, -10.35438]]], [[[150.36054, -10.35426], [150.36105, -10.35393], [150.3614, -10.35339], [150.36078, -10.35286], [150.35966, -10.35282], [150.35904, -10.35312], [150.3585, -10.35369], [150.35883, -10.35422], [150.35938, -10.35456], [150.36054, -10.35426]]], [[[151.3849, -10.35388], [151.38502, -10.35337], [151.38489, -10.35273], [151.38431, -10.35273], [151.3837, -10.35288], [151.38344, -10.35331], [151.38344, -10.35361], [151.38374, -10.35389], [151.3849, -10.35388]]], [[[150.66356, -10.35151], [150.66356, -10.35036], [150.66298, -10.35036], [150.66254, -10.35062], [150.66241, -10.35124], [150.66269, -10.35152], [150.66356, -10.35151]]], [[[150.37706, -10.34899], [150.37717, -10.34839], [150.37705, -10.34784], [150.37618, -10.34785], [150.37576, -10.34835], [150.37561, -10.34886], [150.37603, -10.34938], [150.37648, -10.34957], [150.37706, -10.34899]]], [[[151.09749, -10.34808], [151.09719, -10.34721], [151.09632, -10.34693], [151.09606, -10.3473], [151.09603, -10.3478], [151.09662, -10.34837], [151.09749, -10.34808]]], [[[150.64355, -10.35336], [150.64644, -10.35248], [150.64731, -10.35161], [150.64709, -10.3503], [150.64612, -10.34758], [150.64519, -10.34658], [150.64437, -10.34615], [150.64373, -10.34668], [150.64351, -10.3473], [150.64382, -10.35076], [150.64296, -10.35163], [150.64151, -10.35222], [150.64036, -10.35396], [150.6402, -10.35449], [150.64068, -10.35545], [150.64138, -10.35568], [150.64355, -10.35336]]], [[[150.66136, -10.34691], [150.66171, -10.34666], [150.66179, -10.34633], [150.66142, -10.34596], [150.66092, -10.34576], [150.66052, -10.34595], [150.66034, -10.34634], [150.66039, -10.34665], [150.66063, -10.34692], [150.66136, -10.34691]]], [[[151.12438, -10.34436], [151.12474, -10.34412], [151.12415, -10.34298], [151.12372, -10.34286], [151.12328, -10.34298], [151.12299, -10.34356], [151.12332, -10.34408], [151.12387, -10.34442], [151.12438, -10.34436]]], [[[150.66322, -10.34344], [150.66348, -10.34315], [150.66351, -10.34286], [150.66235, -10.34258], [150.66209, -10.34266], [150.66206, -10.34287], [150.66236, -10.34345], [150.66322, -10.34344]]], [[[150.36748, -10.34875], [150.36978, -10.34557], [150.36977, -10.34384], [150.36928, -10.34302], [150.36861, -10.3424], [150.36774, -10.34212], [150.36706, -10.34246], [150.36658, -10.34299], [150.36598, -10.34603], [150.36573, -10.34789], [150.36661, -10.34876], [150.36748, -10.34875]]], [[[150.67805, -10.34653], [150.67775, -10.34537], [150.67644, -10.34423], [150.6725, -10.34195], [150.67157, -10.34185], [150.67076, -10.34195], [150.6704, -10.34254], [150.67048, -10.34383], [150.6718, -10.34527], [150.67428, -10.34655], [150.67514, -10.34654], [150.6766, -10.34769], [150.67747, -10.3474], [150.67805, -10.34653]]], [[[150.64841, -10.3418], [150.64869, -10.34122], [150.6484, -10.33978], [150.64752, -10.33921], [150.64694, -10.3394], [150.64637, -10.34008], [150.64667, -10.34123], [150.64754, -10.34209], [150.64841, -10.3418]]], [[[150.65451, -10.34292], [150.65654, -10.34204], [150.65819, -10.34088], [150.65943, -10.34], [150.65971, -10.33914], [150.65913, -10.33857], [150.65826, -10.33828], [150.65664, -10.33888], [150.65551, -10.33931], [150.65333, -10.33946], [150.65247, -10.34033], [150.65248, -10.34235], [150.65306, -10.34293], [150.65451, -10.34292]]], [[[151.88196, -10.33714], [151.88135, -10.33513], [151.8793, -10.33313], [151.87551, -10.33144], [151.87404, -10.32972], [151.87259, -10.32945], [151.87173, -10.33061], [151.87204, -10.33292], [151.87177, -10.33465], [151.8702, -10.33668], [151.86775, -10.33844], [151.86689, -10.3396], [151.86719, -10.34104], [151.86837, -10.34218], [151.86953, -10.34245], [151.87199, -10.34142], [151.8746, -10.34096], [151.87823, -10.34122], [151.88196, -10.33714]]], [[[150.96146, -10.3231], [150.96204, -10.32223], [150.96058, -10.32195], [150.96022, -10.32216], [150.96001, -10.32253], [150.96019, -10.32298], [150.96059, -10.32339], [150.96146, -10.3231]]], [[[150.37924, -10.32102], [150.37923, -10.32015], [150.37865, -10.31958], [150.3772, -10.31958], [150.37604, -10.31988], [150.37604, -10.32103], [150.37663, -10.3216], [150.37837, -10.32188], [150.37924, -10.32102]]], [[[151.04814, -10.3098], [151.04987, -10.30777], [151.05014, -10.30517], [151.04954, -10.302], [151.04866, -10.30114], [151.04749, -10.30115], [151.04606, -10.30289], [151.04588, -10.30431], [151.04551, -10.30737], [151.04582, -10.30924], [151.04669, -10.3101], [151.04814, -10.3098]]], [[[150.92274, -10.30721], [150.9239, -10.30605], [150.92373, -10.3036], [150.923, -10.30173], [150.92232, -10.30107], [150.92154, -10.30087], [150.91867, -10.3058], [150.91868, -10.30695], [150.91926, -10.30752], [150.92274, -10.30721]]], [[[150.92336, -10.29733], [150.92354, -10.29683], [150.92293, -10.29655], [150.92238, -10.29655], [150.92209, -10.29712], [150.92297, -10.29769], [150.92336, -10.29733]]], [[[151.0509, -10.29132], [151.05148, -10.29045], [151.05117, -10.28858], [151.05059, -10.28772], [151.05057, -10.28498], [151.04881, -10.28269], [151.0485, -10.28096], [151.04704, -10.27953], [151.04588, -10.27954], [151.0453, -10.28012], [151.04532, -10.28156], [151.04737, -10.28471], [151.0471, -10.28688], [151.0477, -10.28932], [151.05004, -10.29162], [151.0509, -10.29132]]], [[[150.92984, -10.28409], [150.93129, -10.2838], [150.93215, -10.28293], [150.93244, -10.28158], [150.93242, -10.28004], [150.93183, -10.27918], [150.92922, -10.27891], [150.92841, -10.27916], [150.92777, -10.27978], [150.92665, -10.28498], [150.92728, -10.28559], [150.92811, -10.28584], [150.92984, -10.28409]]], [[[150.77053, -10.26597], [150.77077, -10.26535], [150.77068, -10.26494], [150.77024, -10.26484], [150.76981, -10.26495], [150.76953, -10.26553], [150.77011, -10.2661], [150.77053, -10.26597]]], [[[151.03714, -10.27556], [151.03654, -10.27211], [151.03595, -10.27139], [151.03259, -10.26839], [151.02895, -10.2664], [151.02721, -10.26612], [151.02546, -10.2644], [151.024, -10.26441], [151.02256, -10.26558], [151.02228, -10.26673], [151.02345, -10.26874], [151.02347, -10.27076], [151.02175, -10.27279], [151.01886, -10.27512], [151.01437, -10.27587], [151.01032, -10.2772], [151.00872, -10.27692], [151.00755, -10.27577], [151.00738, -10.27332], [151.00838, -10.27058], [151.0075, -10.26914], [151.00677, -10.269], [151.00576, -10.26915], [151.00489, -10.26974], [151.00286, -10.26946], [151.0014, -10.26832], [151.00053, -10.26861], [150.99938, -10.26977], [150.9971, -10.27498], [150.9974, -10.277], [151.00032, -10.27957], [151.00034, -10.28274], [150.99949, -10.28448], [150.99545, -10.28797], [150.99546, -10.28912], [150.99765, -10.29055], [151.00099, -10.2911], [151.00215, -10.29051], [151.00416, -10.28849], [151.00473, -10.28704], [151.00589, -10.28674], [151.00808, -10.28831], [151.01027, -10.29132], [151.01029, -10.29276], [151.00871, -10.29566], [151.00626, -10.2977], [151.00598, -10.29885], [151.00686, -10.3], [151.01151, -10.30083], [151.01296, -10.30168], [151.01502, -10.30456], [151.0155, -10.31075], [151.01595, -10.31233], [151.01653, -10.31291], [151.01826, -10.31117], [151.01809, -10.30756], [151.01661, -10.3044], [151.01423, -10.29692], [151.01406, -10.29332], [151.01623, -10.292], [151.02159, -10.29125], [151.0268, -10.28832], [151.02839, -10.28788], [151.03463, -10.28769], [151.03692, -10.28479], [151.03734, -10.28205], [151.03862, -10.27887], [151.03861, -10.27757], [151.03714, -10.27556]]], [[[151.85122, -10.25707], [151.85121, -10.25671], [151.85063, -10.25643], [151.85033, -10.25676], [151.85035, -10.25701], [151.85055, -10.25724], [151.85093, -10.25729], [151.85122, -10.25707]]], [[[151.8479, -10.25508], [151.848, -10.25472], [151.84765, -10.25423], [151.84712, -10.25416], [151.84684, -10.25474], [151.84702, -10.25508], [151.84743, -10.25531], [151.8479, -10.25508]]], [[[151.85006, -10.25387], [151.85031, -10.25355], [151.85001, -10.25268], [151.84884, -10.25212], [151.84857, -10.25328], [151.84945, -10.25414], [151.85006, -10.25387]]], [[[151.85907, -10.25865], [151.85935, -10.2575], [151.86021, -10.25662], [151.86397, -10.25543], [151.86454, -10.25427], [151.86423, -10.25283], [151.86159, -10.25026], [151.86014, -10.25028], [151.85641, -10.25449], [151.85372, -10.25843], [151.85792, -10.25981], [151.85907, -10.25865]]], [[[151.86471, -10.25029], [151.86478, -10.24965], [151.8639, -10.2488], [151.86303, -10.24852], [151.86274, -10.24881], [151.86304, -10.24967], [151.86421, -10.25052], [151.86471, -10.25029]]], [[[150.9921, -10.2429], [150.9925, -10.24214], [150.99075, -10.24129], [150.99047, -10.24187], [150.99158, -10.2428], [150.99192, -10.24301], [150.9921, -10.2429]]], [[[151.8592, -10.24308], [151.86034, -10.24192], [151.86033, -10.24076], [151.85975, -10.24076], [151.8586, -10.24193], [151.85832, -10.2428], [151.85864, -10.24318], [151.8592, -10.24308]]], [[[151.86263, -10.23872], [151.8632, -10.23756], [151.86319, -10.23612], [151.86285, -10.23589], [151.86232, -10.23613], [151.86146, -10.23758], [151.86149, -10.23864], [151.86176, -10.23901], [151.86263, -10.23872]]], [[[150.61406, -10.22738], [150.61347, -10.22666], [150.61144, -10.22667], [150.61063, -10.22677], [150.6055, -10.22743], [150.60275, -10.22874], [150.5984, -10.22847], [150.59608, -10.23022], [150.59552, -10.23282], [150.5964, -10.23425], [150.59583, -10.23598], [150.59424, -10.23672], [150.58946, -10.23775], [150.58888, -10.23862], [150.58976, -10.23948], [150.59194, -10.2399], [150.59934, -10.24029], [150.60194, -10.2397], [150.60382, -10.23854], [150.60758, -10.23549], [150.60902, -10.23375], [150.61205, -10.23128], [150.61377, -10.22897], [150.61406, -10.22738]]], [[[151.86588, -10.22781], [151.86701, -10.227], [151.868, -10.2254], [151.86623, -10.22282], [151.86536, -10.22254], [151.86422, -10.22428], [151.86396, -10.22717], [151.86432, -10.22774], [151.8649, -10.22809], [151.86588, -10.22781]]], [[[150.88502, -10.22471], [150.88443, -10.22341], [150.88443, -10.22241], [150.8853, -10.2224], [150.88529, -10.22153], [150.88441, -10.22096], [150.88384, -10.22155], [150.87892, -10.22273], [150.87834, -10.22331], [150.87834, -10.22418], [150.87952, -10.2259], [150.88097, -10.22589], [150.88184, -10.22531], [150.88416, -10.22558], [150.88502, -10.22471]]], [[[150.90668, -10.21015], [150.90726, -10.20957], [150.90667, -10.20871], [150.90522, -10.20872], [150.9029, -10.20931], [150.90262, -10.20989], [150.9032, -10.21046], [150.90668, -10.21015]]], [[[151.21217, -10.20951], [151.21246, -10.20908], [151.21232, -10.20797], [151.21186, -10.20707], [151.21072, -10.2058], [151.20981, -10.20536], [151.20942, -10.20555], [151.20895, -10.20623], [151.20895, -10.2068], [151.2113, -10.20967], [151.21217, -10.20951]]], [[[151.20514, -10.20136], [151.20513, -10.20078], [151.20367, -10.19935], [151.20193, -10.19937], [151.20135, -10.19994], [151.20282, -10.20167], [151.20427, -10.20194], [151.20514, -10.20136]]], [[[150.94542, -10.03055], [150.94541, -10.0294], [150.94425, -10.0294], [150.9439, -10.02993], [150.94369, -10.0307], [150.94456, -10.03142], [150.94542, -10.03055]]], [[[150.90968, -10.01811], [150.90909, -10.01753], [150.90706, -10.01755], [150.90678, -10.01812], [150.90765, -10.01899], [150.90968, -10.01926], [150.90968, -10.01811]]], [[[150.95605, -10.01664], [150.95604, -10.01577], [150.95546, -10.0152], [150.95343, -10.01464], [150.95285, -10.01522], [150.95286, -10.01637], [150.95518, -10.01722], [150.95605, -10.01664]]], [[[150.91429, -10.01548], [150.91573, -10.01374], [150.91602, -10.01259], [150.91456, -10.0123], [150.91197, -10.01492], [150.91255, -10.01578], [150.91343, -10.01606], [150.91429, -10.01548]]], [[[150.94373, -10.01658], [150.94254, -10.01255], [150.94208, -10.00866], [150.9412, -10.0078], [150.94004, -10.00781], [150.93802, -10.00898], [150.93803, -10.01071], [150.93891, -10.01214], [150.93892, -10.01329], [150.93778, -10.0159], [150.93663, -10.01677], [150.93372, -10.0165], [150.93315, -10.01737], [150.93316, -10.01823], [150.93403, -10.0191], [150.93896, -10.01906], [150.94042, -10.0202], [150.94187, -10.01991], [150.9436, -10.01817], [150.94373, -10.01658]]], [[[151.14539, -9.98327], [151.14576, -9.9829], [151.14596, -9.9824], [151.14489, -9.98208], [151.14451, -9.98212], [151.14396, -9.98236], [151.14364, -9.98271], [151.14394, -9.98328], [151.14539, -9.98327]]], [[[150.84808, -9.95739], [150.84982, -9.95681], [150.85097, -9.95564], [150.85039, -9.95507], [150.84952, -9.95508], [150.84547, -9.95654], [150.8449, -9.95799], [150.8452, -9.95885], [150.84607, -9.95942], [150.84808, -9.95739]]], [[[150.93482, -9.84583], [150.93508, -9.84568], [150.9354, -9.84496], [150.93453, -9.84467], [150.93416, -9.84488], [150.93395, -9.84526], [150.93425, -9.84583], [150.93482, -9.84583]]], [[[150.93219, -9.84238], [150.93249, -9.84198], [150.93247, -9.84152], [150.9316, -9.84123], [150.93132, -9.84239], [150.93219, -9.84238]]], [[[150.93214, -9.83724], [150.93244, -9.83676], [150.93183, -9.83643], [150.93099, -9.83634], [150.93069, -9.83668], [150.9307, -9.83721], [150.93102, -9.83743], [150.93158, -9.83749], [150.93214, -9.83724]]], [[[149.89419, -9.77974], [149.89419, -9.77917], [149.89359, -9.77874], [149.89303, -9.77859], [149.89273, -9.77884], [149.89274, -9.77917], [149.89302, -9.77954], [149.89361, -9.78003], [149.89419, -9.77974]]], [[[149.88341, -9.77126], [149.88344, -9.77026], [149.88288, -9.77015], [149.88257, -9.77027], [149.88233, -9.7705], [149.88228, -9.77084], [149.88259, -9.77125], [149.88315, -9.77142], [149.88341, -9.77126]]], [[[149.88607, -9.7789], [149.88723, -9.77774], [149.89012, -9.77572], [149.89012, -9.77514], [149.88837, -9.77313], [149.88779, -9.77054], [149.88708, -9.77002], [149.88663, -9.76997], [149.88622, -9.77015], [149.88605, -9.77054], [149.88577, -9.77401], [149.88375, -9.77689], [149.88376, -9.77805], [149.88434, -9.77891], [149.88607, -9.7789]]], [[[150.88906, -9.76455], [150.88933, -9.76224], [150.88875, -9.76167], [150.88788, -9.76167], [150.88701, -9.76226], [150.88673, -9.7637], [150.88848, -9.76513], [150.88906, -9.76455]]], [[[150.8705, -9.7406], [150.86832, -9.73903], [150.86542, -9.73905], [150.86267, -9.7395], [150.86109, -9.74023], [150.85821, -9.74371], [150.85358, -9.74374], [150.85183, -9.74202], [150.85009, -9.74203], [150.8501, -9.74348], [150.85069, -9.74462], [150.85477, -9.74864], [150.85507, -9.75007], [150.85397, -9.7593], [150.85573, -9.76218], [150.85662, -9.76505], [150.85866, -9.76706], [150.86229, -9.7679], [150.86431, -9.76731], [150.86704, -9.7647], [150.86878, -9.7644], [150.87052, -9.76467], [150.87227, -9.76582], [150.87386, -9.76624], [150.87734, -9.76621], [150.88471, -9.76458], [150.88555, -9.76054], [150.88424, -9.75839], [150.87739, -9.7531], [150.8768, -9.75123], [150.87736, -9.74863], [150.87706, -9.74734], [150.8756, -9.7459], [150.87342, -9.74462], [150.8705, -9.7406]]], [[[150.73824, -9.73265], [150.73852, -9.73149], [150.73794, -9.73092], [150.73707, -9.73093], [150.73649, -9.73151], [150.7365, -9.73295], [150.73738, -9.73352], [150.73824, -9.73265]]], [[[150.89727, -9.73841], [150.89667, -9.73524], [150.89724, -9.73437], [150.89694, -9.73193], [150.89837, -9.7299], [150.8972, -9.72846], [150.89401, -9.72791], [150.89171, -9.72908], [150.89113, -9.72995], [150.89203, -9.73426], [150.89103, -9.73672], [150.89119, -9.73831], [150.89177, -9.73888], [150.89322, -9.73887], [150.89555, -9.74029], [150.89627, -9.74029], [150.89699, -9.73971], [150.89727, -9.73841]]], [[[150.90329, -9.72871], [150.90415, -9.72784], [150.90762, -9.72695], [150.9079, -9.72637], [150.9076, -9.72421], [150.90947, -9.72247], [150.90961, -9.72175], [150.90902, -9.72089], [150.90671, -9.72062], [150.90554, -9.71976], [150.90468, -9.72063], [150.90441, -9.72323], [150.9024, -9.72641], [150.90212, -9.72786], [150.90271, -9.72871], [150.90329, -9.72871]]], [[[150.75722, -9.71264], [150.75578, -9.71323], [150.75491, -9.7141], [150.75192, -9.72147], [150.75052, -9.72782], [150.7491, -9.73244], [150.74838, -9.73403], [150.74723, -9.73519], [150.74548, -9.73318], [150.74288, -9.73377], [150.74173, -9.73464], [150.7397, -9.73495], [150.73913, -9.7361], [150.73971, -9.73668], [150.74116, -9.73696], [150.74203, -9.73781], [150.74292, -9.73983], [150.74379, -9.74069], [150.74669, -9.74096], [150.74974, -9.74281], [150.75135, -9.74525], [150.75239, -9.74914], [150.75285, -9.75331], [150.75402, -9.75504], [150.75507, -9.76008], [150.75583, -9.76656], [150.75555, -9.76714], [150.75572, -9.77131], [150.75719, -9.77477], [150.75764, -9.7775], [150.76086, -9.78296], [150.7603, -9.78584], [150.75916, -9.78729], [150.75916, -9.78873], [150.76063, -9.79103], [150.76064, -9.79305], [150.75749, -9.79797], [150.75779, -9.80085], [150.75982, -9.80113], [150.76243, -9.80053], [150.7643, -9.79908], [150.76531, -9.7985], [150.76589, -9.79849], [150.76678, -9.80166], [150.76766, -9.80252], [150.76911, -9.80309], [150.77373, -9.80075], [150.77735, -9.80058], [150.78038, -9.79898], [150.78486, -9.79765], [150.78906, -9.79719], [150.79196, -9.79746], [150.79617, -9.80018], [150.7975, -9.80291], [150.80041, -9.80491], [150.80128, -9.80634], [150.80101, -9.80836], [150.8016, -9.81038], [150.80452, -9.81353], [150.80526, -9.81626], [150.80658, -9.81842], [150.80962, -9.81739], [150.81381, -9.81693], [150.81527, -9.81836], [150.81691, -9.82541], [150.81794, -9.82814], [150.81911, -9.82929], [150.82665, -9.8304], [150.82941, -9.83211], [150.83131, -9.83382], [150.8329, -9.83425], [150.83884, -9.83464], [150.84584, -9.84036], [150.84905, -9.84452], [150.84993, -9.8461], [150.85024, -9.84869], [150.84971, -9.85562], [150.85336, -9.85919], [150.8576, -9.86609], [150.85965, -9.86852], [150.86387, -9.87181], [150.86578, -9.87454], [150.86754, -9.87856], [150.86872, -9.88143], [150.87193, -9.8843], [150.87266, -9.88588], [150.87444, -9.89077], [150.87596, -9.90114], [150.87685, -9.90459], [150.87687, -9.90805], [150.87546, -9.91296], [150.87533, -9.91483], [150.87578, -9.91786], [150.87785, -9.92303], [150.87819, -9.92995], [150.8798, -9.93369], [150.88244, -9.93756], [150.88304, -9.94015], [150.88391, -9.94101], [150.88507, -9.941], [150.88651, -9.93984], [150.88739, -9.94013], [150.88797, -9.94098], [150.88798, -9.94185], [150.88711, -9.94272], [150.88277, -9.94333], [150.88105, -9.94536], [150.87874, -9.94653], [150.87845, -9.94768], [150.87962, -9.9494], [150.87949, -9.95127], [150.87779, -9.95619], [150.87765, -9.95707], [150.87737, -9.95893], [150.87857, -9.96354], [150.87944, -9.96439], [150.88263, -9.96466], [150.88409, -9.96609], [150.88702, -9.97011], [150.8879, -9.97212], [150.88791, -9.97385], [150.8859, -9.97617], [150.88591, -9.97762], [150.88795, -9.97962], [150.88795, -9.98048], [150.88709, -9.98135], [150.88536, -9.98194], [150.88478, -9.98281], [150.88508, -9.98367], [150.88595, -9.98424], [150.88711, -9.98337], [150.88942, -9.98307], [150.89117, -9.98421], [150.8932, -9.98448], [150.89408, -9.98535], [150.89379, -9.98621], [150.89264, -9.98708], [150.89206, -9.9868], [150.88887, -9.98682], [150.888, -9.9874], [150.88773, -9.98913], [150.88833, -9.99143], [150.88935, -9.99244], [150.89036, -9.99257], [150.89151, -9.9917], [150.89266, -9.98968], [150.89352, -9.9891], [150.89454, -9.98909], [150.89556, -9.98995], [150.89587, -9.99196], [150.89732, -9.99339], [150.89819, -9.99368], [150.89907, -9.99482], [150.89938, -9.99655], [150.8991, -9.99814], [150.89939, -9.99929], [150.90231, -10.00244], [150.90305, -10.00417], [150.90408, -10.00517], [150.90523, -10.00545], [150.90755, -10.00457], [150.90987, -10.00455], [150.91074, -10.00513], [150.91221, -10.00713], [150.91307, -10.00713], [150.91596, -10.0048], [150.92045, -10.00463], [150.9258, -10.00358], [150.92667, -10.00271], [150.92637, -10.00185], [150.92695, -10.00127], [150.93, -10.00153], [150.93275, -10.00123], [150.93362, -10.00209], [150.93364, -10.00497], [150.93539, -10.00582], [150.93755, -10.00494], [150.94177, -10.00578], [150.94465, -10.00374], [150.94813, -10.00314], [150.94899, -10.00256], [150.95014, -10.0014], [150.94911, -9.99895], [150.94836, -9.99564], [150.94863, -9.99333], [150.95122, -9.98957], [150.95178, -9.98755], [150.9535, -9.98523], [150.95318, -9.98033], [150.95113, -9.97804], [150.95053, -9.97574], [150.95081, -9.97314], [150.94964, -9.97171], [150.94702, -9.97115], [150.94293, -9.96685], [150.94264, -9.9657], [150.9432, -9.96397], [150.94493, -9.96194], [150.94608, -9.96135], [150.94782, -9.96134], [150.95015, -9.96277], [150.95204, -9.96333], [150.95394, -9.9649], [150.9554, -9.96734], [150.95571, -9.97023], [150.95893, -9.97351], [150.96068, -9.97639], [150.96419, -9.98054], [150.96944, -9.98483], [150.97496, -9.98653], [150.9773, -9.98852], [150.97774, -9.98953], [150.97849, -9.99255], [150.98025, -9.99586], [150.98317, -9.99901], [150.98464, -10.00145], [150.98496, -10.00577], [150.98324, -10.00809], [150.97891, -10.01129], [150.9772, -10.01447], [150.97664, -10.01822], [150.97578, -10.01953], [150.97349, -10.02228], [150.97278, -10.02445], [150.97123, -10.03124], [150.97037, -10.03211], [150.96979, -10.03211], [150.96862, -10.03068], [150.96513, -10.02984], [150.96207, -10.02784], [150.95989, -10.02584], [150.95987, -10.02382], [150.96217, -10.02121], [150.96593, -10.02003], [150.96651, -10.01916], [150.96649, -10.01772], [150.96879, -10.01511], [150.96907, -10.01309], [150.96819, -10.01223], [150.96182, -10.01285], [150.96139, -10.01328], [150.96125, -10.01516], [150.95894, -10.01546], [150.95693, -10.01807], [150.95491, -10.01982], [150.9523, -10.01926], [150.95099, -10.01797], [150.94762, -10.0141], [150.94675, -10.01411], [150.94618, -10.01469], [150.94619, -10.01642], [150.94678, -10.01757], [150.9494, -10.01985], [150.95043, -10.02172], [150.95204, -10.0233], [150.95204, -10.02387], [150.95074, -10.02417], [150.94958, -10.02389], [150.94871, -10.02332], [150.94711, -10.02362], [150.94596, -10.02507], [150.94626, -10.02593], [150.9483, -10.02765], [150.94803, -10.02995], [150.94861, -10.03053], [150.95123, -10.03109], [150.95036, -10.03196], [150.94892, -10.03254], [150.94805, -10.03342], [150.94864, -10.03456], [150.9498, -10.03484], [150.95039, -10.0357], [150.94895, -10.03716], [150.94693, -10.03832], [150.94751, -10.03918], [150.95332, -10.03943], [150.95419, -10.04029], [150.95491, -10.04334], [150.95562, -10.05801], [150.95636, -10.05988], [150.95986, -10.06303], [150.95959, -10.06447], [150.95771, -10.06665], [150.95685, -10.06694], [150.95555, -10.06825], [150.95558, -10.07171], [150.95645, -10.07286], [150.95749, -10.07559], [150.95752, -10.07905], [150.95582, -10.08511], [150.95557, -10.08973], [150.95458, -10.0942], [150.95548, -10.09881], [150.9571, -10.10096], [150.96045, -10.10368], [150.96338, -10.10769], [150.96614, -10.10825], [150.97223, -10.10807], [150.98675, -10.11171], [150.98994, -10.11169], [150.99284, -10.11095], [150.99807, -10.11279], [151.00315, -10.1129], [151.00577, -10.11461], [151.00809, -10.11488], [151.01242, -10.11168], [151.01749, -10.1115], [151.02489, -10.11245], [151.02808, -10.11214], [151.03374, -10.11253], [151.03621, -10.11324], [151.04, -10.1158], [151.04537, -10.11591], [151.05623, -10.11367], [151.05971, -10.11422], [151.06115, -10.11306], [151.06318, -10.11304], [151.06537, -10.11418], [151.07018, -10.11789], [151.07817, -10.12], [151.09224, -10.12119], [151.09399, -10.12233], [151.09692, -10.12563], [151.10278, -10.13322], [151.10453, -10.13465], [151.1083, -10.13434], [151.11005, -10.13548], [151.11093, -10.13691], [151.11124, -10.13979], [151.11212, -10.14065], [151.11328, -10.14093], [151.11703, -10.13831], [151.12007, -10.13756], [151.12775, -10.13736], [151.13064, -10.13561], [151.13818, -10.13555], [151.14197, -10.13754], [151.14431, -10.14012], [151.15012, -10.14152], [151.15217, -10.14323], [151.15305, -10.14467], [151.15335, -10.14611], [151.15134, -10.14929], [151.15195, -10.15275], [151.15414, -10.15489], [151.15516, -10.15532], [151.15602, -10.15445], [151.15543, -10.15215], [151.15571, -10.15099], [151.15657, -10.15012], [151.15888, -10.14837], [151.16308, -10.14776], [151.16729, -10.14831], [151.1781, -10.15745], [151.18303, -10.15742], [151.18792, -10.15334], [151.19228, -10.15359], [151.19607, -10.15616], [151.19753, -10.15788], [151.19874, -10.16421], [151.19991, -10.16536], [151.20166, -10.16592], [151.20312, -10.16764], [151.20357, -10.16922], [151.20374, -10.17167], [151.20204, -10.17644], [151.20234, -10.17774], [151.20351, -10.17888], [151.20438, -10.17887], [151.20598, -10.18002], [151.20774, -10.18216], [151.20993, -10.18373], [151.21138, -10.18401], [151.21313, -10.18544], [151.21462, -10.19062], [151.21696, -10.1929], [151.2187, -10.19289], [151.22101, -10.19085], [151.22272, -10.18709], [151.22213, -10.18594], [151.22046, -10.18443], [151.21775, -10.18194], [151.2148, -10.17706], [151.21361, -10.17304], [151.21215, -10.17218], [151.21098, -10.17104], [151.21155, -10.16988], [151.21587, -10.16639], [151.22009, -10.16693], [151.22256, -10.16806], [151.22633, -10.16803], [151.22748, -10.16716], [151.22777, -10.16629], [151.22718, -10.16543], [151.22456, -10.16401], [151.22338, -10.162], [151.22307, -10.15998], [151.22014, -10.15511], [151.22012, -10.15309], [151.22069, -10.15165], [151.22242, -10.15048], [151.22605, -10.15088], [151.23286, -10.15011], [151.23402, -10.15096], [151.23579, -10.15412], [151.23754, -10.15497], [151.23869, -10.1541], [151.23838, -10.15208], [151.23691, -10.1495], [151.2296, -10.14263], [151.22901, -10.14149], [151.22898, -10.13774], [151.23012, -10.13514], [151.233, -10.13281], [151.23386, -10.13164], [151.23386, -10.13078], [151.23268, -10.12906], [151.23266, -10.12704], [151.23555, -10.12529], [151.23583, -10.12385], [151.23408, -10.12213], [151.23407, -10.12098], [151.23537, -10.12025], [151.23754, -10.12008], [151.23869, -10.11834], [151.2378, -10.1172], [151.23635, -10.11692], [151.23604, -10.11462], [151.23659, -10.11029], [151.23802, -10.10783], [151.24032, -10.10536], [151.24292, -10.10476], [151.24537, -10.1033], [151.24839, -10.10025], [151.24954, -10.09836], [151.24953, -10.0975], [151.2466, -10.0932], [151.24628, -10.0906], [151.24685, -10.08944], [151.25031, -10.08653], [151.25116, -10.08393], [151.25324, -10.082], [151.25461, -10.08074], [151.25546, -10.07842], [151.25718, -10.07581], [151.2592, -10.07436], [151.26238, -10.07347], [151.26367, -10.0726], [151.26584, -10.07113], [151.26699, -10.06968], [151.26697, -10.06824], [151.26492, -10.06537], [151.26518, -10.06191], [151.26835, -10.05929], [151.26834, -10.05727], [151.26686, -10.05469], [151.26684, -10.05238], [151.2684, -10.04819], [151.2688, -10.04429], [151.26807, -10.04272], [151.26805, -10.04041], [151.26932, -10.03607], [151.26901, -10.0342], [151.26928, -10.03247], [151.271, -10.02943], [151.27488, -10.02478], [151.27589, -10.02406], [151.27716, -10.02131], [151.27786, -10.01741], [151.28445, -10.00813], [151.28697, -9.99831], [151.2884, -9.99599], [151.28838, -9.99354], [151.28691, -9.99052], [151.28689, -9.98879], [151.2879, -9.9872], [151.28979, -9.98601], [151.29092, -9.9853], [151.29264, -9.98356], [151.29292, -9.98125], [151.29055, -9.97608], [151.29112, -9.97463], [151.29314, -9.97404], [151.29401, -9.97317], [151.29399, -9.97144], [151.2931, -9.96899], [151.29317, -9.96035], [151.29075, -9.94768], [151.28911, -9.94265], [151.28764, -9.94035], [151.28575, -9.93979], [151.2833, -9.94068], [151.28111, -9.9406], [151.27892, -9.93697], [151.27685, -9.93179], [151.27597, -9.93093], [151.27307, -9.93137], [151.2722, -9.93039], [151.27218, -9.92837], [151.27419, -9.92576], [151.27446, -9.92402], [151.27387, -9.9223], [151.2724, -9.91972], [151.27065, -9.918], [151.26367, -9.91575], [151.2625, -9.9149], [151.26048, -9.9152], [151.25875, -9.91666], [151.25759, -9.91667], [151.24874, -9.91544], [151.24527, -9.91547], [151.23963, -9.91681], [151.23689, -9.91827], [151.23501, -9.91973], [151.23388, -9.92233], [151.23301, -9.9232], [151.23185, -9.92235], [151.23183, -9.92091], [151.23096, -9.92005], [151.22922, -9.92006], [151.22749, -9.92094], [151.22692, -9.92181], [151.22723, -9.9244], [151.2281, -9.92526], [151.22841, -9.92757], [151.22698, -9.92959], [151.22368, -9.93313], [151.21934, -9.93441], [151.21442, -9.93502], [151.21233, -9.93581], [151.21066, -9.93678], [151.20748, -9.93724], [151.20457, -9.93683], [151.19934, -9.93485], [151.19717, -9.93473], [151.19645, -9.93574], [151.19576, -9.93935], [151.19432, -9.94109], [151.19235, -9.94239], [151.18766, -9.94172], [151.1862, -9.94058], [151.18445, -9.93829], [151.18328, -9.93772], [151.18213, -9.93802], [151.18068, -9.93918], [151.17868, -9.94236], [151.17899, -9.94496], [151.18017, -9.94668], [151.17961, -9.95014], [151.1779, -9.9529], [151.17589, -9.95522], [151.17504, -9.95796], [151.17332, -9.96028], [151.17236, -9.96111], [151.1713, -9.96202], [151.16841, -9.96262], [151.16435, -9.96208], [151.16318, -9.96123], [151.16115, -9.96095], [151.16057, -9.96153], [151.1603, -9.96326], [151.1606, -9.96528], [151.1602, -9.96975], [151.16095, -9.97234], [151.16039, -9.97508], [151.15809, -9.97683], [151.15754, -9.98001], [151.15547, -9.98228], [151.15264, -9.98437], [151.15035, -9.98727], [151.14803, -9.98815], [151.14717, -9.98902], [151.14661, -9.99133], [151.1468, -9.99724], [151.14857, -10.00126], [151.14874, -10.00343], [151.14816, -10.00444], [151.14472, -10.00879], [151.14244, -10.01328], [151.14274, -10.01558], [151.14421, -10.01758], [151.14338, -10.02293], [151.14413, -10.0258], [151.14461, -10.03156], [151.14434, -10.03431], [151.14319, -10.03547], [151.14059, -10.03606], [151.13742, -10.03811], [151.1335, -10.03828], [151.13104, -10.03902], [151.13001, -10.03998], [151.12527, -10.0431], [151.12339, -10.0434], [151.1202, -10.04299], [151.11657, -10.04201], [151.11364, -10.03886], [151.11249, -10.03887], [151.11162, -10.03974], [151.11134, -10.0409], [151.11048, -10.04148], [151.10699, -10.04122], [151.10612, -10.04036], [151.10611, -10.0395], [151.10784, -10.03833], [151.10813, -10.03775], [151.1074, -10.03732], [151.10435, -10.03663], [151.10318, -10.03548], [151.1023, -10.03376], [151.10085, -10.03377], [151.09883, -10.03551], [151.09419, -10.03497], [151.09098, -10.03298], [151.08867, -10.03353], [151.08663, -10.03243], [151.08617, -10.0297], [151.08485, -10.02668], [151.08208, -10.02511], [151.08005, -10.02341], [151.07902, -10.02268], [151.07408, -10.02157], [151.06913, -10.01872], [151.06768, -10.01844], [151.06155, -10.01387], [151.05702, -10.00915], [151.05239, -10.00889], [151.05093, -10.00775], [151.05077, -10.00674], [151.05278, -10.00414], [151.05191, -10.00328], [151.05017, -10.00329], [151.04671, -10.00562], [151.04599, -10.00563], [151.04525, -10.00506], [151.04481, -10.00405], [151.04464, -9.99987], [151.04228, -9.99585], [151.0411, -9.99182], [151.03891, -9.99025], [151.03325, -9.98957], [151.03091, -9.98699], [151.03061, -9.9857], [151.03234, -9.9841], [151.03262, -9.98323], [151.0321, -9.98239], [151.03145, -9.9818], [151.02913, -9.98153], [151.02913, -9.98038], [151.03135, -9.9802], [151.03173, -9.98007], [151.03184, -9.97954], [151.03172, -9.97892], [151.0312, -9.97852], [151.02985, -9.97797], [151.02974, -9.97775], [151.02964, -9.97712], [151.02996, -9.97518], [151.031, -9.97493], [151.03459, -9.97457], [151.03507, -9.97364], [151.03486, -9.97284], [151.034, -9.97284], [151.03313, -9.97343], [151.03197, -9.97315], [151.03109, -9.97229], [151.03108, -9.97027], [151.02875, -9.96913], [151.02729, -9.96771], [151.02728, -9.96684], [151.02843, -9.96539], [151.03409, -9.96578], [151.03684, -9.96648], [151.03742, -9.96619], [151.03791, -9.96569], [151.038, -9.96532], [151.03726, -9.96431], [151.03421, -9.96218], [151.03317, -9.95916], [151.033, -9.95642], [151.03313, -9.95368], [151.03383, -9.95065], [151.03359, -9.94972], [151.03295, -9.94921], [151.02976, -9.94894], [151.02917, -9.94837], [151.02888, -9.94731], [151.02916, -9.94636], [151.03046, -9.94634], [151.03119, -9.94692], [151.03206, -9.94633], [151.03117, -9.94346], [151.0315, -9.943], [151.03203, -9.94288], [151.03262, -9.94345], [151.03364, -9.9456], [151.03496, -9.94689], [151.03889, -9.94859], [151.03976, -9.94859], [151.04511, -9.94768], [151.04613, -9.9484], [151.04745, -9.95026], [151.04746, -9.95199], [151.0498, -9.95457], [151.04982, -9.95687], [151.05186, -9.95888], [151.05302, -9.95916], [151.05653, -9.96317], [151.05719, -9.96292], [151.05797, -9.96172], [151.05796, -9.96056], [151.05634, -9.95669], [151.05572, -9.9515], [151.05438, -9.94762], [151.05321, -9.94575], [151.05072, -9.94274], [151.04854, -9.94131], [151.04447, -9.9399], [151.03994, -9.9346], [151.03717, -9.93246], [151.03122, -9.93178], [151.02585, -9.93023], [151.01944, -9.92596], [151.0148, -9.92455], [151.01363, -9.92369], [151.01019, -9.92249], [151.01, -9.92242], [151.00187, -9.92046], [150.99896, -9.91932], [150.99098, -9.91751], [150.9904, -9.91694], [150.98644, -9.91134], [150.98396, -9.90891], [150.98276, -9.90401], [150.98087, -9.90172], [150.97825, -9.90001], [150.97199, -9.89688], [150.96981, -9.89618], [150.96531, -9.8952], [150.96444, -9.89434], [150.96267, -9.89133], [150.96005, -9.88861], [150.95759, -9.88752], [150.95743, -9.88632], [150.95886, -9.884], [150.95914, -9.88256], [150.95765, -9.87795], [150.95384, -9.87178], [150.94975, -9.8672], [150.94419, -9.85974], [150.94272, -9.85658], [150.93965, -9.85271], [150.93718, -9.85085], [150.93512, -9.84755], [150.93468, -9.8476], [150.93426, -9.84813], [150.93341, -9.85131], [150.93198, -9.85334], [150.93111, -9.85334], [150.93053, -9.85277], [150.92992, -9.84874], [150.92802, -9.8463], [150.9235, -9.84244], [150.92261, -9.84014], [150.92151, -9.83914], [150.92116, -9.839], [150.91959, -9.83938], [150.91768, -9.83931], [150.91652, -9.83845], [150.91301, -9.83401], [150.91066, -9.8297], [150.90569, -9.8231], [150.90364, -9.82096], [150.90204, -9.8201], [150.89986, -9.8181], [150.89781, -9.81494], [150.89448, -9.81482], [150.89013, -9.81398], [150.88737, -9.81299], [150.88562, -9.81185], [150.87939, -9.81175], [150.86968, -9.80994], [150.86764, -9.80908], [150.86473, -9.80737], [150.86212, -9.80682], [150.85862, -9.80396], [150.85254, -9.80428], [150.85137, -9.80199], [150.84962, -9.79998], [150.84511, -9.79784], [150.84234, -9.79455], [150.83695, -9.79012], [150.83534, -9.78811], [150.83183, -9.78251], [150.83108, -9.77949], [150.83044, -9.76969], [150.82895, -9.76365], [150.82889, -9.75557], [150.83003, -9.75182], [150.83015, -9.74822], [150.82956, -9.74707], [150.82636, -9.74449], [150.82172, -9.74452], [150.82085, -9.74367], [150.82025, -9.74021], [150.81675, -9.73591], [150.81471, -9.73477], [150.8092, -9.73452], [150.80484, -9.73137], [150.80208, -9.73052], [150.79771, -9.72652], [150.7935, -9.72424], [150.78581, -9.72184], [150.7832, -9.72156], [150.77972, -9.72043], [150.77725, -9.7203], [150.77594, -9.71959], [150.77172, -9.71572], [150.76824, -9.71488], [150.76562, -9.71317], [150.75983, -9.71349], [150.75722, -9.71264]]], [[[150.84208, -9.6912], [150.84221, -9.6902], [150.84192, -9.68994], [150.84104, -9.68963], [150.84081, -9.68987], [150.84076, -9.69021], [150.84192, -9.69135], [150.84208, -9.6912]]], [[[150.05778, -9.6837], [150.05815, -9.68322], [150.05804, -9.68234], [150.05717, -9.68235], [150.05689, -9.68292], [150.05702, -9.68325], [150.05747, -9.68379], [150.05778, -9.6837]]], [[[150.05543, -9.68206], [150.05543, -9.68091], [150.05485, -9.68091], [150.05456, -9.68207], [150.05543, -9.68206]]], [[[150.93017, -9.68097], [150.93029, -9.68066], [150.93016, -9.67982], [150.929, -9.67982], [150.92875, -9.6801], [150.92872, -9.6804], [150.92959, -9.68097], [150.93017, -9.68097]]], [[[150.05325, -9.68006], [150.05369, -9.67947], [150.0533, -9.67908], [150.05282, -9.6789], [150.05257, -9.67941], [150.05253, -9.68006], [150.05325, -9.68006]]], [[[150.99358, -9.67267], [150.99525, -9.67188], [150.99612, -9.671], [150.99622, -9.67054], [150.99611, -9.67014], [150.99515, -9.66974], [150.99407, -9.66958], [150.99354, -9.66985], [150.99249, -9.67038], [150.9912, -9.67132], [150.9912, -9.6719], [150.99165, -9.67249], [150.99237, -9.67305], [150.99358, -9.67267]]], [[[150.03019, -9.6689], [150.03041, -9.66862], [150.03048, -9.66832], [150.02932, -9.66803], [150.02903, -9.66832], [150.02932, -9.6689], [150.03019, -9.6689]]], [[[150.02816, -9.66775], [150.02816, -9.66688], [150.02729, -9.66689], [150.027, -9.66718], [150.02729, -9.66775], [150.02816, -9.66775]]], [[[150.81078, -9.66763], [150.81111, -9.66651], [150.81106, -9.66532], [150.81064, -9.66507], [150.8099, -9.66533], [150.80892, -9.66585], [150.80817, -9.66649], [150.80811, -9.66708], [150.80876, -9.66764], [150.81078, -9.66763]]], [[[150.98099, -9.66159], [150.98077, -9.66067], [150.9804, -9.65987], [150.97923, -9.65959], [150.97873, -9.65993], [150.97837, -9.66046], [150.97859, -9.66125], [150.97897, -9.6619], [150.98042, -9.66218], [150.98099, -9.66159]]], [[[151.00439, -9.65509], [151.00463, -9.6548], [151.00468, -9.65451], [151.00409, -9.65394], [151.00323, -9.65395], [151.00294, -9.65452], [151.00331, -9.65482], [151.0041, -9.65514], [151.00439, -9.65509]]], [[[150.99799, -9.65024], [150.9974, -9.64937], [150.99624, -9.64938], [150.99596, -9.64996], [150.99614, -9.65028], [150.99712, -9.65111], [150.99799, -9.65024]]], [[[151.00607, -9.64758], [151.00619, -9.64711], [151.00607, -9.64672], [151.00491, -9.64673], [151.00462, -9.64702], [151.00469, -9.64738], [151.00492, -9.64759], [151.00607, -9.64758]]], [[[150.937, -9.64489], [150.9375, -9.64446], [150.93772, -9.64402], [150.93696, -9.64374], [150.93627, -9.64374], [150.93601, -9.64402], [150.93598, -9.64432], [150.93657, -9.64489], [150.937, -9.64489]]], [[[150.99997, -9.64446], [151.00112, -9.64358], [151.0014, -9.64272], [151.00082, -9.64186], [150.99908, -9.64158], [150.9983, -9.64223], [150.99764, -9.64303], [150.99765, -9.64361], [150.99852, -9.64446], [150.99997, -9.64446]]], [[[150.93011, -9.6394], [150.93045, -9.63917], [150.93058, -9.63834], [150.93044, -9.63773], [150.92953, -9.63762], [150.9287, -9.63775], [150.92844, -9.63818], [150.92842, -9.63861], [150.92893, -9.63912], [150.92958, -9.63947], [150.93011, -9.6394]]], [[[149.90157, -9.6372], [149.9021, -9.63617], [149.9014, -9.63571], [149.90066, -9.6356], [149.90014, -9.6358], [149.8995, -9.63647], [149.89943, -9.63686], [149.8995, -9.63733], [149.90095, -9.6379], [149.90157, -9.6372]]], [[[150.9271, -9.63513], [150.92781, -9.63486], [150.92842, -9.6344], [150.92896, -9.63371], [150.92909, -9.63308], [150.92895, -9.63255], [150.92792, -9.63204], [150.92722, -9.63199], [150.92549, -9.63373], [150.92549, -9.63431], [150.92637, -9.63516], [150.9271, -9.63513]]], [[[150.99757, -9.63294], [150.99768, -9.63235], [150.99756, -9.63179], [150.99706, -9.63161], [150.99669, -9.6318], [150.99641, -9.63236], [150.99641, -9.63295], [150.99703, -9.6331], [150.99757, -9.63294]]], [[[150.02224, -9.63261], [150.02281, -9.63203], [150.0228, -9.6303], [150.02229, -9.63019], [150.02165, -9.6303], [150.02086, -9.63056], [150.0202, -9.63117], [150.02021, -9.63204], [150.02079, -9.63261], [150.02224, -9.63261]]], [[[150.92547, -9.63085], [150.92547, -9.63027], [150.92497, -9.62989], [150.9243, -9.6297], [150.92403, -9.62992], [150.92402, -9.63028], [150.9246, -9.63085], [150.92547, -9.63085]]], [[[149.85939, -9.63096], [149.85923, -9.62938], [149.8575, -9.62823], [149.85692, -9.62881], [149.85692, -9.62968], [149.85808, -9.63111], [149.85896, -9.6314], [149.85939, -9.63096]]], [[[150.92247, -9.6286], [150.92255, -9.62827], [150.92192, -9.62801], [150.92139, -9.62799], [150.92111, -9.62828], [150.92227, -9.62885], [150.92247, -9.6286]]], [[[149.8398, -9.61704], [149.8402, -9.61674], [149.84038, -9.61618], [149.83993, -9.6159], [149.83893, -9.61589], [149.83754, -9.61605], [149.83604, -9.61648], [149.83589, -9.61696], [149.83604, -9.61763], [149.8398, -9.61704]]], [[[149.82965, -9.61073], [149.82907, -9.61016], [149.82733, -9.60988], [149.82699, -9.61041], [149.82705, -9.61103], [149.8282, -9.61102], [149.82851, -9.61121], [149.82878, -9.6116], [149.82821, -9.61217], [149.82859, -9.61236], [149.82908, -9.61246], [149.82945, -9.61219], [149.82965, -9.61188], [149.82965, -9.61073]]], [[[149.83196, -9.60986], [149.83109, -9.60986], [149.83085, -9.61025], [149.83081, -9.61073], [149.83139, -9.61173], [149.83313, -9.61389], [149.83603, -9.61417], [149.83747, -9.61302], [149.84268, -9.61271], [149.84295, -9.61201], [149.84297, -9.61156], [149.84274, -9.61113], [149.84239, -9.61098], [149.83515, -9.61187], [149.83196, -9.60986]]], [[[149.77129, -9.6057], [149.7726, -9.60425], [149.77288, -9.60166], [149.77165, -9.60104], [149.77115, -9.60109], [149.76942, -9.60369], [149.76918, -9.60466], [149.76914, -9.60571], [149.77029, -9.60628], [149.77129, -9.6057]]], [[[149.76883, -9.60196], [149.76905, -9.60121], [149.76883, -9.60023], [149.76827, -9.59952], [149.76653, -9.59884], [149.76564, -9.5988], [149.76523, -9.59898], [149.76477, -9.59966], [149.7648, -9.60034], [149.76507, -9.60082], [149.76594, -9.60168], [149.76768, -9.60254], [149.76883, -9.60196]]], [[[149.54391, -9.59957], [149.54391, -9.59899], [149.54304, -9.59842], [149.54275, -9.599], [149.54333, -9.59957], [149.54391, -9.59957]]], [[[149.77646, -9.60121], [149.77694, -9.60021], [149.77693, -9.59935], [149.77605, -9.59848], [149.77519, -9.59791], [149.77403, -9.59791], [149.77288, -9.59878], [149.77271, -9.59914], [149.77288, -9.59964], [149.77607, -9.60165], [149.77646, -9.60121]]], [[[149.66771, -10.34472], [149.672, -10.34483], [149.68041, -10.34424], [149.6826, -10.34268], [149.68572, -10.34201], [149.68668, -10.34309], [149.68868, -10.34379], [149.69362, -10.34378], [149.6987, -10.34304], [149.70421, -10.34361], [149.70958, -10.34288], [149.71292, -10.34272], [149.71626, -10.34286], [149.72845, -10.34485], [149.73484, -10.34512], [149.74617, -10.34798], [149.7498, -10.3484], [149.7527, -10.34782], [149.75619, -10.35011], [149.75759, -10.35022], [149.75866, -10.35097], [149.76026, -10.35097], [149.76302, -10.35269], [149.7709, -10.35951], [149.77596, -10.3639], [149.778, -10.36419], [149.78032, -10.36389], [149.78366, -10.36446], [149.78859, -10.36315], [149.79164, -10.36329], [149.79905, -10.36759], [149.80805, -10.37451], [149.81361, -10.37879], [149.81782, -10.38138], [149.81911, -10.38184], [149.82219, -10.38483], [149.82553, -10.38569], [149.82712, -10.38625], [149.83003, -10.38827], [149.83149, -10.38855], [149.83266, -10.38767], [149.83439, -10.38796], [149.84152, -10.39285], [149.84894, -10.40033], [149.85098, -10.40176], [149.85215, -10.4032], [149.85273, -10.40493], [149.85331, -10.4055], [149.85418, -10.40521], [149.85403, -10.40362], [149.85272, -10.4006], [149.85329, -10.39945], [149.85446, -10.39945], [149.85656, -10.40086], [149.85622, -10.40549], [149.85709, -10.40636], [149.85869, -10.40664], [149.86115, -10.40634], [149.8661, -10.4072], [149.86885, -10.40892], [149.87221, -10.41222], [149.87629, -10.41827], [149.87921, -10.42143], [149.88445, -10.42848], [149.88754, -10.43842], [149.88958, -10.44245], [149.89149, -10.44763], [149.895, -10.45483], [149.89686, -10.45741], [149.89937, -10.46087], [149.90359, -10.46504], [149.90724, -10.46762], [149.90986, -10.47137], [149.91352, -10.48044], [149.91411, -10.4839], [149.91427, -10.48606], [149.91371, -10.49183], [149.91401, -10.49471], [149.91488, -10.49557], [149.92214, -10.49641], [149.92301, -10.49555], [149.92272, -10.49497], [149.92126, -10.49411], [149.92126, -10.49353], [149.92228, -10.49267], [149.92736, -10.49323], [149.92823, -10.49236], [149.9288, -10.48991], [149.92703, -10.48227], [149.92557, -10.48055], [149.91553, -10.47193], [149.91305, -10.46948], [149.91305, -10.46876], [149.91508, -10.46876], [149.9177, -10.47134], [149.92207, -10.4745], [149.92324, -10.47652], [149.92615, -10.47881], [149.92731, -10.47881], [149.92977, -10.47693], [149.93107, -10.47534], [149.93337, -10.46711], [149.93437, -10.4648], [149.93523, -10.46048], [149.9371, -10.45542], [149.93999, -10.45022], [149.94171, -10.44532], [149.94171, -10.44445], [149.93967, -10.44272], [149.93749, -10.44244], [149.93502, -10.44303], [149.93373, -10.44577], [149.92982, -10.44881], [149.92865, -10.44766], [149.92865, -10.44622], [149.92952, -10.44535], [149.9301, -10.44564], [149.93184, -10.44448], [149.93284, -10.43972], [149.93297, -10.43698], [149.9321, -10.43612], [149.93152, -10.43612], [149.93051, -10.43728], [149.92862, -10.43844], [149.92746, -10.43844], [149.926, -10.43671], [149.92542, -10.43441], [149.92454, -10.43355], [149.92367, -10.43355], [149.9228, -10.43441], [149.92252, -10.43788], [149.9231, -10.43874], [149.92311, -10.44076], [149.92225, -10.44192], [149.92094, -10.44221], [149.91934, -10.44193], [149.91541, -10.43977], [149.91236, -10.43733], [149.91293, -10.43618], [149.9138, -10.43617], [149.9186, -10.43933], [149.92079, -10.44019], [149.92137, -10.43961], [149.92018, -10.43327], [149.92134, -10.43212], [149.9225, -10.43153], [149.92511, -10.43181], [149.92715, -10.43354], [149.92745, -10.43613], [149.92804, -10.43671], [149.92919, -10.43641], [149.92977, -10.4344], [149.93151, -10.43237], [149.93412, -10.43265], [149.93499, -10.43351], [149.93472, -10.44015], [149.93589, -10.44101], [149.93705, -10.44014], [149.93849, -10.4374], [149.94037, -10.43566], [149.9424, -10.43479], [149.94443, -10.4332], [149.9466, -10.43204], [149.95008, -10.43144], [149.95182, -10.43029], [149.95211, -10.42884], [149.95093, -10.4251], [149.9518, -10.4225], [149.95237, -10.42192], [149.9544, -10.42163], [149.95731, -10.42277], [149.95819, -10.42364], [149.95877, -10.42508], [149.95994, -10.42622], [149.96168, -10.42622], [149.96284, -10.42535], [149.96384, -10.42203], [149.96398, -10.41958], [149.96281, -10.41785], [149.95889, -10.41772], [149.95686, -10.41744], [149.95439, -10.41644], [149.95234, -10.41356], [149.95234, -10.41212], [149.95321, -10.41154], [149.95379, -10.41212], [149.95467, -10.415], [149.95758, -10.41643], [149.96309, -10.41612], [149.96484, -10.41784], [149.96544, -10.42202], [149.96544, -10.4239], [149.96328, -10.42693], [149.96226, -10.42766], [149.95907, -10.42767], [149.95499, -10.42364], [149.95296, -10.42336], [149.95312, -10.42668], [149.95415, -10.43028], [149.95502, -10.43114], [149.96141, -10.43372], [149.96505, -10.43601], [149.97392, -10.43944], [149.9812, -10.44345], [149.98425, -10.44445], [149.98701, -10.44459], [149.99079, -10.44717], [149.99398, -10.44773], [149.99573, -10.44946], [149.99574, -10.4509], [149.99632, -10.45148], [149.99952, -10.45204], [150.00287, -10.45506], [150.00855, -10.45835], [150.01465, -10.45949], [150.01654, -10.46049], [150.01989, -10.46322], [150.02425, -10.46435], [150.02715, -10.46406], [150.03338, -10.46], [150.03642, -10.45711], [150.04208, -10.45636], [150.04744, -10.45476], [150.04976, -10.45475], [150.05166, -10.4559], [150.05618, -10.46107], [150.05748, -10.46106], [150.05849, -10.46026], [150.05938, -10.46164], [150.05967, -10.46337], [150.06055, -10.46423], [150.06258, -10.46422], [150.06374, -10.46508], [150.06688, -10.46507], [150.06694, -10.46507], [150.06781, -10.46449], [150.07028, -10.46477], [150.07158, -10.46448], [150.07506, -10.46244], [150.08478, -10.4614], [150.0858, -10.46096], [150.08681, -10.45966], [150.08723, -10.45692], [150.08694, -10.45634], [150.08707, -10.45274], [150.08865, -10.44769], [150.09009, -10.44624], [150.09386, -10.44392], [150.09705, -10.44333], [150.09792, -10.44246], [150.09849, -10.43987], [150.10108, -10.43351], [150.10715, -10.42772], [150.10743, -10.42513], [150.10538, -10.41994], [150.10536, -10.41706], [150.10594, -10.41677], [150.10653, -10.41734], [150.108, -10.42224], [150.10916, -10.42368], [150.10888, -10.42483], [150.11026, -10.42654], [150.11178, -10.42539], [150.11308, -10.42352], [150.1138, -10.42279], [150.11873, -10.42162], [150.12018, -10.42017], [150.12017, -10.41844], [150.12075, -10.41787], [150.12177, -10.41829], [150.12207, -10.41916], [150.1228, -10.41988], [150.12395, -10.41929], [150.1251, -10.41727], [150.12656, -10.41755], [150.12714, -10.41697], [150.12713, -10.41553], [150.128, -10.41495], [150.12931, -10.41682], [150.12984, -10.41948], [150.12947, -10.42071], [150.1286, -10.42072], [150.12628, -10.41957], [150.12599, -10.42044], [150.12628, -10.42101], [150.12542, -10.42217], [150.12222, -10.42189], [150.117, -10.42394], [150.11049, -10.42929], [150.1089, -10.43117], [150.10587, -10.43378], [150.10369, -10.43465], [150.10225, -10.4361], [150.10168, -10.43928], [150.10256, -10.44129], [150.10518, -10.44301], [150.1075, -10.44329], [150.10925, -10.44473], [150.11085, -10.44486], [150.11462, -10.44312], [150.11803, -10.44269], [150.11912, -10.44411], [150.11942, -10.44671], [150.12234, -10.44987], [150.12235, -10.45131], [150.12122, -10.45244], [150.11857, -10.45075], [150.11683, -10.45075], [150.11422, -10.45192], [150.11335, -10.45278], [150.11365, -10.45494], [150.11366, -10.4574], [150.11279, -10.45884], [150.11018, -10.46001], [150.10699, -10.45973], [150.10409, -10.46147], [150.10323, -10.4632], [150.10469, -10.46435], [150.10802, -10.4639], [150.1102, -10.46318], [150.11078, -10.46375], [150.11253, -10.46403], [150.11442, -10.46561], [150.11661, -10.46863], [150.11691, -10.47094], [150.11576, -10.47296], [150.11431, -10.47441], [150.11271, -10.47485], [150.10952, -10.475], [150.10211, -10.47445], [150.09834, -10.47533], [150.09342, -10.47852], [150.08747, -10.47941], [150.08362, -10.47861], [150.08064, -10.478], [150.07831, -10.47598], [150.0754, -10.47542], [150.0722, -10.47312], [150.06973, -10.47299], [150.06653, -10.47185], [150.05724, -10.47159], [150.05448, -10.47203], [150.05231, -10.47334], [150.05158, -10.47406], [150.05101, -10.47609], [150.05014, -10.47724], [150.05, -10.47854], [150.04813, -10.48301], [150.04582, -10.48533], [150.04423, -10.4862], [150.03916, -10.49112], [150.03831, -10.4943], [150.03918, -10.49603], [150.04064, -10.49697], [150.04064, -10.4989], [150.03804, -10.50064], [150.03659, -10.50267], [150.03699, -10.51183], [150.03779, -10.51304], [150.0407, -10.51361], [150.04354, -10.5155], [150.04362, -10.51735], [150.04324, -10.51776], [150.04275, -10.51793], [150.04159, -10.51793], [150.03867, -10.51477], [150.03606, -10.5142], [150.03489, -10.51305], [150.03488, -10.51017], [150.03517, -10.50959], [150.03442, -10.50339], [150.03339, -10.50037], [150.03194, -10.49951], [150.03106, -10.49951], [150.0299, -10.50009], [150.02672, -10.50414], [150.02585, -10.50472], [150.02181, -10.50993], [150.02021, -10.51122], [150.01804, -10.51282], [150.01442, -10.51385], [150.00963, -10.51429], [150.00311, -10.51864], [150.00152, -10.51952], [149.99832, -10.51924], [149.99571, -10.51982], [149.99281, -10.52156], [149.9915, -10.52185], [149.98845, -10.521], [149.98554, -10.52101], [149.98091, -10.52391], [149.97713, -10.52421], [149.97568, -10.52306], [149.97393, -10.52278], [149.97, -10.52034], [149.96913, -10.5189], [149.96869, -10.51703], [149.96781, -10.51646], [149.96578, -10.51704], [149.96229, -10.5159], [149.96142, -10.51503], [149.96053, -10.51215], [149.95937, -10.51129], [149.9569, -10.51144], [149.94878, -10.51435], [149.94501, -10.51465], [149.9408, -10.51568], [149.93993, -10.51568], [149.93702, -10.51339], [149.93498, -10.51368], [149.93265, -10.51311], [149.9312, -10.51109], [149.92975, -10.5111], [149.93034, -10.51499], [149.93035, -10.51629], [149.92876, -10.51845], [149.92513, -10.52063], [149.91773, -10.52152], [149.91598, -10.52109], [149.91235, -10.51952], [149.90827, -10.51549], [149.90709, -10.51232], [149.90593, -10.5106], [149.90447, -10.51002], [149.90331, -10.50888], [149.90272, -10.50744], [149.9001, -10.50542], [149.89952, -10.50398], [149.89835, -10.50284], [149.89661, -10.50284], [149.89458, -10.504], [149.89284, -10.50401], [149.89037, -10.50314], [149.8847, -10.50432], [149.88209, -10.50346], [149.88035, -10.50346], [149.87977, -10.50404], [149.87963, -10.50534], [149.87919, -10.50635], [149.87688, -10.5078], [149.87659, -10.50982], [149.87544, -10.51155], [149.86993, -10.51474], [149.86775, -10.5146], [149.86732, -10.51562], [149.86848, -10.51676], [149.86848, -10.51792], [149.86617, -10.51966], [149.86268, -10.51967], [149.8621, -10.52024], [149.86254, -10.52096], [149.86443, -10.52197], [149.86444, -10.52283], [149.86386, -10.5237], [149.86387, -10.52543], [149.86474, -10.52629], [149.8659, -10.52658], [149.86706, -10.52542], [149.86734, -10.52427], [149.86821, -10.5234], [149.86952, -10.52311], [149.87417, -10.52425], [149.87548, -10.52395], [149.87663, -10.52078], [149.87808, -10.51991], [149.87938, -10.5199], [149.88026, -10.52048], [149.88418, -10.52018], [149.88564, -10.52219], [149.88709, -10.52219], [149.89201, -10.51727], [149.89317, -10.51669], [149.89753, -10.51668], [149.90131, -10.51926], [149.90218, -10.51926], [149.90393, -10.52156], [149.90423, -10.52329], [149.90249, -10.52532], [149.90075, -10.52589], [149.89959, -10.52705], [149.8996, -10.52936], [149.89815, -10.53081], [149.897, -10.53139], [149.8938, -10.53082], [149.8903, -10.52795], [149.88914, -10.52795], [149.88711, -10.52998], [149.88741, -10.53344], [149.88946, -10.53631], [149.88917, -10.53862], [149.88686, -10.54122], [149.88555, -10.54151], [149.88105, -10.54038], [149.87959, -10.53922], [149.8777, -10.5388], [149.87364, -10.53881], [149.87233, -10.53954], [149.86743, -10.54892], [149.86511, -10.55167], [149.86337, -10.55254], [149.85581, -10.55141], [149.85436, -10.55141], [149.85378, -10.55199], [149.85466, -10.554], [149.85713, -10.5553], [149.86077, -10.55543], [149.86222, -10.55831], [149.8631, -10.55917], [149.86615, -10.56031], [149.86862, -10.56031], [149.86949, -10.55973], [149.87122, -10.55482], [149.87296, -10.55338], [149.87499, -10.55337], [149.87703, -10.55452], [149.87878, -10.55624], [149.87878, -10.55913], [149.88025, -10.56143], [149.88026, -10.56374], [149.8791, -10.56547], [149.87853, -10.56835], [149.87882, -10.57009], [149.88115, -10.57209], [149.88261, -10.57209], [149.88319, -10.57151], [149.88318, -10.56978], [149.88245, -10.5682], [149.88229, -10.56488], [149.88418, -10.56358], [149.88926, -10.56313], [149.89099, -10.56111], [149.89419, -10.5611], [149.89885, -10.56512], [149.90118, -10.5654], [149.90234, -10.56482], [149.90321, -10.56367], [149.90405, -10.55732], [149.90405, -10.55645], [149.90317, -10.5553], [149.89925, -10.55589], [149.89824, -10.55589], [149.89591, -10.5536], [149.89531, -10.54956], [149.8956, -10.54783], [149.8969, -10.54566], [149.8982, -10.54436], [149.90139, -10.54262], [149.90574, -10.54174], [149.90865, -10.54317], [149.9104, -10.54519], [149.91302, -10.54576], [149.9136, -10.54662], [149.91332, -10.54777], [149.91623, -10.54978], [149.91783, -10.55309], [149.91857, -10.55641], [149.92032, -10.55784], [149.92076, -10.55914], [149.92107, -10.56404], [149.92239, -10.56735], [149.92182, -10.57024], [149.92212, -10.57283], [149.9227, -10.57341], [149.92502, -10.57369], [149.9259, -10.57455], [149.9259, -10.57657], [149.92707, -10.57715], [149.92852, -10.57541], [149.92852, -10.57455], [149.92705, -10.57109], [149.92704, -10.56821], [149.92834, -10.56546], [149.92818, -10.56387], [149.9289, -10.56113], [149.92991, -10.55955], [149.93209, -10.55896], [149.93398, -10.55924], [149.93804, -10.55837], [149.93892, -10.55836], [149.94066, -10.5598], [149.94096, -10.56066], [149.94299, -10.56267], [149.94445, -10.56325], [149.94619, -10.56324], [149.94735, -10.56208], [149.94705, -10.5592], [149.94821, -10.55804], [149.94937, -10.55833], [149.95025, -10.55948], [149.95143, -10.56495], [149.94941, -10.56929], [149.94622, -10.57218], [149.9455, -10.57377], [149.94508, -10.5768], [149.94306, -10.5794], [149.94365, -10.58228], [149.94423, -10.58286], [149.94685, -10.58343], [149.95193, -10.58326], [149.95265, -10.58254], [149.9528, -10.58095], [149.95337, -10.5798], [149.95351, -10.57735], [149.95582, -10.57417], [149.95494, -10.57273], [149.95407, -10.57244], [149.95319, -10.57129], [149.95348, -10.5687], [149.95666, -10.56551], [149.96013, -10.56132], [149.96042, -10.56031], [149.95838, -10.55859], [149.95837, -10.55772], [149.95954, -10.55686], [149.9636, -10.55713], [149.9665, -10.55452], [149.96678, -10.55395], [149.9662, -10.55135], [149.96648, -10.5502], [149.96764, -10.54933], [149.96967, -10.54932], [149.9723, -10.55162], [149.97288, -10.55277], [149.97289, -10.55451], [149.97173, -10.55595], [149.96912, -10.55653], [149.96738, -10.55827], [149.9671, -10.56029], [149.96769, -10.56317], [149.96654, -10.56491], [149.96742, -10.56779], [149.96742, -10.56894], [149.9654, -10.57154], [149.96336, -10.57183], [149.96308, -10.57386], [149.96425, -10.57558], [149.96341, -10.58438], [149.9643, -10.58914], [149.96372, -10.59116], [149.9617, -10.59462], [149.96171, -10.59578], [149.96229, -10.59635], [149.96345, -10.59577], [149.9646, -10.59375], [149.96576, -10.59029], [149.96807, -10.58826], [149.96864, -10.58538], [149.96922, -10.58479], [149.97125, -10.58479], [149.9727, -10.58305], [149.97212, -10.5819], [149.9724, -10.58075], [149.97327, -10.57988], [149.9753, -10.57958], [149.97821, -10.58015], [149.98054, -10.58159], [149.98374, -10.58244], [149.98607, -10.58416], [149.98666, -10.58675], [149.98637, -10.58849], [149.98435, -10.59051], [149.9829, -10.59052], [149.9813, -10.5898], [149.9794, -10.58966], [149.97796, -10.59111], [149.97797, -10.59486], [149.97856, -10.59601], [149.98016, -10.59759], [149.98365, -10.59902], [149.98525, -10.59916], [149.98873, -10.59684], [149.99004, -10.59698], [149.99135, -10.59827], [149.99194, -10.59971], [149.99369, -10.60144], [149.99485, -10.60143], [149.99659, -10.59999], [149.99804, -10.59998], [150.00037, -10.60142], [150.00095, -10.60084], [149.99977, -10.5968], [149.99802, -10.5945], [149.99802, -10.59393], [149.99946, -10.59248], [150.0041, -10.59073], [150.00527, -10.58957], [150.00526, -10.589], [150.00351, -10.5867], [150.00321, -10.58497], [150.00379, -10.5841], [150.0064, -10.58323], [150.00698, -10.5815], [150.00784, -10.58092], [150.0093, -10.5812], [150.01076, -10.58264], [150.01163, -10.58234], [150.01248, -10.57917], [150.01248, -10.5783], [150.01161, -10.57715], [150.01131, -10.57586], [150.0116, -10.57456], [150.01275, -10.5734], [150.01972, -10.57309], [150.02089, -10.57424], [150.02119, -10.57568], [150.0209, -10.57741], [150.01975, -10.57857], [150.01859, -10.57857], [150.01743, -10.5803], [150.01831, -10.58348], [150.01943, -10.58457], [150.02006, -10.5852], [150.02355, -10.58634], [150.0253, -10.58806], [150.02589, -10.5895], [150.02735, -10.59094], [150.02822, -10.59094], [150.02967, -10.58978], [150.0317, -10.58948], [150.03476, -10.59163], [150.03607, -10.59322], [150.03608, -10.59466], [150.03492, -10.59582], [150.03347, -10.5964], [150.03144, -10.599], [150.03203, -10.59958], [150.03377, -10.59957], [150.03436, -10.60043], [150.03436, -10.60159], [150.03205, -10.60448], [150.03118, -10.60477], [150.03002, -10.60593], [150.03026, -10.60818], [150.03032, -10.60881], [150.03178, -10.61082], [150.03178, -10.6114], [150.02802, -10.61429], [150.0241, -10.61518], [150.02308, -10.61518], [150.02148, -10.61446], [150.01989, -10.61432], [150.01923, -10.61466], [150.01902, -10.6152], [150.02047, -10.61663], [150.02047, -10.61721], [150.01323, -10.62185], [150.01382, -10.62502], [150.01499, -10.62617], [150.01644, -10.62645], [150.0176, -10.62529], [150.01788, -10.62183], [150.02019, -10.61952], [150.02135, -10.61893], [150.02281, -10.61893], [150.02485, -10.62123], [150.02659, -10.62151], [150.02833, -10.62122], [150.03268, -10.61861], [150.03355, -10.61861], [150.03385, -10.61918], [150.03125, -10.62236], [150.03147, -10.62297], [150.03212, -10.62351], [150.03328, -10.62322], [150.034, -10.62351], [150.03474, -10.62437], [150.03358, -10.62639], [150.03403, -10.62884], [150.03593, -10.63071], [150.03593, -10.63157], [150.0339, -10.63331], [150.03362, -10.63446], [150.03449, -10.63561], [150.0403, -10.63588], [150.04147, -10.6353], [150.04436, -10.63226], [150.0458, -10.62981], [150.04609, -10.62779], [150.04578, -10.62404], [150.04723, -10.62259], [150.04882, -10.62187], [150.05492, -10.62083], [150.05622, -10.62083], [150.05739, -10.6214], [150.05784, -10.62187], [150.06031, -10.62442], [150.06119, -10.626], [150.06352, -10.62801], [150.06439, -10.62801], [150.06803, -10.63045], [150.06936, -10.6321], [150.06965, -10.63376], [150.06893, -10.6365], [150.06881, -10.64328], [150.0713, -10.64716], [150.07435, -10.64931], [150.07916, -10.65059], [150.08047, -10.65131], [150.08134, -10.65102], [150.08162, -10.65015], [150.08017, -10.64872], [150.08044, -10.64612], [150.07927, -10.64439], [150.07927, -10.64209], [150.07984, -10.64064], [150.08158, -10.63833], [150.08375, -10.6376], [150.08724, -10.63759], [150.09117, -10.63829], [150.09554, -10.64145], [150.0983, -10.64216], [150.10121, -10.64215], [150.10309, -10.64142], [150.1047, -10.642], [150.1031, -10.64401], [150.10078, -10.64489], [150.09963, -10.64662], [150.10036, -10.64965], [150.10052, -10.65152], [150.09995, -10.65441], [150.10024, -10.65556], [150.10171, -10.65757], [150.10186, -10.66002], [150.10259, -10.66103], [150.10433, -10.66132], [150.10739, -10.66303], [150.10841, -10.66389], [150.10871, -10.66533], [150.1093, -10.66591], [150.11133, -10.66619], [150.1122, -10.66734], [150.11192, -10.66763], [150.11222, -10.66965], [150.11425, -10.66993], [150.11484, -10.6705], [150.11484, -10.67252], [150.11601, -10.67338], [150.11775, -10.67338], [150.1192, -10.67193], [150.1192, -10.67106], [150.12035, -10.66904], [150.12585, -10.66498], [150.1299, -10.65876], [150.13539, -10.65197], [150.138, -10.64994], [150.1409, -10.64935], [150.14889, -10.65061], [150.15151, -10.65147], [150.15398, -10.6516], [150.15674, -10.65015], [150.16385, -10.6481], [150.16706, -10.65126], [150.16968, -10.65154], [150.17413, -10.65127], [150.17737, -10.65108], [150.181, -10.65005], [150.18332, -10.6486], [150.18637, -10.64802], [150.19059, -10.64886], [150.19394, -10.65116], [150.19671, -10.65388], [150.19905, -10.65719], [150.19906, -10.65949], [150.19848, -10.66065], [150.19675, -10.66239], [150.19327, -10.66356], [150.19181, -10.66327], [150.19065, -10.66213], [150.18643, -10.662], [150.18019, -10.66332], [150.17671, -10.66564], [150.17513, -10.66897], [150.17471, -10.67344], [150.1724, -10.67662], [150.17212, -10.67835], [150.17242, -10.68008], [150.17318, -10.68116], [150.17373, -10.68195], [150.17475, -10.68238], [150.17678, -10.68093], [150.17823, -10.68063], [150.17911, -10.6815], [150.17955, -10.68279], [150.17987, -10.68943], [150.18118, -10.69158], [150.18235, -10.69158], [150.18525, -10.68954], [150.18728, -10.68925], [150.18757, -10.68838], [150.18552, -10.68637], [150.18552, -10.68493], [150.18638, -10.68377], [150.18754, -10.68319], [150.19031, -10.68332], [150.1951, -10.6846], [150.2044, -10.68312], [150.20673, -10.68513], [150.20703, -10.68744], [150.20414, -10.69062], [150.2024, -10.69121], [150.1998, -10.6941], [150.19952, -10.69569], [150.20069, -10.70015], [150.20128, -10.70073], [150.20302, -10.70072], [150.20578, -10.69941], [150.20926, -10.69882], [150.21115, -10.6978], [150.21289, -10.69779], [150.21435, -10.69894], [150.21639, -10.69893], [150.21696, -10.69835], [150.21667, -10.69778], [150.2158, -10.69778], [150.21376, -10.69606], [150.21375, -10.69548], [150.21491, -10.69432], [150.21752, -10.69374], [150.22042, -10.69113], [150.221, -10.69113], [150.22217, -10.69227], [150.2258, -10.69255], [150.22667, -10.69312], [150.22827, -10.69303], [150.23205, -10.69281], [150.23351, -10.69367], [150.23467, -10.69338], [150.23466, -10.69222], [150.23611, -10.69164], [150.23698, -10.69077], [150.23668, -10.68933], [150.23697, -10.68847], [150.23958, -10.68644], [150.2419, -10.68613], [150.24481, -10.6867], [150.24568, -10.68583], [150.24654, -10.68381], [150.24653, -10.6815], [150.2439, -10.67877], [150.24302, -10.67719], [150.24156, -10.67576], [150.24069, -10.67547], [150.23952, -10.67432], [150.23923, -10.67317], [150.23981, -10.67259], [150.24213, -10.672], [150.24271, -10.67142], [150.24154, -10.67028], [150.23921, -10.66971], [150.23863, -10.66913], [150.23891, -10.66798], [150.24109, -10.66768], [150.24298, -10.66796], [150.24648, -10.67083], [150.24867, -10.67154], [150.25186, -10.67182], [150.25288, -10.67225], [150.25401, -10.67394], [150.25377, -10.67685], [150.25117, -10.6799], [150.25088, -10.68125], [150.25032, -10.68379], [150.25207, -10.6858], [150.25208, -10.68667], [150.25063, -10.68898], [150.25006, -10.69129], [150.25065, -10.69187], [150.25588, -10.69271], [150.25791, -10.69068], [150.25819, -10.68953], [150.25978, -10.68779], [150.26225, -10.68634], [150.26848, -10.68443], [150.27386, -10.68369], [150.27849, -10.68107], [150.27995, -10.68078], [150.28139, -10.67933], [150.28051, -10.67789], [150.28051, -10.67674], [150.28109, -10.67616], [150.28225, -10.67615], [150.28429, -10.67759], [150.28691, -10.67844], [150.28778, -10.67757], [150.28778, -10.677], [150.28544, -10.6747], [150.28863, -10.67382], [150.29243, -10.67755], [150.29562, -10.67725], [150.29825, -10.67954], [150.30596, -10.68052], [150.30697, -10.67951], [150.30768, -10.67705], [150.30795, -10.67301], [150.30839, -10.67229], [150.3107, -10.67084], [150.31243, -10.66751], [150.31532, -10.66418], [150.31749, -10.66302], [150.31909, -10.66157], [150.32037, -10.65767], [150.32065, -10.65507], [150.32237, -10.65016], [150.3228, -10.64771], [150.32391, -10.64776], [150.32427, -10.65059], [150.32254, -10.65406], [150.32341, -10.65463], [150.32529, -10.65318], [150.32631, -10.6526], [150.33023, -10.652], [150.33633, -10.6524], [150.34273, -10.65324], [150.34462, -10.65367], [150.34651, -10.65496], [150.34783, -10.65711], [150.34842, -10.65769], [150.35278, -10.65882], [150.35454, -10.66054], [150.35717, -10.66485], [150.35692, -10.66613], [150.35311, -10.66603], [150.35253, -10.66661], [150.35283, -10.66819], [150.3575, -10.67336], [150.35824, -10.67595], [150.35783, -10.67956], [150.35638, -10.68159], [150.35668, -10.68303], [150.35756, -10.68388], [150.36265, -10.68487], [150.36687, -10.68672], [150.36774, -10.68585], [150.36685, -10.68269], [150.36742, -10.68096], [150.36873, -10.68023], [150.3712, -10.67978], [150.37323, -10.68006], [150.37469, -10.6815], [150.37587, -10.68466], [150.37531, -10.68957], [150.37735, -10.68956], [150.38025, -10.68753], [150.38228, -10.68761], [150.39216, -10.68804], [150.39491, -10.68573], [150.39593, -10.68514], [150.39781, -10.68485], [150.40087, -10.68512], [150.40708, -10.67932], [150.40839, -10.67845], [150.41057, -10.67815], [150.41319, -10.67857], [150.41566, -10.67928], [150.41887, -10.68128], [150.42033, -10.6833], [150.42211, -10.68992], [150.42298, -10.69078], [150.42647, -10.69163], [150.42821, -10.69018], [150.4282, -10.68758], [150.42775, -10.68662], [150.42746, -10.686], [150.42717, -10.68333], [150.42701, -10.68182], [150.4265, -10.68101], [150.42466, -10.67808], [150.42436, -10.67607], [150.41998, -10.67234], [150.41895, -10.66961], [150.4182, -10.66571], [150.4182, -10.66509], [150.4182, -10.66456], [150.41935, -10.66311], [150.42109, -10.66253], [150.42384, -10.66035], [150.42572, -10.65818], [150.42688, -10.65759], [150.43066, -10.65787], [150.43532, -10.66102], [150.43591, -10.66101], [150.43706, -10.65985], [150.43705, -10.65726], [150.44052, -10.65436], [150.44138, -10.65291], [150.44254, -10.6529], [150.44547, -10.65635], [150.44794, -10.65619], [150.4549, -10.65414], [150.45882, -10.65398], [150.46232, -10.65684], [150.46509, -10.65697], [150.46581, -10.65625], [150.4658, -10.65567], [150.46513, -10.65491], [150.46376, -10.65337], [150.46375, -10.65106], [150.46663, -10.64803], [150.46685, -10.64742], [150.46721, -10.64644], [150.46662, -10.64586], [150.46299, -10.64573], [150.4622, -10.64555], [150.4611, -10.64531], [150.46022, -10.64445], [150.45993, -10.64316], [150.4605, -10.64128], [150.46397, -10.63809], [150.46454, -10.63635], [150.46366, -10.63492], [150.46365, -10.63347], [150.46582, -10.63159], [150.46668, -10.63045], [150.46769, -10.62913], [150.46768, -10.62682], [150.4668, -10.62481], [150.46708, -10.62365], [150.46983, -10.62191], [150.472, -10.61959], [150.4749, -10.619], [150.47782, -10.621], [150.47957, -10.62128], [150.48276, -10.62098], [150.48451, -10.62241], [150.48624, -10.6198], [150.48885, -10.61893], [150.49261, -10.6166], [150.4961, -10.61629], [150.49843, -10.61801], [150.49974, -10.61829], [150.50279, -10.6177], [150.50483, -10.61942], [150.51166, -10.61953], [150.51442, -10.62052], [150.51559, -10.62167], [150.51619, -10.6234], [150.51677, -10.62397], [150.51822, -10.62267], [150.51908, -10.62107], [150.52052, -10.61963], [150.52371, -10.61817], [150.52459, -10.61845], [150.52634, -10.62046], [150.53361, -10.62071], [150.53912, -10.62011], [150.54101, -10.6211], [150.54204, -10.62211], [150.5422, -10.62369], [150.54148, -10.62557], [150.54149, -10.6273], [150.54216, -10.62772], [150.54309, -10.6283], [150.5492, -10.62942], [150.55429, -10.62954], [150.55544, -10.62838], [150.55514, -10.62665], [150.55542, -10.62521], [150.55658, -10.62462], [150.55746, -10.62635], [150.55834, -10.62721], [150.56096, -10.62749], [150.56342, -10.62559], [150.56529, -10.62313], [150.56556, -10.61909], [150.56525, -10.61578], [150.56553, -10.6142], [150.56639, -10.61333], [150.56784, -10.61303], [150.56929, -10.61215], [150.56958, -10.61158], [150.56899, -10.60985], [150.56927, -10.60898], [150.57029, -10.60825], [150.57305, -10.6081], [150.5755, -10.60607], [150.5771, -10.60519], [150.58015, -10.60489], [150.58393, -10.60558], [150.58683, -10.60557], [150.59075, -10.60483], [150.59248, -10.60366], [150.59683, -10.6022], [150.60031, -10.60016], [150.60118, -10.599], [150.60174, -10.59698], [150.60261, -10.59611], [150.60493, -10.59523], [150.60753, -10.59277], [150.60897, -10.59103], [150.60983, -10.58944], [150.60953, -10.58742], [150.60806, -10.58498], [150.60543, -10.58196], [150.606, -10.58081], [150.60847, -10.58094], [150.61095, -10.58164], [150.61298, -10.58106], [150.61644, -10.577], [150.61877, -10.57698], [150.61993, -10.57784], [150.62024, -10.58044], [150.62111, -10.5813], [150.62474, -10.58055], [150.64159, -10.57974], [150.64551, -10.58029], [150.64811, -10.57768], [150.64898, -10.57768], [150.64986, -10.57883], [150.64871, -10.58114], [150.6493, -10.58215], [150.65281, -10.58573], [150.65862, -10.58512], [150.66136, -10.5828], [150.66512, -10.58047], [150.66729, -10.57815], [150.6683, -10.57785], [150.66946, -10.57814], [150.67091, -10.57784], [150.67543, -10.57868], [150.67658, -10.57723], [150.67569, -10.57406], [150.67451, -10.57234], [150.67421, -10.5709], [150.67494, -10.57046], [150.67857, -10.57001], [150.68117, -10.56797], [150.6832, -10.56767], [150.68464, -10.56651], [150.68755, -10.5665], [150.6903, -10.56475], [150.69247, -10.56301], [150.69419, -10.56069], [150.69404, -10.55852], [150.69137, -10.55105], [150.69002, -10.54312], [150.6884, -10.54068], [150.68534, -10.53853], [150.68418, -10.53825], [150.68184, -10.53596], [150.68023, -10.53352], [150.67468, -10.52966], [150.67168, -10.52692], [150.67028, -10.52262], [150.66938, -10.51715], [150.66893, -10.51585], [150.66777, -10.51471], [150.6669, -10.51471], [150.66602, -10.51385], [150.66712, -10.50432], [150.66607, -10.49928], [150.66563, -10.49828], [150.66125, -10.49455], [150.6592, -10.49226], [150.65741, -10.48448], [150.65522, -10.48162], [150.6542, -10.48162], [150.65276, -10.48307], [150.65189, -10.48336], [150.65131, -10.48279], [150.65129, -10.48048], [150.65187, -10.47961], [150.65161, -10.47837], [150.65157, -10.47817], [150.65055, -10.47731], [150.6488, -10.47761], [150.63398, -10.47554], [150.62787, -10.47413], [150.62599, -10.474], [150.6241, -10.47415], [150.62062, -10.47561], [150.61859, -10.47562], [150.61448, -10.4746], [150.61292, -10.47378], [150.60404, -10.47138], [150.5962, -10.47056], [150.58849, -10.46815], [150.58441, -10.46529], [150.57758, -10.46403], [150.57133, -10.46219], [150.57016, -10.46133], [150.56573, -10.45979], [150.55911, -10.45879], [150.55386, -10.45536], [150.54936, -10.45481], [150.54776, -10.45424], [150.54397, -10.45138], [150.54251, -10.4511], [150.53785, -10.44824], [150.52971, -10.44598], [150.52679, -10.44398], [150.51662, -10.4423], [150.50991, -10.43743], [150.50526, -10.4363], [150.49928, -10.43186], [150.49826, -10.43057], [150.49767, -10.42884], [150.49709, -10.42885], [150.49622, -10.42972], [150.49594, -10.43145], [150.49392, -10.4329], [150.49101, -10.43292], [150.49013, -10.43201], [150.49158, -10.43089], [150.49391, -10.4303], [150.49535, -10.42857], [150.49534, -10.42741], [150.49446, -10.42569], [150.49329, -10.42454], [150.48285, -10.42604], [150.47849, -10.4249], [150.47732, -10.42405], [150.47441, -10.42348], [150.47267, -10.42234], [150.47106, -10.42177], [150.46482, -10.42094], [150.45753, -10.41578], [150.45071, -10.41567], [150.4459, -10.41325], [150.44242, -10.41269], [150.43531, -10.41287], [150.43283, -10.41216], [150.42761, -10.40778], [150.42409, -10.40586], [150.41726, -10.40474], [150.41494, -10.40504], [150.4116, -10.40477], [150.41045, -10.4065], [150.40843, -10.40853], [150.40727, -10.40883], [150.40582, -10.40855], [150.40086, -10.40482], [150.39549, -10.40514], [150.39345, -10.40486], [150.3891, -10.40516], [150.383, -10.40476], [150.37516, -10.40278], [150.37167, -10.4028], [150.36921, -10.40411], [150.36747, -10.40412], [150.36601, -10.40297], [150.36296, -10.40255], [150.36107, -10.40184], [150.35816, -10.39983], [150.35409, -10.40014], [150.35148, -10.39986], [150.34973, -10.39843], [150.34363, -10.39788], [150.34188, -10.39616], [150.34144, -10.39486], [150.34098, -10.38982], [150.34097, -10.38809], [150.34257, -10.37596], [150.34203, -10.36689], [150.34244, -10.36228], [150.34402, -10.35852], [150.34604, -10.35577], [150.3455, -10.35233], [150.34722, -10.35164], [150.34835, -10.3514], [150.34949, -10.35028], [150.34976, -10.34566], [150.34844, -10.34408], [150.34553, -10.34194], [150.34364, -10.34108], [150.3416, -10.33907], [150.34129, -10.33677], [150.34244, -10.33445], [150.34331, -10.33358], [150.34592, -10.33299], [150.34941, -10.33384], [150.35027, -10.33297], [150.35361, -10.33252], [150.3552, -10.33151], [150.35606, -10.33035], [150.35634, -10.32689], [150.35908, -10.32327], [150.36043, -10.32207], [150.36545, -10.32123], [150.36704, -10.32079], [150.36806, -10.32002], [150.36936, -10.31905], [150.37138, -10.31673], [150.3737, -10.31643], [150.3762, -10.3168], [150.37748, -10.31699], [150.38023, -10.31596], [150.38429, -10.31609], [150.38908, -10.3152], [150.3916, -10.31275], [150.39398, -10.30955], [150.39743, -10.30233], [150.39843, -10.30088], [150.40031, -10.29957], [150.40568, -10.29897], [150.40669, -10.29839], [150.40669, -10.29723], [150.40755, -10.29666], [150.41162, -10.29721], [150.41279, -10.29836], [150.41245, -10.3022], [150.41281, -10.30384], [150.41675, -10.308], [150.41835, -10.30929], [150.42401, -10.31106], [150.42577, -10.31127], [150.42896, -10.31082], [150.42994, -10.31052], [150.43273, -10.30965], [150.43562, -10.3082], [150.43851, -10.30731], [150.44113, -10.3073], [150.44491, -10.30844], [150.45086, -10.30826], [150.45203, -10.30999], [150.45261, -10.30998], [150.45289, -10.30826], [150.45375, -10.30783], [150.45434, -10.30824], [150.45451, -10.31271], [150.45533, -10.31799], [150.45531, -10.31834], [150.45527, -10.3192], [150.45672, -10.32063], [150.46021, -10.32033], [150.46427, -10.32088], [150.46632, -10.32231], [150.47912, -10.32432], [150.48475, -10.32251], [150.48751, -10.32365], [150.48925, -10.32248], [150.49127, -10.32219], [150.49243, -10.32132], [150.4936, -10.32189], [150.49477, -10.32476], [150.49623, -10.3262], [150.50291, -10.32703], [150.50377, -10.32616], [150.50377, -10.32443], [150.50471, -10.32402], [150.5055, -10.32442], [150.50582, -10.32845], [150.50728, -10.33018], [150.5099, -10.3316], [150.51309, -10.33187], [150.51485, -10.33331], [150.5158, -10.33336], [150.51746, -10.33416], [150.52268, -10.33355], [150.52471, -10.3321], [150.52703, -10.3318], [150.53096, -10.33524], [150.53373, -10.33696], [150.53649, -10.33723], [150.53866, -10.33693], [150.54709, -10.33862], [150.54797, -10.33947], [150.54886, -10.34235], [150.54857, -10.34293], [150.54944, -10.34408], [150.5525, -10.34507], [150.55409, -10.34521], [150.55569, -10.34448], [150.55961, -10.34431], [150.56135, -10.34546], [150.56629, -10.34543], [150.56715, -10.34399], [150.56802, -10.3434], [150.56889, -10.3434], [150.57165, -10.34483], [150.57384, -10.34539], [150.57557, -10.34509], [150.57733, -10.34681], [150.58284, -10.34707], [150.58488, -10.3485], [150.5869, -10.34647], [150.58748, -10.34618], [150.58821, -10.34632], [150.58865, -10.34675], [150.58548, -10.35109], [150.58549, -10.35253], [150.58753, -10.35483], [150.59015, -10.3551], [150.5913, -10.35452], [150.59361, -10.35191], [150.59361, -10.35076], [150.59302, -10.3499], [150.59301, -10.34788], [150.59387, -10.3473], [150.59532, -10.34729], [150.59766, -10.34843], [150.60057, -10.35043], [150.60115, -10.35043], [150.60404, -10.3481], [150.60577, -10.34608], [150.60645, -10.34573], [150.60722, -10.34578], [150.60839, -10.34837], [150.61014, -10.3498], [150.61115, -10.34879], [150.61128, -10.34605], [150.61186, -10.34547], [150.61237, -10.34528], [150.61302, -10.34546], [150.61304, -10.34892], [150.6148, -10.35121], [150.61596, -10.35178], [150.61683, -10.35178], [150.61885, -10.34975], [150.61942, -10.34658], [150.6213, -10.34685], [150.62261, -10.34742], [150.62435, -10.34655], [150.6249, -10.34689], [150.62494, -10.3477], [150.62118, -10.35147], [150.62142, -10.35202], [150.62206, -10.35233], [150.62395, -10.35218], [150.62814, -10.35057], [150.63149, -10.35069], [150.63308, -10.35111], [150.63395, -10.35053], [150.63423, -10.34909], [150.63336, -10.34823], [150.63335, -10.34679], [150.63392, -10.34621], [150.63537, -10.34591], [150.63768, -10.34417], [150.63885, -10.34416], [150.64058, -10.34242], [150.64085, -10.34011], [150.64161, -10.33982], [150.6423, -10.3401], [150.64261, -10.34212], [150.64348, -10.34269], [150.64406, -10.34211], [150.64448, -10.34023], [150.64491, -10.33922], [150.64751, -10.3369], [150.64836, -10.33401], [150.64923, -10.33314], [150.65626, -10.33175], [150.65894, -10.33121], [150.66502, -10.32887], [150.66719, -10.32843], [150.6691, -10.32613], [150.67007, -10.32495], [150.67312, -10.3245], [150.67746, -10.32288], [150.68037, -10.32402], [150.68473, -10.32414], [150.68996, -10.32512], [150.69097, -10.32511], [150.69242, -10.3241], [150.69429, -10.32091], [150.69673, -10.31787], [150.6989, -10.31743], [150.70587, -10.31695], [150.7082, -10.31752], [150.7108, -10.31649], [150.71573, -10.31617], [150.71704, -10.31573], [150.72036, -10.31326], [150.72136, -10.31196], [150.72149, -10.30807], [150.72249, -10.30604], [150.72364, -10.30502], [150.72538, -10.3053], [150.72712, -10.30414], [150.73046, -10.30397], [150.73204, -10.30295], [150.73231, -10.29863], [150.73577, -10.29543], [150.73693, -10.29543], [150.73839, -10.29715], [150.73956, -10.29743], [150.7455, -10.29667], [150.75391, -10.29662], [150.75522, -10.29676], [150.75784, -10.29818], [150.76018, -10.30076], [150.7609, -10.30061], [150.76235, -10.29917], [150.76335, -10.29699], [150.76479, -10.29583], [150.76595, -10.29554], [150.76768, -10.29379], [150.76766, -10.28976], [150.76852, -10.28831], [150.77126, -10.28599], [150.77372, -10.28453], [150.7782, -10.28292], [150.78328, -10.28188], [150.78515, -10.28042], [150.7925, -10.2723], [150.79568, -10.27142], [150.79661, -10.27083], [150.80031, -10.26851], [150.80523, -10.26704], [150.80999, -10.26355], [150.8123, -10.26108], [150.81548, -10.25861], [150.81706, -10.25773], [150.82416, -10.25581], [150.82938, -10.25578], [150.83635, -10.25703], [150.83911, -10.25615], [150.84141, -10.25339], [150.84313, -10.2505], [150.84586, -10.24702], [150.8499, -10.24339], [150.85596, -10.23903], [150.85885, -10.23642], [150.86303, -10.2335], [150.86695, -10.2329], [150.87232, -10.23315], [150.87419, -10.23098], [150.87577, -10.22996], [150.87605, -10.22765], [150.87517, -10.22593], [150.874, -10.22478], [150.87226, -10.22508], [150.8711, -10.22595], [150.86893, -10.22583], [150.86733, -10.22511], [150.86167, -10.22587], [150.85922, -10.2269], [150.85631, -10.22634], [150.85457, -10.22664], [150.84908, -10.22985], [150.84662, -10.23044], [150.84502, -10.23016], [150.84036, -10.2276], [150.83775, -10.2279], [150.83472, -10.22994], [150.83227, -10.23226], [150.83112, -10.23429], [150.83014, -10.23991], [150.82915, -10.24295], [150.82684, -10.24499], [150.82119, -10.24574], [150.8196, -10.24676], [150.81875, -10.24907], [150.81731, -10.25052], [150.81238, -10.25228], [150.8118, -10.252], [150.80905, -10.25216], [150.80775, -10.2526], [150.80515, -10.2555], [150.80399, -10.25551], [150.80107, -10.25293], [150.8002, -10.25294], [150.79818, -10.25439], [150.79731, -10.2544], [150.79628, -10.25282], [150.79526, -10.25182], [150.79309, -10.25197], [150.78758, -10.25345], [150.78368, -10.25477], [150.78296, -10.25607], [150.78226, -10.26055], [150.77939, -10.26489], [150.77971, -10.26979], [150.77884, -10.27037], [150.77534, -10.26722], [150.7739, -10.2678], [150.77186, -10.26696], [150.771, -10.26782], [150.771, -10.26869], [150.76956, -10.27014], [150.76724, -10.27015], [150.7652, -10.2693], [150.76403, -10.26815], [150.76128, -10.26875], [150.75968, -10.26847], [150.75472, -10.26418], [150.75095, -10.2642], [150.74791, -10.26552], [150.74588, -10.26553], [150.74428, -10.26482], [150.74109, -10.26512], [150.73763, -10.26774], [150.73501, -10.26747], [150.73326, -10.26575], [150.73222, -10.26244], [150.73176, -10.25913], [150.73089, -10.25827], [150.72755, -10.25872], [150.72524, -10.25931], [150.7222, -10.26063], [150.72163, -10.26207], [150.72033, -10.26395], [150.71903, -10.26497], [150.717, -10.2647], [150.71613, -10.26383], [150.71495, -10.26125], [150.71378, -10.2601], [150.71233, -10.2604], [150.7106, -10.26185], [150.7093, -10.26215], [150.70683, -10.26158], [150.70389, -10.25699], [150.70272, -10.25584], [150.70012, -10.25557], [150.69925, -10.25644], [150.69897, -10.25875], [150.69681, -10.26078], [150.6929, -10.26282], [150.68914, -10.26371], [150.68408, -10.2672], [150.67642, -10.27186], [150.67382, -10.27274], [150.67165, -10.27419], [150.66659, -10.27682], [150.66253, -10.27828], [150.65415, -10.28409], [150.65067, -10.28469], [150.64719, -10.28414], [150.64573, -10.28299], [150.64297, -10.28229], [150.64006, -10.2823], [150.63558, -10.28391], [150.63325, -10.28335], [150.63092, -10.28135], [150.6228, -10.28197], [150.62174, -10.28111], [150.62105, -10.28054], [150.6193, -10.28055], [150.61324, -10.28548], [150.61237, -10.2852], [150.61003, -10.28262], [150.60712, -10.28148], [150.60625, -10.28062], [150.60463, -10.27587], [150.60447, -10.27429], [150.60534, -10.27342], [150.60533, -10.27284], [150.60271, -10.27084], [150.6011, -10.26897], [150.59978, -10.26653], [150.59899, -10.26309], [150.59859, -10.26134], [150.59525, -10.2574], [150.59624, -10.25617], [150.59914, -10.25615], [150.59943, -10.25644], [150.60001, -10.25615], [150.6003, -10.25528], [150.59883, -10.25298], [150.59738, -10.25299], [150.59622, -10.25386], [150.59536, -10.25386], [150.59477, -10.25329], [150.59461, -10.25113], [150.59388, -10.25013], [150.59272, -10.25013], [150.59041, -10.25245], [150.58866, -10.25073], [150.58808, -10.25045], [150.57677, -10.25195], [150.57446, -10.2534], [150.5733, -10.25312], [150.57097, -10.25112], [150.56864, -10.25055], [150.56761, -10.24897], [150.56716, -10.24638], [150.56814, -10.23916], [150.56942, -10.23556], [150.57533, -10.22976], [150.57866, -10.22772], [150.57953, -10.22685], [150.57981, -10.2257], [150.58096, -10.22453], [150.58154, -10.22424], [150.58507, -10.22467], [150.5872, -10.22493], [150.58793, -10.22536], [150.58982, -10.22521], [150.59315, -10.22389], [150.59487, -10.22186], [150.59516, -10.22042], [150.59717, -10.21753], [150.59716, -10.21493], [150.59453, -10.21235], [150.59075, -10.21179], [150.58871, -10.2095], [150.58638, -10.20865], [150.58464, -10.20866], [150.58435, -10.20894], [150.58523, -10.2101], [150.58495, -10.21096], [150.58408, -10.21154], [150.58292, -10.21155], [150.58204, -10.21098], [150.5806, -10.21099], [150.578, -10.21475], [150.57685, -10.21562], [150.57395, -10.21535], [150.57249, -10.21391], [150.57219, -10.21305], [150.57132, -10.21248], [150.57045, -10.21248], [150.56828, -10.21451], [150.56713, -10.21495], [150.56016, -10.2147], [150.55798, -10.21428], [150.55551, -10.21242], [150.55215, -10.20797], [150.55069, -10.20711], [150.54895, -10.20683], [150.54778, -10.20597], [150.54532, -10.20613], [150.54112, -10.20716], [150.53822, -10.20919], [150.53388, -10.21008], [150.5333, -10.21067], [150.53361, -10.21355], [150.53102, -10.21745], [150.52611, -10.22166], [150.52583, -10.22339], [150.5273, -10.22627], [150.52673, -10.22771], [150.52529, -10.22916], [150.52292, -10.23038], [150.52051, -10.23135], [150.51833, -10.23151], [150.51499, -10.2295], [150.51178, -10.22692], [150.50989, -10.22578], [150.50771, -10.2255], [150.50354, -10.22585], [150.50142, -10.22393], [150.49798, -10.22296], [150.49405, -10.22068], [150.49171, -10.21867], [150.48982, -10.21753], [150.48634, -10.21639], [150.48051, -10.21181], [150.47195, -10.21142], [150.47006, -10.21071], [150.46712, -10.20867], [150.46613, -10.20799], [150.46496, -10.20598], [150.46421, -10.20295], [150.46159, -10.19979], [150.46014, -10.1998], [150.45754, -10.2027], [150.45653, -10.20314], [150.44971, -10.2036], [150.44713, -10.20576], [150.44624, -10.2065], [150.44451, -10.2068], [150.43757, -10.21145], [150.43627, -10.21174], [150.43119, -10.21119], [150.428, -10.21323], [150.42612, -10.21352], [150.42452, -10.21324], [150.42248, -10.21037], [150.41927, -10.20837], [150.41747, -10.20836], [150.41421, -10.2094], [150.41058, -10.20899], [150.40855, -10.21015], [150.40681, -10.20958], [150.40476, -10.20728], [150.40258, -10.20686], [150.40011, -10.20558], [150.39663, -10.2056], [150.39605, -10.20588], [150.39373, -10.20532], [150.3914, -10.2036], [150.38864, -10.20376], [150.38488, -10.20493], [150.38256, -10.20494], [150.37457, -10.20282], [150.37166, -10.2011], [150.36687, -10.20127], [150.36195, -10.20201], [150.36006, -10.20173], [150.35685, -10.19886], [150.35337, -10.19859], [150.34987, -10.19573], [150.34363, -10.19359], [150.33913, -10.19376], [150.33768, -10.19319], [150.33476, -10.19089], [150.33128, -10.19034], [150.32866, -10.18833], [150.32779, -10.18833], [150.3252, -10.19123], [150.32142, -10.19067], [150.31838, -10.19097], [150.31562, -10.19069], [150.31067, -10.18754], [150.30603, -10.18699], [150.30487, -10.18786], [150.29718, -10.18717], [150.29558, -10.18675], [150.29325, -10.18503], [150.2918, -10.18316], [150.29018, -10.17971], [150.28945, -10.17697], [150.28636, -10.17199], [150.28418, -10.16907], [150.28243, -10.1659], [150.28126, -10.16418], [150.28024, -10.16318], [150.27923, -10.16375], [150.27923, -10.16462], [150.27787, -10.16583], [150.27748, -10.16319], [150.27603, -10.16233], [150.27328, -10.16335], [150.27125, -10.16336], [150.26907, -10.16265], [150.26703, -10.16049], [150.26381, -10.15503], [150.25973, -10.15072], [150.25812, -10.14756], [150.25594, -10.14569], [150.25158, -10.14485], [150.24983, -10.14255], [150.25011, -10.13822], [150.24835, -10.13592], [150.24748, -10.13506], [150.24646, -10.13478], [150.24357, -10.1358], [150.24009, -10.13581], [150.23791, -10.1351], [150.23354, -10.13224], [150.23151, -10.13138], [150.22397, -10.13228], [150.22208, -10.13055], [150.22077, -10.12998], [150.21846, -10.13173], [150.21513, -10.13275], [150.20585, -10.13221], [150.20512, -10.13178], [150.20438, -10.12991], [150.20364, -10.12573], [150.20276, -10.12429], [150.2016, -10.12344], [150.1987, -10.12316], [150.19782, -10.1223], [150.19782, -10.12028], [150.19607, -10.11769], [150.19544, -10.11062], [150.19515, -10.10731], [150.19398, -10.1053], [150.19282, -10.10473], [150.19107, -10.10301], [150.19048, -10.10157], [150.18597, -10.09798], [150.18378, -10.09482], [150.18087, -10.09209], [150.17652, -10.09182], [150.17361, -10.08982], [150.171, -10.08983], [150.16811, -10.09157], [150.15855, -10.09536], [150.1574, -10.09651], [150.15655, -10.10055], [150.15396, -10.10517], [150.15194, -10.10663], [150.14715, -10.10737], [150.14527, -10.10809], [150.14412, -10.11011], [150.14239, -10.11185], [150.14152, -10.11214], [150.13863, -10.11533], [150.13515, -10.11563], [150.13198, -10.11824], [150.12792, -10.11883], [150.12647, -10.11999], [150.1243, -10.11985], [150.1166, -10.11743], [150.11514, -10.11628], [150.1147, -10.1147], [150.11454, -10.11081], [150.11354, -10.10925], [150.1106, -10.10578], [150.10973, -10.10549], [150.10676, -10.10168], [150.10609, -10.09988], [150.10347, -10.09759], [150.10259, -10.09442], [150.10171, -10.09356], [150.0991, -10.09299], [150.09522, -10.0882], [150.09298, -10.08667], [150.08965, -10.08726], [150.08791, -10.08698], [150.08487, -10.08814], [150.08342, -10.08815], [150.07964, -10.08614], [150.07602, -10.0863], [150.06936, -10.08805], [150.06646, -10.08836], [150.06298, -10.08938], [150.05703, -10.08796], [150.05499, -10.08595], [150.05426, -10.0835], [150.0541, -10.08105], [150.05323, -10.0799], [150.04829, -10.07732], [150.04626, -10.07733], [150.04279, -10.07907], [150.04104, -10.07879], [150.03843, -10.07707], [150.03698, -10.07736], [150.03438, -10.08054], [150.03337, -10.08012], [150.03205, -10.07882], [150.03061, -10.07883], [150.02742, -10.08085], [150.02612, -10.08115], [150.02394, -10.08087], [150.01908, -10.07713], [150.01697, -10.07686], [150.01393, -10.0773], [150.00828, -10.07948], [150.00713, -10.08093], [150.00743, -10.08525], [150.00656, -10.08611], [150.00555, -10.08641], [150.00338, -10.08613], [150.00019, -10.08643], [149.99873, -10.08557], [149.99584, -10.08586], [149.99438, -10.0853], [149.99322, -10.08386], [149.9909, -10.08329], [149.98741, -10.08128], [149.98654, -10.08129], [149.98276, -10.0787], [149.97856, -10.07901], [149.9758, -10.07844], [149.97405, -10.07585], [149.97318, -10.07527], [149.96999, -10.07557], [149.96651, -10.07472], [149.96447, -10.07213], [149.96157, -10.07128], [149.95819, -10.06916], [149.95692, -10.06841], [149.95489, -10.06842], [149.953, -10.06842], [149.95213, -10.069], [149.94764, -10.06873], [149.94371, -10.06528], [149.94241, -10.06449], [149.94182, -10.06413], [149.93834, -10.06443], [149.93254, -10.06157], [149.9305, -10.06128], [149.92934, -10.05956], [149.92788, -10.05812], [149.92585, -10.05698], [149.92411, -10.05669], [149.92207, -10.05526], [149.91887, -10.05036], [149.91625, -10.04864], [149.9148, -10.04836], [149.91258, -10.04651], [149.91043, -10.04319], [149.90955, -10.03944], [149.90664, -10.03484], [149.90532, -10.03037], [149.90488, -10.02936], [149.90197, -10.02678], [149.90022, -10.0239], [149.89877, -10.02304], [149.89557, -10.01959], [149.89237, -10.01729], [149.89092, -10.01701], [149.88918, -10.01586], [149.88555, -10.01602], [149.88252, -10.01732], [149.87889, -10.01632], [149.87445, -10.01619], [149.87208, -10.0162], [149.87034, -10.01707], [149.86918, -10.01852], [149.86832, -10.0191], [149.8661, -10.01955], [149.86368, -10.01998], [149.86107, -10.0194], [149.85933, -10.01768], [149.85801, -10.01437], [149.85727, -10.0112], [149.85842, -10.00759], [149.85726, -10.00615], [149.85696, -10.00471], [149.85783, -10.00183], [149.86043, -9.99951], [149.86129, -9.99807], [149.86142, -9.99446], [149.86243, -9.9923], [149.86243, -9.99115], [149.85952, -9.98755], [149.85777, -9.98381], [149.85617, -9.98151], [149.8537, -9.97993], [149.85133, -9.9799], [149.84587, -9.98139], [149.84442, -9.97996], [149.84184, -9.97078], [149.83437, -9.96586], [149.82856, -9.96112], [149.82696, -9.95896], [149.82634, -9.95363], [149.82375, -9.94974], [149.82345, -9.94715], [149.8217, -9.94485], [149.82023, -9.93909], [149.81878, -9.93707], [149.81209, -9.93103], [149.81151, -9.92815], [149.81178, -9.9234], [149.81162, -9.91936], [149.81092, -9.91691], [149.8106, -9.91518], [149.80871, -9.91245], [149.80508, -9.91001], [149.80145, -9.90959], [149.80072, -9.90916], [149.79957, -9.90916], [149.79842, -9.91234], [149.79033, -9.92072], [149.78786, -9.92029], [149.77931, -9.92046], [149.77844, -9.9196], [149.7796, -9.91844], [149.78351, -9.91757], [149.78452, -9.91756], [149.7867, -9.91871], [149.78916, -9.91899], [149.79032, -9.91841], [149.7935, -9.91465], [149.79639, -9.91205], [149.79667, -9.90975], [149.79565, -9.9086], [149.7929, -9.90687], [149.79087, -9.90688], [149.78682, -9.90977], [149.78523, -9.90963], [149.78246, -9.90661], [149.77536, -9.90663], [149.7713, -9.90448], [149.77028, -9.90347], [149.7694, -9.90031], [149.76882, -9.89973], [149.76737, -9.89973], [149.76651, -9.90031], [149.76375, -9.90003], [149.7597, -9.90119], [149.75782, -9.90062], [149.75607, -9.89832], [149.75343, -9.88709], [149.75183, -9.88464], [149.75052, -9.88363], [149.74703, -9.88076], [149.7476, -9.87643], [149.74644, -9.87615], [149.74384, -9.8776], [149.73891, -9.87674], [149.73775, -9.87559], [149.73716, -9.87415], [149.73817, -9.87141], [149.73817, -9.86939], [149.73617, -9.86303], [149.73336, -9.86061], [149.73278, -9.85802], [149.73161, -9.85615], [149.72987, -9.85428], [149.72754, -9.85285], [149.72377, -9.85199], [149.71971, -9.8494], [149.71826, -9.8494], [149.71682, -9.85056], [149.71508, -9.85028], [149.71363, -9.84884], [149.71156, -9.84247], [149.71041, -9.83674], [149.71078, -9.83476], [149.70966, -9.82911], [149.70951, -9.82464], [149.70964, -9.82017], [149.71107, -9.81411], [149.71265, -9.8105], [149.71641, -9.80732], [149.71801, -9.80703], [149.72229, -9.80742], [149.72539, -9.8073], [149.72741, -9.80586], [149.72974, -9.80556], [149.72973, -9.80441], [149.72769, -9.7998], [149.72791, -9.79688], [149.72942, -9.79807], [149.73059, -9.80239], [149.73176, -9.80296], [149.73262, -9.80108], [149.73579, -9.79719], [149.73753, -9.79718], [149.73898, -9.79775], [149.74158, -9.79602], [149.74636, -9.795], [149.7507, -9.79355], [149.75403, -9.79339], [149.76034, -9.78804], [149.76227, -9.78818], [149.76314, -9.78876], [149.76444, -9.78875], [149.76676, -9.78673], [149.76821, -9.78644], [149.7698, -9.78673], [149.77299, -9.78614], [149.77457, -9.78527], [149.77704, -9.78541], [149.77869, -9.78585], [149.78023, -9.78627], [149.78327, -9.7864], [149.7863, -9.7851], [149.79123, -9.78479], [149.79485, -9.78406], [149.79601, -9.78464], [149.79861, -9.78261], [149.80961, -9.78027], [149.81135, -9.77912], [149.81511, -9.77853], [149.82134, -9.77938], [149.82221, -9.77996], [149.82597, -9.78037], [149.8293, -9.77936], [149.83272, -9.77749], [149.83799, -9.77818], [149.84002, -9.77789], [149.84262, -9.77845], [149.84393, -9.77816], [149.84711, -9.77873], [149.84856, -9.77858], [149.85204, -9.77756], [149.85508, -9.77813], [149.8584, -9.77624], [149.8623, -9.77321], [149.86317, -9.77321], [149.8652, -9.77378], [149.86579, -9.77551], [149.86626, -9.77587], [149.86724, -9.77665], [149.87101, -9.77751], [149.8765, -9.77518], [149.87766, -9.77403], [149.87852, -9.77143], [149.87793, -9.76769], [149.87966, -9.76624], [149.88139, -9.76306], [149.88211, -9.76263], [149.88805, -9.76189], [149.88949, -9.76016], [149.89079, -9.75972], [149.89354, -9.75957], [149.89514, -9.76028], [149.90021, -9.76127], [149.90311, -9.76328], [149.90601, -9.76443], [149.90834, -9.76702], [149.90978, -9.76701], [149.91152, -9.76585], [149.91821, -9.76452], [149.91963, -9.76467], [149.92108, -9.76582], [149.92196, -9.76957], [149.92283, -9.77043], [149.9237, -9.77043], [149.92586, -9.7684], [149.92904, -9.76652], [149.93265, -9.76117], [149.93467, -9.75973], [149.9364, -9.75741], [149.93727, -9.75741], [149.93814, -9.75799], [149.93945, -9.76014], [149.94163, -9.76172], [149.9425, -9.76172], [149.94308, -9.76114], [149.94248, -9.7574], [149.94363, -9.75595], [149.94465, -9.75552], [149.94913, -9.75449], [149.94942, -9.75392], [149.94884, -9.75334], [149.94768, -9.75277], [149.94739, -9.75161], [149.94997, -9.74826], [149.95085, -9.74728], [149.9523, -9.74728], [149.95519, -9.74871], [149.95751, -9.74812], [149.96013, -9.75013], [149.9623, -9.75229], [149.96883, -9.75385], [149.96998, -9.75269], [149.96939, -9.74895], [149.97054, -9.74779], [149.97387, -9.74648], [149.97894, -9.74575], [149.98067, -9.7466], [149.98271, -9.74919], [149.98431, -9.74962], [149.98793, -9.75004], [149.99197, -9.74743], [149.99487, -9.74685], [149.9966, -9.74482], [149.99731, -9.74237], [149.99758, -9.73718], [149.99801, -9.73603], [150.0009, -9.73241], [150.00437, -9.73183], [150.00986, -9.72863], [150.01496, -9.72721], [150.01666, -9.72673], [150.02303, -9.72628], [150.02795, -9.72641], [150.03041, -9.72568], [150.03402, -9.72379], [150.03677, -9.72335], [150.0411, -9.72045], [150.04689, -9.71899], [150.05095, -9.72099], [150.05211, -9.72214], [150.05255, -9.72313], [150.05343, -9.72516], [150.05473, -9.72473], [150.05473, -9.72357], [150.05386, -9.72243], [150.05385, -9.72142], [150.05442, -9.72055], [150.05384, -9.71926], [150.05065, -9.71898], [150.04892, -9.71783], [150.04689, -9.71755], [150.04586, -9.71597], [150.04556, -9.71337], [150.04698, -9.70501], [150.04898, -9.69837], [150.05085, -9.69404], [150.05358, -9.69086], [150.05546, -9.68783], [150.05574, -9.68581], [150.05486, -9.68451], [150.05108, -9.68006], [150.05078, -9.67747], [150.04904, -9.67604], [150.04875, -9.67488], [150.04758, -9.67373], [150.04295, -9.67317], [150.0383, -9.66973], [150.03468, -9.6696], [150.03121, -9.67047], [150.02846, -9.67063], [150.02726, -9.67153], [150.02571, -9.6705], [150.02265, -9.66604], [150.01829, -9.66202], [150.01737, -9.66183], [150.01656, -9.66202], [150.01627, -9.66376], [150.01541, -9.66462], [150.01396, -9.66463], [150.01021, -9.66868], [150.00896, -9.66878], [150.00823, -9.66843], [150.01395, -9.66146], [150.01394, -9.6603], [150.0119, -9.65685], [150.01161, -9.65541], [150.01015, -9.65311], [150.01072, -9.64907], [150.01042, -9.64677], [150.0107, -9.64504], [150.01243, -9.64244], [150.013, -9.6397], [150.0124, -9.63437], [150.01296, -9.63033], [150.01151, -9.63033], [150.01007, -9.63121], [150.00732, -9.63107], [150.00326, -9.62993], [149.99255, -9.62824], [149.98791, -9.62653], [149.98559, -9.62654], [149.98226, -9.62755], [149.98126, -9.62857], [149.97823, -9.63247], [149.97679, -9.63363], [149.971, -9.63393], [149.96783, -9.63827], [149.96813, -9.64144], [149.96698, -9.64288], [149.96611, -9.64288], [149.96523, -9.64173], [149.96552, -9.64], [149.96494, -9.63914], [149.96334, -9.639], [149.95872, -9.6406], [149.95278, -9.63976], [149.95133, -9.63861], [149.94655, -9.63834], [149.94178, -9.63864], [149.93773, -9.64154], [149.93498, -9.64198], [149.9334, -9.6427], [149.93151, -9.64256], [149.92934, -9.64156], [149.92731, -9.64185], [149.92673, -9.64244], [149.92588, -9.64561], [149.92501, -9.6459], [149.92443, -9.64533], [149.92471, -9.64316], [149.92441, -9.64158], [149.92354, -9.64043], [149.9221, -9.64014], [149.91934, -9.64087], [149.9069, -9.64235], [149.90444, -9.64308], [149.90155, -9.64482], [149.89866, -9.64425], [149.89779, -9.64339], [149.89749, -9.64109], [149.89685, -9.64066], [149.89618, -9.64051], [149.89315, -9.64167], [149.89199, -9.64283], [149.89171, -9.6437], [149.89055, -9.64486], [149.88968, -9.64514], [149.8891, -9.64457], [149.88881, -9.64198], [149.88822, -9.6414], [149.88736, -9.64127], [149.88678, -9.64141], [149.88664, -9.64328], [149.88592, -9.64429], [149.88476, -9.64487], [149.88346, -9.64502], [149.881, -9.64459], [149.87868, -9.64316], [149.87477, -9.64259], [149.87085, -9.64116], [149.86897, -9.64002], [149.86303, -9.63535], [149.85881, -9.63284], [149.85592, -9.63155], [149.85461, -9.63026], [149.85431, -9.62709], [149.85516, -9.62449], [149.85371, -9.62306], [149.85096, -9.62292], [149.84995, -9.6222], [149.84936, -9.62076], [149.84734, -9.62048], [149.84097, -9.62136], [149.83344, -9.62052], [149.83142, -9.62168], [149.83089, -9.6214], [149.83055, -9.62082], [149.83228, -9.61851], [149.83401, -9.61735], [149.83434, -9.61667], [149.8343, -9.61591], [149.83366, -9.61547], [149.83314, -9.61533], [149.82938, -9.61794], [149.82504, -9.61795], [149.81767, -9.62258], [149.81464, -9.62547], [149.81348, -9.62519], [149.81232, -9.62346], [149.80798, -9.62376], [149.80624, -9.62261], [149.80175, -9.62162], [149.79842, -9.62148], [149.79668, -9.62033], [149.78915, -9.61891], [149.78857, -9.61834], [149.78914, -9.61718], [149.79319, -9.61775], [149.79377, -9.61717], [149.79319, -9.61602], [149.78768, -9.61315], [149.78319, -9.61331], [149.779, -9.61404], [149.77726, -9.61376], [149.77639, -9.61462], [149.77727, -9.61549], [149.77988, -9.61663], [149.77988, -9.61764], [149.7793, -9.61836], [149.77872, -9.61836], [149.77669, -9.61693], [149.77612, -9.61693], [149.77496, -9.61809], [149.77148, -9.6181], [149.7709, -9.61752], [149.77148, -9.61521], [149.77349, -9.61175], [149.77262, -9.61031], [149.77146, -9.61089], [149.77031, -9.6132], [149.76944, -9.6132], [149.76915, -9.61061], [149.76567, -9.61004], [149.76364, -9.60745], [149.76364, -9.6063], [149.76537, -9.60485], [149.76537, -9.60399], [149.76392, -9.60399], [149.76276, -9.60284], [149.76217, -9.60068], [149.76246, -9.5991], [149.76433, -9.59779], [149.76868, -9.59749], [149.76969, -9.59677], [149.76925, -9.59576], [149.76274, -9.59621], [149.76129, -9.59564], [149.75984, -9.59449], [149.75868, -9.59449], [149.7581, -9.59507], [149.7587, -9.59997], [149.75812, -9.60055], [149.75435, -9.59998], [149.75319, -9.59883], [149.75174, -9.59509], [149.74956, -9.5948], [149.74753, -9.59366], [149.74537, -9.59395], [149.74334, -9.5954], [149.73613, -9.60291], [149.73497, -9.60291], [149.73294, -9.60148], [149.7312, -9.60148], [149.73178, -9.60306], [149.73164, -9.60393], [149.73063, -9.60407], [149.72903, -9.60264], [149.72802, -9.60235], [149.72744, -9.60351], [149.72948, -9.60581], [149.72933, -9.6071], [149.72789, -9.60711], [149.72659, -9.60668], [149.72556, -9.60481], [149.72483, -9.60178], [149.72397, -9.60179], [149.72339, -9.60236], [149.7231, -9.60438], [149.7205, -9.60525], [149.71442, -9.60382], [149.71355, -9.6044], [149.71298, -9.60642], [149.71183, -9.60815], [149.71154, -9.6096], [149.71038, -9.60989], [149.7098, -9.60931], [149.70979, -9.60614], [149.70631, -9.60212], [149.70472, -9.60226], [149.70125, -9.60371], [149.69821, -9.60444], [149.69734, -9.60531], [149.69706, -9.60848], [149.69533, -9.61021], [149.69128, -9.60993], [149.69041, -9.61051], [149.69302, -9.61368], [149.6936, -9.61512], [149.69332, -9.61598], [149.69187, -9.61685], [149.69028, -9.617], [149.68782, -9.61628], [149.68608, -9.6134], [149.68521, -9.6134], [149.68203, -9.61543], [149.68058, -9.61572], [149.67855, -9.614], [149.67768, -9.614], [149.6771, -9.61458], [149.67768, -9.61573], [149.67769, -9.61688], [149.67653, -9.61717], [149.67479, -9.61516], [149.67392, -9.61516], [149.67305, -9.61574], [149.67045, -9.61517], [149.66813, -9.61373], [149.66581, -9.61316], [149.66407, -9.61144], [149.66261, -9.60769], [149.66116, -9.60625], [149.65769, -9.60539], [149.6532, -9.60598], [149.65089, -9.607], [149.64871, -9.60657], [149.64697, -9.60456], [149.64379, -9.60456], [149.64234, -9.60572], [149.64119, -9.6086], [149.63946, -9.61091], [149.63918, -9.61264], [149.63774, -9.61466], [149.63774, -9.61639], [149.63659, -9.61827], [149.63514, -9.61957], [149.63341, -9.61986], [149.63254, -9.62073], [149.63225, -9.62246], [149.6311, -9.6239], [149.62936, -9.62419], [149.62704, -9.62247], [149.62343, -9.62291], [149.62125, -9.62392], [149.61851, -9.62364], [149.61706, -9.62436], [149.61272, -9.62437], [149.60736, -9.62338], [149.60417, -9.62136], [149.6004, -9.6205], [149.59635, -9.61821], [149.59461, -9.61648], [149.59402, -9.61331], [149.59286, -9.61216], [149.59098, -9.61202], [149.58837, -9.61102], [149.58561, -9.60872], [149.58287, -9.60843], [149.57693, -9.60873], [149.5749, -9.60816], [149.57171, -9.60615], [149.56969, -9.60615], [149.56882, -9.60673], [149.56679, -9.60644], [149.56534, -9.60472], [149.5639, -9.60386], [149.56013, -9.60358], [149.55926, -9.60271], [149.55521, -9.60272], [149.55347, -9.60128], [149.54883, -9.601], [149.54768, -9.60244], [149.54623, -9.60273], [149.54421, -9.60216], [149.54159, -9.60015], [149.53957, -9.60015], [149.53755, -9.6016], [149.53552, -9.60132], [149.53291, -9.60161], [149.53089, -9.60132], [149.52944, -9.59988], [149.52857, -9.59988], [149.52713, -9.60104], [149.52626, -9.60104], [149.5251, -9.60018], [149.52365, -9.60047], [149.52019, -9.60494], [149.51874, -9.60624], [149.51816, -9.60625], [149.51758, -9.60509], [149.51845, -9.60394], [149.51845, -9.60307], [149.51685, -9.60307], [149.51584, -9.60366], [149.51178, -9.60107], [149.51178, -9.60049], [149.51294, -9.59891], [149.51149, -9.5979], [149.50715, -9.59848], [149.50208, -9.59834], [149.50006, -9.59892], [149.49441, -9.59936], [149.49238, -9.59821], [149.48761, -9.59894], [149.4824, -9.59895], [149.4756, -9.60055], [149.47415, -9.60142], [149.46996, -9.60589], [149.46577, -9.60892], [149.46375, -9.61094], [149.46259, -9.61267], [149.4597, -9.61383], [149.45855, -9.61498], [149.4574, -9.62162], [149.45624, -9.62277], [149.45479, -9.62191], [149.45479, -9.62104], [149.45551, -9.61975], [149.45652, -9.61456], [149.45594, -9.61384], [149.45159, -9.61298], [149.4487, -9.61125], [149.44783, -9.61183], [149.44812, -9.61471], [149.44783, -9.61615], [149.44697, -9.61615], [149.44639, -9.61558], [149.44609, -9.61241], [149.44551, -9.61183], [149.44377, -9.61184], [149.44319, -9.61068], [149.44464, -9.60982], [149.44493, -9.60809], [149.44261, -9.60463], [149.44101, -9.59988], [149.44077, -9.59855], [149.05271, -9.71521], [149.05116, -9.71485], [149.04981, -9.71503], [149.0493, -9.71522], [149.04858, -9.7155], [149.0464, -9.71753], [149.04424, -9.71935], [149.04301, -9.72036], [149.04141, -9.72023], [149.04129, -9.71853], [149.04197, -9.71641], [149.04183, -9.71502], [149.03956, -9.71178], [149.03742, -9.70984], [149.03652, -9.70904], [149.03571, -9.7073], [149.03517, -9.70583], [149.03337, -9.70297], [149.03184, -9.70185], [149.03101, -9.70076], [149.03101, -9.69879], [149.0317, -9.69696], [149.03132, -9.69616], [149.0286, -9.69512], [149.02747, -9.69422], [149.02664, -9.69242], [149.02567, -9.69019], [149.02533, -9.68753], [149.0249, -9.68637], [149.02342, -9.68581], [149.02151, -9.68657], [149.01612, -9.69034], [149.01479, -9.69014], [149.01403, -9.68983], [149.01235, -9.69051], [149.01014, -9.69084], [149.00868, -9.69173], [149.00738, -9.69265], [149.00543, -9.69371], [149.00316, -9.69545], [148.9985, -9.69816], [148.99384, -9.70195], [148.99169, -9.7023], [148.99049, -9.70262], [148.98888, -9.70396], [148.98698, -9.70367], [148.98615, -9.70379], [148.98509, -9.70472], [148.98348, -9.70528], [148.9815, -9.70728], [148.98044, -9.70873], [148.97822, -9.71115], [148.97668, -9.71245], [148.97626, -9.71353], [148.97792, -9.71626], [148.97757, -9.71954], [148.97773, -9.72058], [148.97912, -9.72427], [148.97909, -9.72689], [148.97859, -9.72848], [148.97816, -9.73149], [148.97663, -9.73446], [148.97737, -9.73958], [148.97749, -9.74068], [148.97837, -9.74483], [148.97706, -9.74693], [148.97254, -9.7488], [148.97191, -9.75118], [148.97193, -9.75354], [148.97288, -9.7554], [148.97444, -9.75659], [148.97809, -9.75923], [148.97958, -9.76258], [148.98023, -9.76345], [148.98143, -9.76408], [148.98617, -9.76604], [148.9873, -9.76681], [148.9877, -9.76754], [148.98817, -9.76993], [148.9905, -9.77148], [148.99111, -9.77252], [148.99162, -9.77378], [148.99213, -9.77583], [148.99461, -9.77779], [148.99685, -9.77938], [148.99791, -9.78074], [148.99911, -9.78317], [149.00035, -9.78609], [149.00192, -9.78756], [149.00458, -9.78848], [149.00537, -9.78941], [149.00648, -9.79045], [149.00771, -9.79129], [149.00942, -9.79214], [149.01107, -9.79283], [149.01292, -9.7937], [149.0146, -9.79355], [149.01699, -9.79349], [149.01937, -9.7934], [149.02142, -9.79355], [149.02379, -9.79409], [149.02684, -9.79354], [149.02975, -9.79417], [149.03332, -9.79497], [149.03522, -9.79442], [149.03723, -9.79358], [149.03971, -9.79336], [149.04312, -9.79364], [149.04624, -9.79485], [149.04816, -9.79661], [149.04989, -9.79825], [149.05224, -9.79915], [149.05505, -9.79945], [149.05832, -9.80089], [149.05892, -9.80027], [149.05993, -9.79881], [149.06135, -9.7972], [149.06236, -9.79571], [149.0643, -9.79304], [149.06574, -9.79145], [149.06766, -9.78922], [149.06756, -9.7867], [149.06762, -9.7843], [149.06855, -9.78165], [149.06994, -9.78063], [149.07073, -9.77918], [149.07111, -9.77758], [149.07207, -9.7764], [149.07241, -9.7749], [149.07303, -9.77243], [149.07706, -9.76972], [149.07898, -9.76914], [149.08066, -9.76868], [149.08287, -9.76858], [149.0838, -9.76947], [149.08497, -9.76997], [149.08744, -9.77115], [149.09053, -9.77209], [149.09142, -9.77125], [149.09248, -9.76982], [149.09269, -9.76863], [149.09365, -9.76681], [149.09453, -9.76548], [149.09518, -9.76365], [149.09603, -9.76229], [149.09747, -9.762], [149.09857, -9.76183], [149.10049, -9.76216], [149.1028, -9.76219], [149.10584, -9.76133], [149.10756, -9.76008], [149.1091, -9.75892], [149.11177, -9.75721], [149.11337, -9.75682], [149.11398, -9.75634], [149.11492, -9.75527], [149.11629, -9.75383], [149.11785, -9.75207], [149.12026, -9.75019], [149.12133, -9.74982], [149.12343, -9.74976], [149.12493, -9.75032], [149.12503, -9.75116], [149.1253, -9.75203], [149.12634, -9.75271], [149.12724, -9.75246], [149.12935, -9.75185], [149.13085, -9.7522], [149.13363, -9.75254], [149.13565, -9.7527], [149.1364, -9.75356], [149.13759, -9.75404], [149.14027, -9.75476], [149.14187, -9.75391], [149.14309, -9.75291], [149.14475, -9.75385], [149.14504, -9.75509], [149.14449, -9.75975], [149.1436, -9.76354], [149.14361, -9.76614], [149.14466, -9.76756], [149.14624, -9.76911], [149.14811, -9.7714], [149.14916, -9.77372], [149.15017, -9.77468], [149.15338, -9.77621], [149.1589, -9.77948], [149.16082, -9.77972], [149.16207, -9.77929], [149.16306, -9.77853], [149.1642, -9.77739], [149.16509, -9.77602], [149.1662, -9.77457], [149.16751, -9.77332], [149.16903, -9.77249], [149.16978, -9.77158], [149.17117, -9.77023], [149.17276, -9.76989], [149.17507, -9.76951], [149.17666, -9.7697], [149.17742, -9.77064], [149.17784, -9.77273], [149.17786, -9.77584], [149.17853, -9.77852], [149.1788, -9.78156], [149.17901, -9.78413], [149.17973, -9.78644], [149.18068, -9.78825], [149.1805, -9.79018], [149.18102, -9.79257], [149.18232, -9.79434], [149.18464, -9.79541], [149.18677, -9.7965], [149.18974, -9.79603], [149.1919, -9.79481], [149.19341, -9.79345], [149.19519, -9.79307], [149.19748, -9.793], [149.20005, -9.79323], [149.20079, -9.79447], [149.20201, -9.79579], [149.20415, -9.79567], [149.20682, -9.79466], [149.20908, -9.79414], [149.21173, -9.79506], [149.21373, -9.79586], [149.2156, -9.79455], [149.21687, -9.79359], [149.21808, -9.79391], [149.21831, -9.79522], [149.21783, -9.79702], [149.21672, -9.79942], [149.21635, -9.80214], [149.21672, -9.80384], [149.21878, -9.80446], [149.21996, -9.80392], [149.22234, -9.80194], [149.224, -9.80199], [149.22542, -9.80304], [149.22576, -9.80517], [149.2244, -9.80825], [149.22398, -9.80997], [149.22295, -9.81185], [149.22191, -9.81463], [149.22162, -9.81719], [149.22304, -9.81805], [149.22434, -9.81803], [149.22558, -9.81677], [149.22721, -9.81518], [149.2283, -9.8153], [149.23062, -9.81674], [149.23251, -9.8169], [149.23454, -9.8158], [149.23582, -9.81393], [149.23648, -9.81161], [149.23716, -9.81014], [149.23788, -9.80834], [149.23872, -9.80687], [149.24073, -9.80518], [149.24175, -9.80446], [149.24329, -9.80429], [149.24545, -9.80518], [149.2457, -9.80647], [149.24529, -9.80825], [149.2443, -9.81002], [149.24361, -9.81071], [149.24366, -9.81171], [149.24446, -9.81205], [149.2466, -9.81217], [149.24721, -9.81387], [149.2473, -9.81669], [149.24737, -9.8199], [149.24708, -9.82408], [149.24692, -9.82697], [149.24687, -9.82925], [149.24697, -9.83146], [149.24699, -9.83471], [149.24749, -9.83653], [149.2486, -9.83837], [149.25007, -9.83929], [149.25151, -9.83932], [149.2533, -9.84014], [149.25599, -9.84089], [149.25808, -9.84063], [149.26029, -9.83987], [149.26278, -9.83861], [149.26526, -9.83723], [149.26759, -9.83616], [149.2692, -9.8361], [149.27113, -9.83642], [149.27345, -9.83628], [149.27518, -9.8353], [149.2767, -9.83483], [149.27838, -9.8346], [149.28035, -9.83466], [149.28259, -9.83417], [149.28502, -9.83356], [149.28651, -9.83364], [149.2875, -9.83401], [149.28958, -9.83473], [149.29162, -9.83553], [149.29367, -9.83685], [149.29512, -9.83843], [149.29596, -9.84027], [149.29562, -9.84234], [149.295, -9.84456], [149.29572, -9.84676], [149.29679, -9.84863], [149.29738, -9.85026], [149.29812, -9.85224], [149.29999, -9.85404], [149.30163, -9.85449], [149.30287, -9.85432], [149.30576, -9.85349], [149.30765, -9.85285], [149.30928, -9.85321], [149.31035, -9.85417], [149.31224, -9.85459], [149.31442, -9.85499], [149.31693, -9.85543], [149.3184, -9.85436], [149.3198, -9.85406], [149.32107, -9.85353], [149.32216, -9.85243], [149.32357, -9.8519], [149.32588, -9.85205], [149.32685, -9.85125], [149.32822, -9.84959], [149.32976, -9.84801], [149.33027, -9.84643], [149.33097, -9.84525], [149.33219, -9.8436], [149.33358, -9.84263], [149.33628, -9.84194], [149.33705, -9.84222], [149.33756, -9.8434], [149.3394, -9.84509], [149.34076, -9.84699], [149.34137, -9.84839], [149.34214, -9.8494], [149.34247, -9.85023], [149.34375, -9.85147], [149.34495, -9.8523], [149.34534, -9.85316], [149.34529, -9.85417], [149.34589, -9.85502], [149.34685, -9.85676], [149.34639, -9.85814], [149.34636, -9.85912], [149.34616, -9.86037], [149.34548, -9.86105], [149.34497, -9.86238], [149.34441, -9.86313], [149.34365, -9.86482], [149.34319, -9.86619], [149.34353, -9.86728], [149.34301, -9.8679], [149.34202, -9.8683], [149.34058, -9.86798], [149.33949, -9.86844], [149.33865, -9.86938], [149.33745, -9.86938], [149.33633, -9.86988], [149.33457, -9.87112], [149.33335, -9.87132], [149.33246, -9.87203], [149.33097, -9.87278], [149.32937, -9.87318], [149.32919, -9.87391], [149.32878, -9.87459], [149.32816, -9.87483], [149.32771, -9.87574], [149.32756, -9.87674], [149.32713, -9.87747], [149.32599, -9.87799], [149.32523, -9.87875], [149.32472, -9.87971], [149.32407, -9.881], [149.32347, -9.88261], [149.32303, -9.88392], [149.3227, -9.88461], [149.32304, -9.88649], [149.32257, -9.88737], [149.32232, -9.88825], [149.32308, -9.88967], [149.32342, -9.89079], [149.32451, -9.89168], [149.32475, -9.8928], [149.32512, -9.8936], [149.3258, -9.89414], [149.3263, -9.89494], [149.32673, -9.89612], [149.32716, -9.89709], [149.3274, -9.8981], [149.32677, -9.89805], [149.32566, -9.89797], [149.32342, -9.89847], [149.32168, -9.89878], [149.3208, -9.90001], [149.32016, -9.90112], [149.31904, -9.90223], [149.31771, -9.90276], [149.31795, -9.90418], [149.31822, -9.90518], [149.31798, -9.90624], [149.31821, -9.90796], [149.31744, -9.91], [149.31773, -9.91143], [149.31787, -9.91238], [149.31795, -9.91352], [149.31728, -9.91392], [149.31715, -9.91512], [149.31672, -9.91661], [149.31624, -9.91824], [149.31525, -9.91949], [149.31501, -9.92069], [149.31445, -9.9222], [149.31343, -9.92266], [149.3129, -9.92273], [149.3129, -9.9238], [149.3124, -9.92452], [149.31104, -9.92512], [149.30922, -9.92937], [149.30876, -9.93096], [149.30882, -9.93243], [149.30839, -9.93323], [149.30698, -9.93357], [149.30629, -9.93417], [149.30607, -9.93539], [149.3065, -9.93677], [149.30688, -9.93839], [149.30656, -9.93906], [149.30567, -9.93968], [149.30522, -9.94021], [149.40661, -9.9402], [149.40688, -9.94074], [149.40654, -9.94112], [149.40558, -9.94163], [149.40419, -9.94237], [149.40284, -9.94333], [149.40198, -9.94517], [149.40153, -9.94553], [149.39971, -9.94614], [149.39898, -9.94744], [149.39955, -9.94984], [149.39936, -9.95121], [149.40021, -9.95285], [149.40156, -9.95464], [149.40352, -9.95752], [149.40469, -9.95971], [149.40456, -9.96065], [149.40474, -9.96322], [149.40541, -9.96808], [149.40645, -9.97025], [149.40762, -9.97131], [149.40878, -9.97142], [149.40966, -9.97142], [149.41315, -9.97197], [149.41467, -9.97129], [149.41558, -9.97035], [149.41678, -9.9699], [149.42128, -9.97042], [149.42482, -9.97094], [149.42648, -9.97046], [149.42918, -9.96969], [149.43093, -9.96851], [149.43236, -9.96661], [149.43414, -9.96542], [149.4367, -9.9656], [149.43894, -9.96547], [149.44134, -9.96429], [149.44443, -9.96238], [149.4467, -9.96118], [149.44825, -9.95923], [149.44979, -9.95835], [149.45067, -9.95721], [149.45238, -9.95594], [149.4543, -9.95542], [149.45589, -9.95538], [149.45695, -9.95581], [149.4574, -9.95669], [149.45848, -9.9587], [149.46056, -9.96024], [149.46173, -9.96144], [149.46249, -9.96389], [149.46459, -9.96693], [149.46641, -9.96889], [149.46726, -9.97042], [149.46763, -9.97235], [149.46758, -9.97425], [149.46769, -9.97673], [149.46713, -9.97803], [149.4674, -9.98013], [149.46763, -9.98184], [149.46764, -9.98523], [149.46677, -9.98653], [149.46621, -9.98872], [149.46539, -9.98958], [149.4636, -9.99046], [149.46086, -9.99491], [149.46296, -9.99686], [149.46683, -9.99642], [149.46924, -9.99622], [149.47256, -9.99649], [149.47664, -9.99634], [149.48096, -9.99562], [149.48199, -9.99545], [149.48949, -9.99573], [149.49257, -9.99649], [149.49529, -9.99654], [149.49716, -9.99747], [149.49835, -9.99771], [149.49977, -9.99778], [149.50124, -9.99771], [149.50299, -9.99782], [149.50416, -9.9987], [149.5051, -9.99982], [149.50601, -10.00139], [149.50651, -10.00294], [149.50707, -10.00408], [149.50776, -10.00574], [149.50827, -10.00789], [149.50897, -10.0096], [149.50961, -10.01122], [149.5098, -10.01274], [149.50923, -10.01428], [149.50864, -10.016], [149.50859, -10.01786], [149.50893, -10.01853], [149.51005, -10.01973], [149.51081, -10.02073], [149.51124, -10.02181], [149.5122, -10.02313], [149.51368, -10.02315], [149.5156, -10.02294], [149.51685, -10.02324], [149.51777, -10.02393], [149.51849, -10.02549], [149.51915, -10.02705], [149.52005, -10.02779], [149.52198, -10.02835], [149.52532, -10.02886], [149.52787, -10.02888], [149.53019, -10.02904], [149.53205, -10.02981], [149.53409, -10.03085], [149.53612, -10.03222], [149.5379, -10.0332], [149.54088, -10.03446], [149.54262, -10.03491], [149.54489, -10.03488], [149.54668, -10.03452], [149.54902, -10.03387], [149.55231, -10.03336], [149.55435, -10.03323], [149.56007, -10.03317], [149.5691, -10.03465], [149.64076, -10.03465], [149.66766, -10.03466], [149.66771, -10.12474], [149.66771, -10.34298], [149.66771, -10.34472]]], [[[149.76099, -9.59247], [149.76186, -9.59174], [149.76161, -9.59147], [149.76041, -9.59132], [149.75957, -9.59157], [149.75925, -9.5919], [149.75926, -9.59222], [149.75954, -9.59247], [149.76099, -9.59247]]], [[[149.78218, -9.61201], [149.78449, -9.61086], [149.78651, -9.60854], [149.78853, -9.60767], [149.78998, -9.60594], [149.78968, -9.60421], [149.78823, -9.60177], [149.7859, -9.59903], [149.78359, -9.59789], [149.78271, -9.59702], [149.78299, -9.59328], [149.78096, -9.59069], [149.78022, -9.59028], [149.77951, -9.59041], [149.77923, -9.59156], [149.77778, -9.593], [149.77779, -9.59502], [149.77837, -9.59617], [149.78011, -9.59732], [149.78098, -9.59876], [149.78301, -9.59933], [149.78417, -9.60048], [149.78417, -9.60163], [149.78563, -9.60307], [149.78649, -9.60335], [149.78737, -9.6045], [149.78737, -9.60537], [149.7865, -9.60624], [149.78101, -9.60769], [149.77841, -9.60972], [149.77841, -9.61029], [149.78015, -9.61202], [149.78218, -9.61201]]], [[[149.77224, -9.59434], [149.77315, -9.59388], [149.77373, -9.59301], [149.77372, -9.59128], [149.77459, -9.58984], [149.774, -9.5895], [149.77111, -9.58899], [149.76967, -9.58985], [149.76938, -9.59086], [149.76961, -9.5921], [149.76997, -9.59302], [149.77065, -9.594], [149.77142, -9.59446], [149.77224, -9.59434]]], [[[149.4828, -9.57979], [149.48309, -9.57921], [149.48285, -9.57884], [149.48251, -9.57863], [149.48164, -9.57863], [149.48137, -9.57884], [149.48135, -9.57921], [149.48162, -9.57955], [149.48193, -9.57979], [149.4828, -9.57979]]], [[[150.99442, -9.57935], [150.99195, -9.57706], [150.99064, -9.5765], [150.98963, -9.5765], [150.98847, -9.5768], [150.98835, -9.58041], [150.98678, -9.58229], [150.9823, -9.58362], [150.97709, -9.58394], [150.97406, -9.58526], [150.97146, -9.58528], [150.96652, -9.58272], [150.9642, -9.58274], [150.96276, -9.5839], [150.96248, -9.58477], [150.96076, -9.58651], [150.95701, -9.58855], [150.955, -9.59058], [150.95472, -9.59231], [150.95386, -9.59347], [150.95387, -9.59433], [150.95475, -9.59606], [150.95737, -9.59863], [150.95686, -9.5991], [150.95622, -9.59922], [150.95418, -9.59779], [150.95302, -9.5978], [150.9523, -9.59881], [150.95217, -9.60098], [150.95103, -9.60243], [150.95105, -9.60502], [150.95426, -9.60817], [150.95426, -9.60875], [150.95225, -9.61077], [150.95169, -9.61395], [150.95228, -9.61452], [150.95314, -9.61423], [150.95371, -9.61307], [150.95573, -9.61133], [150.95659, -9.61132], [150.95776, -9.61247], [150.95923, -9.61534], [150.96067, -9.61533], [150.96154, -9.61446], [150.96066, -9.61274], [150.96123, -9.61187], [150.9634, -9.61199], [150.96529, -9.6127], [150.96645, -9.61385], [150.96531, -9.61559], [150.96561, -9.61731], [150.96678, -9.61874], [150.96968, -9.61959], [150.97054, -9.61872], [150.97082, -9.61756], [150.97198, -9.61698], [150.97635, -9.62098], [150.97869, -9.62385], [150.98129, -9.62412], [150.98275, -9.62526], [150.98622, -9.62553], [150.98739, -9.62725], [150.98713, -9.63071], [150.988, -9.63157], [150.99235, -9.63212], [150.99292, -9.63125], [150.9903, -9.62896], [150.99088, -9.62809], [150.99203, -9.62808], [150.99349, -9.62922], [150.99423, -9.63051], [150.99523, -9.63036], [150.9955, -9.62777], [150.99666, -9.62718], [150.9971, -9.6279], [150.99725, -9.62949], [150.99871, -9.63063], [150.99903, -9.63437], [151.00107, -9.63609], [151.00079, -9.63782], [151.00284, -9.6404], [151.00256, -9.64185], [151.00402, -9.64356], [151.00952, -9.64439], [151.01069, -9.64553], [151.011, -9.64841], [151.00985, -9.64986], [151.00986, -9.65102], [151.01103, -9.65187], [151.01391, -9.65099], [151.01479, -9.65156], [151.0148, -9.65271], [151.01394, -9.65387], [151.0128, -9.65734], [151.01368, -9.65791], [151.01483, -9.65645], [151.01569, -9.65645], [151.016, -9.65818], [151.01687, -9.65904], [151.01891, -9.65989], [151.02007, -9.66103], [151.02038, -9.66276], [151.01879, -9.66421], [151.01346, -9.66771], [151.00753, -9.66818], [151.00623, -9.66862], [151.00594, -9.6692], [151.00711, -9.67035], [151.01045, -9.67105], [151.01508, -9.67115], [151.01971, -9.67098], [151.02167, -9.67057], [151.02477, -9.66994], [151.0278, -9.66818], [151.02981, -9.66615], [151.03743, -9.66004], [151.03772, -9.65918], [151.03944, -9.65743], [151.04175, -9.65656], [151.0429, -9.65539], [151.04289, -9.65453], [151.04129, -9.65324], [151.03911, -9.65225], [151.03765, -9.65039], [151.03618, -9.64723], [151.0334, -9.64321], [151.03078, -9.64178], [151.02975, -9.63949], [151.02537, -9.6339], [151.02132, -9.63393], [151.02045, -9.63451], [151.02046, -9.63509], [151.02251, -9.63824], [151.02252, -9.6394], [151.02165, -9.63998], [151.01933, -9.63884], [151.01745, -9.639], [151.01528, -9.64003], [151.0147, -9.63974], [151.01498, -9.63801], [151.01584, -9.63714], [151.01931, -9.63654], [151.0193, -9.63567], [151.01872, -9.63481], [151.01871, -9.63366], [151.01985, -9.63192], [151.01897, -9.6302], [151.01723, -9.62877], [151.01604, -9.62561], [151.01517, -9.62504], [151.014, -9.62303], [151.0134, -9.62102], [151.01369, -9.62015], [151.01455, -9.61956], [151.01687, -9.61955], [151.01803, -9.6204], [151.01688, -9.62156], [151.01719, -9.62444], [151.01895, -9.62775], [151.02304, -9.63247], [151.02478, -9.63246], [151.02593, -9.6313], [151.02577, -9.62885], [151.02488, -9.62626], [151.02456, -9.62194], [151.02381, -9.61921], [151.02409, -9.61777], [151.02639, -9.61516], [151.02651, -9.61184], [151.02863, -9.60592], [151.03092, -9.60187], [151.03148, -9.59927], [151.03234, -9.59839], [151.03408, -9.5981], [151.03465, -9.59752], [151.03421, -9.5968], [151.03276, -9.59681], [151.02973, -9.59784], [151.02916, -9.59871], [151.02685, -9.59988], [151.02598, -9.59988], [151.02365, -9.59759], [151.02278, -9.59818], [151.02455, -9.60105], [151.02456, -9.60306], [151.02399, -9.60422], [151.02283, -9.60452], [151.02166, -9.60279], [151.02223, -9.60106], [151.02208, -9.60034], [151.02105, -9.59819], [151.02133, -9.59675], [151.02219, -9.59587], [151.02364, -9.59587], [151.02655, -9.59786], [151.02713, -9.59786], [151.02972, -9.59582], [151.03057, -9.59408], [151.02998, -9.59265], [151.02853, -9.59237], [151.02736, -9.59123], [151.02649, -9.5895], [151.02416, -9.58894], [151.0227, -9.58693], [151.02052, -9.58594], [151.01662, -9.58582], [151.01373, -9.58758], [151.01185, -9.58745], [151.00851, -9.58646], [151.00764, -9.5856], [151.00675, -9.58215], [151.00557, -9.58028], [151.00324, -9.57842], [151.00136, -9.57815], [150.99948, -9.57845], [150.99689, -9.5802], [150.99442, -9.57935]]], [[[149.81478, -9.57676], [149.81507, -9.57618], [149.81362, -9.5759], [149.81333, -9.57619], [149.81363, -9.57677], [149.81478, -9.57676]]], [[[149.80421, -9.57535], [149.80464, -9.57477], [149.80406, -9.5742], [149.80233, -9.57391], [149.80204, -9.57463], [149.80291, -9.57535], [149.80421, -9.57535]]], [[[150.47003, -9.56668], [150.46988, -9.56539], [150.46885, -9.56323], [150.46682, -9.56324], [150.46308, -9.56701], [150.46309, -9.56787], [150.46367, -9.56874], [150.46425, -9.56873], [150.46569, -9.56786], [150.46887, -9.56813], [150.47003, -9.56668]]], [[[152.4895, -9.56729], [152.4882, -9.56593], [152.48593, -9.56582], [152.48366, -9.56492], [152.48234, -9.56362], [152.48087, -9.56152], [152.47855, -9.56123], [152.47773, -9.56255], [152.48079, -9.56403], [152.48297, -9.56542], [152.48657, -9.5683], [152.4883, -9.56845], [152.4895, -9.56729]]], [[[152.43746, -9.5513], [152.43595, -9.54929], [152.43351, -9.54876], [152.43139, -9.54808], [152.42956, -9.54622], [152.42722, -9.54613], [152.42504, -9.54732], [152.42424, -9.54957], [152.42091, -9.55265], [152.41874, -9.55397], [152.41783, -9.55834], [152.41732, -9.56012], [152.416, -9.56324], [152.41478, -9.56513], [152.41456, -9.56733], [152.41674, -9.56621], [152.4209, -9.56371], [152.42427, -9.56031], [152.42604, -9.5589], [152.42754, -9.55724], [152.42987, -9.55553], [152.43225, -9.55529], [152.43466, -9.55543], [152.44102, -9.55734], [152.4461, -9.55844], [152.45221, -9.5587], [152.45418, -9.55823], [152.45827, -9.55832], [152.46142, -9.55892], [152.47052, -9.56179], [152.47106, -9.56033], [152.47069, -9.55888], [152.46953, -9.55803], [152.46754, -9.5579], [152.46553, -9.55734], [152.46288, -9.55586], [152.46212, -9.55522], [152.46088, -9.55363], [152.46, -9.55327], [152.45299, -9.55197], [152.45201, -9.55204], [152.45101, -9.55183], [152.45038, -9.55104], [152.44754, -9.54914], [152.4449, -9.5485], [152.4426, -9.54892], [152.44211, -9.55102], [152.43986, -9.55215], [152.43746, -9.5513]]], [[[150.46295, -9.48948], [150.46208, -9.48948], [150.46179, -9.48977], [150.46296, -9.49035], [150.46295, -9.48948]]], [[[150.46294, -9.48862], [150.46207, -9.48804], [150.46179, -9.48833], [150.46208, -9.48862], [150.46294, -9.48862]]], [[[150.4641, -9.48746], [150.46409, -9.48688], [150.46264, -9.48602], [150.46235, -9.4866], [150.46321, -9.48755], [150.46352, -9.48775], [150.4641, -9.48746]]], [[[150.98884, -9.46872], [150.99028, -9.46842], [150.99086, -9.46784], [150.99027, -9.46669], [150.98824, -9.46613], [150.98507, -9.46845], [150.98363, -9.46875], [150.98132, -9.47021], [150.97988, -9.46964], [150.97813, -9.46764], [150.97697, -9.46764], [150.97524, -9.4691], [150.97264, -9.4694], [150.97178, -9.47028], [150.97178, -9.47143], [150.97642, -9.47226], [150.97788, -9.47341], [150.98092, -9.47439], [150.98338, -9.47452], [150.98396, -9.47423], [150.98884, -9.46872]]], [[[150.96946, -9.47015], [150.96827, -9.4654], [150.96739, -9.46454], [150.96566, -9.46427], [150.96478, -9.46341], [150.96447, -9.46053], [150.96302, -9.4591], [150.95925, -9.45797], [150.95342, -9.45311], [150.95169, -9.45312], [150.95025, -9.454], [150.94939, -9.45516], [150.94925, -9.45616], [150.9497, -9.45775], [150.95363, -9.46133], [150.95655, -9.46476], [150.95916, -9.46691], [150.96222, -9.4689], [150.96425, -9.46946], [150.9657, -9.4706], [150.96831, -9.47117], [150.96946, -9.47015]]], [[[150.93144, -9.45297], [150.93143, -9.45211], [150.93027, -9.45154], [150.92998, -9.45241], [150.93057, -9.45298], [150.93144, -9.45297]]], [[[152.53898, -9.39647], [152.5391, -9.39588], [152.53891, -9.39517], [152.53763, -9.39534], [152.53729, -9.39577], [152.53753, -9.39719], [152.53816, -9.39736], [152.53898, -9.39647]]], [[[151.93105, -9.39153], [151.93064, -9.39134], [151.93035, -9.39163], [151.93072, -9.39188], [151.93122, -9.39191], [151.93105, -9.39153]]], [[[151.94025, -9.39104], [151.94046, -9.39066], [151.94059, -9.38947], [151.94044, -9.38864], [151.93898, -9.38693], [151.9384, -9.38694], [151.93811, -9.38723], [151.93841, -9.38809], [151.93845, -9.3893], [151.93815, -9.39039], [151.93989, -9.39124], [151.94025, -9.39104]]], [[[152.06242, -9.38268], [152.06307, -9.38246], [152.06357, -9.38211], [152.06382, -9.38171], [152.06368, -9.3813], [152.06325, -9.38113], [152.06256, -9.38125], [152.06192, -9.38213], [152.06185, -9.38252], [152.06204, -9.38271], [152.06242, -9.38268]]], [[[151.94706, -9.38256], [151.94731, -9.38165], [151.94708, -9.38114], [151.94672, -9.3808], [151.94614, -9.3808], [151.94557, -9.38138], [151.94551, -9.38176], [151.94558, -9.38225], [151.94645, -9.38311], [151.94706, -9.38256]]], [[[151.93674, -9.3809], [151.93717, -9.38032], [151.93677, -9.38006], [151.9363, -9.38004], [151.93602, -9.38033], [151.93617, -9.38068], [151.93631, -9.38091], [151.93674, -9.3809]]], [[[151.94032, -9.37769], [151.94058, -9.37722], [151.9406, -9.37682], [151.94016, -9.37646], [151.93944, -9.37626], [151.93916, -9.37684], [151.93934, -9.37731], [151.93974, -9.3777], [151.94032, -9.37769]]], [[[152.52029, -9.37873], [152.52083, -9.3778], [152.52081, -9.3767], [152.52042, -9.37616], [152.51969, -9.37596], [152.51894, -9.3761], [152.51844, -9.37706], [152.51834, -9.37778], [152.51859, -9.37853], [152.51902, -9.37887], [152.52029, -9.37873]]], [[[152.02471, -9.34597], [152.02497, -9.34573], [152.02499, -9.34535], [152.02506, -9.34486], [152.02471, -9.34451], [152.02426, -9.34421], [152.02376, -9.34414], [152.02349, -9.34421], [152.02289, -9.34486], [152.02285, -9.34513], [152.02315, -9.34549], [152.02401, -9.34607], [152.02471, -9.34597]]], [[[152.4947, -9.34268], [152.49462, -9.34146], [152.49402, -9.34099], [152.49336, -9.34082], [152.49247, -9.34136], [152.49256, -9.34197], [152.49315, -9.34248], [152.49402, -9.34273], [152.4947, -9.34268]]], [[[150.88232, -9.33774], [150.88284, -9.33738], [150.88289, -9.33687], [150.88211, -9.33633], [150.88101, -9.33587], [150.87912, -9.33548], [150.87768, -9.33546], [150.87735, -9.33589], [150.87739, -9.33662], [150.87827, -9.33748], [150.88116, -9.33803], [150.88232, -9.33774]]], [[[150.6906, -9.33952], [150.69146, -9.33893], [150.69145, -9.33778], [150.68739, -9.33521], [150.68565, -9.33522], [150.68508, -9.33609], [150.68509, -9.33811], [150.68684, -9.33954], [150.6906, -9.33952]]], [[[150.71389, -9.33721], [150.71464, -9.33611], [150.71457, -9.33476], [150.71399, -9.3339], [150.71254, -9.33391], [150.71168, -9.33469], [150.7111, -9.33565], [150.71092, -9.33637], [150.71112, -9.33709], [150.71314, -9.33737], [150.71389, -9.33721]]], [[[150.48811, -9.3294], [150.48479, -9.32971], [150.48175, -9.32944], [150.47828, -9.32974], [150.47179, -9.33352], [150.46848, -9.33671], [150.46505, -9.34235], [150.46231, -9.3451], [150.45986, -9.34655], [150.45842, -9.34685], [150.45539, -9.34859], [150.45294, -9.35062], [150.44991, -9.35092], [150.44585, -9.35037], [150.44456, -9.35066], [150.44369, -9.35153], [150.44326, -9.35254], [150.44227, -9.35644], [150.44083, -9.35731], [150.43968, -9.35847], [150.43911, -9.3602], [150.43739, -9.36194], [150.43291, -9.36383], [150.42802, -9.36948], [150.42471, -9.3718], [150.42315, -9.37656], [150.42301, -9.37815], [150.42331, -9.38045], [150.42623, -9.38505], [150.4269, -9.38712], [150.42857, -9.38965], [150.42946, -9.39397], [150.4289, -9.39743], [150.43023, -9.40218], [150.43011, -9.40808], [150.43128, -9.41038], [150.43129, -9.41182], [150.42956, -9.41357], [150.42898, -9.41357], [150.42753, -9.41242], [150.42638, -9.413], [150.42611, -9.4166], [150.42708, -9.42209], [150.43052, -9.43143], [150.43169, -9.43257], [150.43473, -9.43299], [150.43632, -9.4337], [150.43865, -9.43686], [150.43896, -9.43945], [150.44012, -9.44118], [150.44042, -9.44319], [150.44348, -9.44678], [150.44682, -9.44892], [150.44798, -9.45036], [150.44771, -9.45281], [150.448, -9.45439], [150.44888, -9.45526], [150.45264, -9.45552], [150.45511, -9.45738], [150.457, -9.46011], [150.45673, -9.46242], [150.45703, -9.46386], [150.45877, -9.46616], [150.45849, -9.4676], [150.45619, -9.46992], [150.45388, -9.47051], [150.45272, -9.47166], [150.45273, -9.47282], [150.45404, -9.47425], [150.45709, -9.47597], [150.45826, -9.47769], [150.45827, -9.48028], [150.46147, -9.48315], [150.46234, -9.48314], [150.4632, -9.48213], [150.46319, -9.4804], [150.46261, -9.47954], [150.46259, -9.4768], [150.46374, -9.47478], [150.46547, -9.4739], [150.46836, -9.47389], [150.47112, -9.4756], [150.47432, -9.47876], [150.47592, -9.4799], [150.47678, -9.4799], [150.48201, -9.48275], [150.48346, -9.48419], [150.48594, -9.49092], [150.48931, -9.49583], [150.49136, -9.5], [150.4934, -9.50171], [150.49514, -9.502], [150.49764, -9.50423], [150.49935, -9.50529], [150.50557, -9.50569], [150.50933, -9.50509], [150.51021, -9.50595], [150.5108, -9.50797], [150.51371, -9.51126], [150.51458, -9.51256], [150.51431, -9.51573], [150.51476, -9.51789], [150.51587, -9.51959], [150.51871, -9.52522], [150.52147, -9.52765], [150.52278, -9.52923], [150.52308, -9.53053], [150.52279, -9.53182], [150.52164, -9.53298], [150.52253, -9.53701], [150.52197, -9.5399], [150.52025, -9.54193], [150.52017, -9.5439], [150.52026, -9.54423], [150.52142, -9.54509], [150.5223, -9.54653], [150.5226, -9.5484], [150.52176, -9.55287], [150.52003, -9.5549], [150.51801, -9.55519], [150.51743, -9.55592], [150.51744, -9.55664], [150.51845, -9.55678], [150.51918, -9.5575], [150.51904, -9.55822], [150.51486, -9.56184], [150.5137, -9.56127], [150.51369, -9.56069], [150.51542, -9.55896], [150.51542, -9.55809], [150.51426, -9.5581], [150.51195, -9.56013], [150.50459, -9.5605], [150.49549, -9.56626], [150.49275, -9.567], [150.48899, -9.56731], [150.48624, -9.56804], [150.48423, -9.57036], [150.47961, -9.57326], [150.47542, -9.57343], [150.47354, -9.57416], [150.47066, -9.57764], [150.46893, -9.57822], [150.46719, -9.57765], [150.46632, -9.5765], [150.46457, -9.57584], [150.46255, -9.57595], [150.45995, -9.5774], [150.4588, -9.57856], [150.45938, -9.57942], [150.46141, -9.58028], [150.46099, -9.58128], [150.45882, -9.58259], [150.45825, -9.58433], [150.4571, -9.58549], [150.45594, -9.58463], [150.45449, -9.58464], [150.4545, -9.58637], [150.45277, -9.5881], [150.45075, -9.58898], [150.44975, -9.59057], [150.44962, -9.59359], [150.44818, -9.59533], [150.44645, -9.59505], [150.44383, -9.59333], [150.44281, -9.59348], [150.44152, -9.59536], [150.44009, -9.59682], [150.43777, -9.59711], [150.43719, -9.59769], [150.43751, -9.6023], [150.43579, -9.60519], [150.43495, -9.61096], [150.43266, -9.61501], [150.43253, -9.61861], [150.43356, -9.62192], [150.43531, -9.62422], [150.43543, -9.62494], [150.43661, -9.62927], [150.43856, -9.63257], [150.44087, -9.63515], [150.4466, -9.63885], [150.45016, -9.64115], [150.45321, -9.64243], [150.45669, -9.64328], [150.46017, -9.64326], [150.46523, -9.64251], [150.46827, -9.64279], [150.47492, -9.64175], [150.47825, -9.64072], [150.48531, -9.63621], [150.48704, -9.63549], [150.49209, -9.63171], [150.49411, -9.6294], [150.49729, -9.6288], [150.49931, -9.62908], [150.5038, -9.62848], [150.50959, -9.62888], [150.51624, -9.62712], [150.52304, -9.62665], [150.52766, -9.62403], [150.5304, -9.62344], [150.53417, -9.62414], [150.53751, -9.62542], [150.55104, -9.62489], [150.55647, -9.62517], [150.56009, -9.62616], [150.56474, -9.62902], [150.57025, -9.63014], [150.57199, -9.63129], [150.57876, -9.63215], [150.58561, -9.63294], [150.58677, -9.6338], [150.59358, -9.63534], [150.59764, -9.63676], [150.61142, -9.64029], [150.61462, -9.64315], [150.61623, -9.64559], [150.61797, -9.64688], [150.62016, -9.64932], [150.62133, -9.65205], [150.62424, -9.65492], [150.62977, -9.65863], [150.6331, -9.65962], [150.63947, -9.66016], [150.64441, -9.66157], [150.66267, -9.66507], [150.66621, -9.66755], [150.66646, -9.66774], [150.66747, -9.6685], [150.67196, -9.66905], [150.67934, -9.66844], [150.68399, -9.67186], [150.68616, -9.67228], [150.69283, -9.67282], [150.69918, -9.67048], [150.70411, -9.67016], [150.71553, -9.66822], [150.71841, -9.66647], [150.72564, -9.66556], [150.73301, -9.66576], [150.73759, -9.66587], [150.73868, -9.66577], [150.74084, -9.66417], [150.7427, -9.66172], [150.74646, -9.66111], [150.74951, -9.66153], [150.75371, -9.6628], [150.75851, -9.66536], [150.76274, -9.66788], [150.76985, -9.67293], [150.77392, -9.67536], [150.77639, -9.67765], [150.77875, -9.68311], [150.77962, -9.68397], [150.78165, -9.68425], [150.78375, -9.68295], [150.78686, -9.68334], [150.7886, -9.68449], [150.79092, -9.68476], [150.80058, -9.67951], [150.80245, -9.67763], [150.80417, -9.67488], [150.80472, -9.66969], [150.80701, -9.66563], [150.807, -9.66477], [150.80613, -9.66478], [150.80499, -9.66651], [150.80412, -9.6671], [150.80325, -9.66681], [150.80266, -9.66595], [150.80265, -9.66422], [150.80322, -9.66306], [150.80423, -9.66234], [150.80886, -9.66202], [150.8132, -9.6607], [150.81433, -9.66071], [150.81536, -9.66123], [150.81577, -9.66223], [150.81597, -9.66385], [150.81396, -9.66703], [150.81397, -9.6679], [150.81485, -9.66876], [150.81571, -9.66875], [150.81816, -9.66686], [150.81974, -9.66498], [150.81973, -9.66325], [150.81827, -9.66182], [150.81828, -9.66103], [150.81884, -9.66066], [150.82116, -9.66065], [150.82407, -9.66293], [150.82609, -9.66148], [150.82695, -9.66147], [150.82797, -9.66205], [150.83045, -9.66404], [150.83146, -9.66404], [150.83247, -9.66317], [150.83304, -9.66143], [150.83491, -9.65969], [150.83851, -9.65765], [150.84191, -9.65747], [150.84459, -9.65732], [150.84844, -9.65977], [150.85084, -9.66175], [150.85232, -9.66387], [150.85274, -9.66448], [150.85364, -9.66836], [150.85323, -9.6724], [150.85211, -9.67759], [150.85111, -9.67977], [150.84895, -9.6818], [150.84737, -9.68267], [150.84593, -9.68412], [150.84395, -9.69148], [150.8447, -9.69465], [150.84617, -9.69752], [150.84692, -9.70127], [150.84624, -9.70819], [150.84497, -9.71324], [150.84325, -9.71614], [150.84328, -9.71959], [150.84242, -9.72075], [150.84242, -9.7219], [150.84301, -9.72248], [150.84387, -9.72247], [150.84703, -9.71827], [150.84991, -9.71523], [150.85294, -9.7142], [150.85569, -9.71404], [150.85598, -9.71432], [150.85771, -9.71316], [150.85886, -9.71142], [150.85854, -9.70681], [150.8594, -9.70537], [150.86243, -9.70448], [150.86547, -9.70475], [150.87066, -9.70126], [150.87239, -9.70096], [150.8737, -9.70008], [150.87599, -9.69791], [150.87612, -9.69545], [150.8735, -9.69259], [150.87175, -9.69174], [150.87174, -9.69001], [150.87488, -9.68379], [150.87617, -9.68205], [150.8792, -9.67958], [150.88065, -9.67957], [150.88268, -9.68129], [150.885, -9.68156], [150.88976, -9.67908], [150.89309, -9.67863], [150.89454, -9.67977], [150.8998, -9.68579], [150.90069, -9.68895], [150.902, -9.69024], [150.90709, -9.69323], [150.90826, -9.69466], [150.90899, -9.69625], [150.91, -9.6961], [150.91043, -9.69508], [150.91141, -9.6896], [150.91124, -9.68643], [150.91223, -9.68311], [150.91338, -9.68195], [150.91685, -9.68135], [150.91858, -9.6799], [150.92003, -9.68017], [150.92149, -9.68218], [150.92337, -9.68246], [150.92497, -9.68216], [150.92698, -9.67998], [150.92898, -9.67709], [150.93184, -9.67145], [150.93313, -9.67014], [150.934, -9.66985], [150.93529, -9.66854], [150.9354, -9.6635], [150.93582, -9.66162], [150.93697, -9.65988], [150.93753, -9.65743], [150.93603, -9.6498], [150.9334, -9.64693], [150.93281, -9.64492], [150.93164, -9.64306], [150.92989, -9.64119], [150.92727, -9.63977], [150.92162, -9.6388], [150.9206, -9.63808], [150.9203, -9.63722], [150.9226, -9.63375], [150.92259, -9.6326], [150.92083, -9.63002], [150.92025, -9.63002], [150.91882, -9.63204], [150.91796, -9.63263], [150.91651, -9.63293], [150.91579, -9.63452], [150.91539, -9.63798], [150.91569, -9.63999], [150.91541, -9.64129], [150.91454, -9.6413], [150.91367, -9.64044], [150.91321, -9.63742], [150.91218, -9.63526], [150.90985, -9.63297], [150.90638, -9.63386], [150.90465, -9.63387], [150.90377, -9.63272], [150.90376, -9.63128], [150.90634, -9.62809], [150.9069, -9.6255], [150.9063, -9.62262], [150.90659, -9.62204], [150.90642, -9.6193], [150.90478, -9.61196], [150.90244, -9.60909], [150.90244, -9.60852], [150.90372, -9.60549], [150.90385, -9.60332], [150.9018, -9.59988], [150.90119, -9.59556], [150.90002, -9.59441], [150.89496, -9.5943], [150.89395, -9.59387], [150.89291, -9.59172], [150.89132, -9.59072], [150.88843, -9.59276], [150.88511, -9.59293], [150.8802, -9.59497], [150.8776, -9.5947], [150.87339, -9.59344], [150.87181, -9.59218], [150.86844, -9.58871], [150.86376, -9.58197], [150.86301, -9.57895], [150.863, -9.57636], [150.8637, -9.57419], [150.86442, -9.57346], [150.86774, -9.57128], [150.87092, -9.57097], [150.87903, -9.57149], [150.88032, -9.57076], [150.88336, -9.57002], [150.88494, -9.56843], [150.88507, -9.56684], [150.88303, -9.56426], [150.88301, -9.56253], [150.88474, -9.5605], [150.88544, -9.55718], [150.88467, -9.55042], [150.89097, -9.54115], [150.89035, -9.53481], [150.89061, -9.53106], [150.89204, -9.52875], [150.89258, -9.52356], [150.89183, -9.51881], [150.88962, -9.51291], [150.88785, -9.50961], [150.8861, -9.50746], [150.88466, -9.50718], [150.88233, -9.50576], [150.88117, -9.50576], [150.87829, -9.5078], [150.87569, -9.50724], [150.87394, -9.50552], [150.87335, -9.50408], [150.87131, -9.50278], [150.86827, -9.50167], [150.86552, -9.50126], [150.86174, -9.49868], [150.85869, -9.49799], [150.85043, -9.49472], [150.84823, -9.492], [150.84693, -9.491], [150.8436, -9.49088], [150.84229, -9.49046], [150.84142, -9.48959], [150.83878, -9.48428], [150.83586, -9.48041], [150.83509, -9.47364], [150.83361, -9.46904], [150.83329, -9.46385], [150.83227, -9.45853], [150.83107, -9.45608], [150.82681, -9.45172], [150.8235, -9.44936], [150.81915, -9.44766], [150.81769, -9.44623], [150.81592, -9.44105], [150.81373, -9.43775], [150.80951, -9.4336], [150.8086, -9.42842], [150.80743, -9.42641], [150.79987, -9.41968], [150.79812, -9.4171], [150.79593, -9.41495], [150.79317, -9.41324], [150.78999, -9.41269], [150.78156, -9.40669], [150.77924, -9.40612], [150.77284, -9.40155], [150.76952, -9.401], [150.7659, -9.4016], [150.7633, -9.40132], [150.76157, -9.40249], [150.76129, -9.40451], [150.76015, -9.40639], [150.75828, -9.40827], [150.75684, -9.409], [150.7534, -9.41306], [150.7511, -9.41495], [150.74778, -9.41669], [150.74218, -9.42264], [150.73844, -9.42598], [150.73613, -9.42714], [150.73033, -9.4253], [150.72552, -9.4252], [150.72339, -9.42491], [150.72021, -9.42551], [150.71732, -9.42682], [150.71053, -9.42787], [150.70474, -9.42733], [150.69679, -9.42767], [150.69612, -9.4277], [150.69405, -9.42855], [150.69319, -9.42942], [150.68974, -9.43419], [150.68715, -9.43637], [150.68123, -9.43698], [150.67891, -9.43685], [150.67689, -9.43643], [150.67456, -9.43544], [150.66225, -9.43248], [150.66007, -9.43134], [150.65663, -9.42868], [150.65383, -9.42705], [150.65238, -9.42677], [150.6486, -9.4242], [150.64614, -9.42393], [150.64289, -9.4243], [150.64195, -9.42366], [150.63905, -9.4231], [150.63644, -9.42139], [150.63293, -9.41622], [150.63132, -9.41176], [150.63043, -9.40802], [150.63024, -9.40266], [150.62906, -9.39694], [150.62676, -9.39416], [150.62381, -9.39062], [150.62149, -9.38891], [150.62004, -9.38863], [150.61684, -9.38605], [150.61569, -9.38606], [150.61135, -9.38695], [150.60846, -9.38639], [150.60729, -9.38553], [150.60642, -9.38409], [150.60524, -9.3805], [150.60291, -9.37777], [150.60117, -9.37692], [150.59578, -9.3769], [150.59003, -9.37511], [150.588, -9.37498], [150.58482, -9.37543], [150.58221, -9.37515], [150.57932, -9.37401], [150.57454, -9.37332], [150.5689, -9.36859], [150.56263, -9.36445], [150.55783, -9.36369], [150.55091, -9.3625], [150.54527, -9.36311], [150.5442, -9.36216], [150.54148, -9.35736], [150.54, -9.35218], [150.53811, -9.35017], [150.53477, -9.34818], [150.53057, -9.34705], [150.5268, -9.34347], [150.52491, -9.34247], [150.52273, -9.34205], [150.51955, -9.34178], [150.51449, -9.34051], [150.5094, -9.33607], [150.5049, -9.33364], [150.50085, -9.33308], [150.49305, -9.33341], [150.48811, -9.3294]]], [[[150.7394, -9.32827], [150.74006, -9.32778], [150.74026, -9.3274], [150.74, -9.32706], [150.73939, -9.32683], [150.73853, -9.3277], [150.73882, -9.32828], [150.7394, -9.32827]]], [[[150.85415, -9.32063], [150.85431, -9.32003], [150.85414, -9.31948], [150.85359, -9.31937], [150.85299, -9.31949], [150.85278, -9.31965], [150.8527, -9.32007], [150.85292, -9.32039], [150.85328, -9.32064], [150.85415, -9.32063]]], [[[150.70928, -9.32096], [150.70984, -9.31923], [150.70932, -9.31888], [150.70869, -9.31895], [150.70873, -9.31967], [150.70841, -9.32039], [150.70696, -9.3204], [150.70668, -9.32098], [150.70726, -9.32155], [150.70842, -9.32183], [150.70928, -9.32096]]], [[[152.00545, -9.3192], [152.00571, -9.31902], [152.00575, -9.3188], [152.00567, -9.31837], [152.00537, -9.31812], [152.00456, -9.31818], [152.00415, -9.31843], [152.00387, -9.31904], [152.00417, -9.31956], [152.00461, -9.31958], [152.00545, -9.3192]]], [[[150.711, -9.31807], [150.71117, -9.31782], [150.71099, -9.31749], [150.70954, -9.31693], [150.70914, -9.31721], [150.70926, -9.3175], [150.71013, -9.31808], [150.711, -9.31807]]], [[[150.85297, -9.3166], [150.85307, -9.31595], [150.85296, -9.31545], [150.8525, -9.3153], [150.85209, -9.31546], [150.85181, -9.31603], [150.85197, -9.31634], [150.85239, -9.31661], [150.85297, -9.3166]]], [[[150.88046, -9.31902], [150.88045, -9.31859], [150.87972, -9.31773], [150.87813, -9.31673], [150.87725, -9.315], [150.87638, -9.31501], [150.87004, -9.31851], [150.87005, -9.31952], [150.87121, -9.32081], [150.87353, -9.32108], [150.87742, -9.31947], [150.8793, -9.31989], [150.88046, -9.31902]]], [[[152.52942, -9.3157], [152.52945, -9.31454], [152.52893, -9.31377], [152.52797, -9.31349], [152.52638, -9.31396], [152.52585, -9.31469], [152.52603, -9.31549], [152.52704, -9.31657], [152.52833, -9.31671], [152.52942, -9.3157]]], [[[150.75056, -9.30976], [150.75066, -9.30961], [150.75055, -9.30861], [150.74968, -9.30862], [150.74935, -9.30929], [150.7494, -9.30977], [150.74994, -9.30988], [150.75056, -9.30976]]], [[[150.8503, -9.3074], [150.85029, -9.30654], [150.84972, -9.30654], [150.84943, -9.30683], [150.84948, -9.30712], [150.84972, -9.3074], [150.8503, -9.3074]]], [[[150.78034, -9.309], [150.78105, -9.30827], [150.78119, -9.30727], [150.78032, -9.30641], [150.77887, -9.30641], [150.77801, -9.307], [150.77773, -9.30786], [150.77918, -9.30901], [150.78034, -9.309]]], [[[151.98066, -9.30726], [151.9806, -9.3058], [151.98002, -9.30523], [151.97797, -9.30551], [151.9786, -9.30697], [151.97947, -9.30754], [151.98066, -9.30726]]], [[[153.64459, -9.3081], [153.64619, -9.30744], [153.64746, -9.30676], [153.64762, -9.30631], [153.6475, -9.30544], [153.64685, -9.30462], [153.6457, -9.30422], [153.64478, -9.30444], [153.64418, -9.30482], [153.64292, -9.30623], [153.64252, -9.30734], [153.64255, -9.30782], [153.64327, -9.30825], [153.64459, -9.3081]]], [[[153.6692, -9.30554], [153.67002, -9.30533], [153.66961, -9.30395], [153.66935, -9.30368], [153.66871, -9.30363], [153.66834, -9.3039], [153.66822, -9.30435], [153.66835, -9.30531], [153.66857, -9.30554], [153.6692, -9.30554]]], [[[153.67316, -9.30552], [153.6741, -9.30433], [153.67408, -9.3035], [153.67371, -9.30309], [153.67331, -9.30303], [153.6725, -9.30328], [153.67204, -9.30366], [153.67168, -9.30403], [153.6716, -9.30438], [153.67178, -9.30534], [153.67226, -9.30583], [153.67265, -9.30585], [153.67316, -9.30552]]], [[[153.67825, -9.30483], [153.67856, -9.30442], [153.6786, -9.30373], [153.67826, -9.30254], [153.67747, -9.30178], [153.67679, -9.30193], [153.67608, -9.30286], [153.67602, -9.30393], [153.67683, -9.3048], [153.67743, -9.30499], [153.67825, -9.30483]]], [[[153.65948, -9.30387], [153.66588, -9.30322], [153.66625, -9.3029], [153.66631, -9.30251], [153.66614, -9.30213], [153.66562, -9.30169], [153.66421, -9.30126], [153.66144, -9.30148], [153.65986, -9.30194], [153.65835, -9.30264], [153.65503, -9.30329], [153.65479, -9.30346], [153.65491, -9.30369], [153.65568, -9.30416], [153.65721, -9.30429], [153.65948, -9.30387]]], [[[151.86809, -9.30236], [151.8675, -9.3015], [151.86623, -9.3009], [151.86519, -9.30124], [151.86433, -9.30268], [151.8639, -9.30269], [151.86288, -9.30212], [151.86207, -9.30266], [151.86174, -9.30329], [151.8606, -9.3056], [151.86061, -9.30647], [151.86178, -9.30761], [151.86555, -9.30815], [151.86577, -9.30745], [151.86552, -9.30613], [151.86725, -9.30554], [151.86811, -9.30466], [151.86809, -9.30236]]], [[[152.83336, -9.29787], [152.83457, -9.29691], [152.83457, -9.29601], [152.83416, -9.29558], [152.83327, -9.29507], [152.83234, -9.29512], [152.83149, -9.29555], [152.83114, -9.29611], [152.83102, -9.29667], [152.83115, -9.29719], [152.83198, -9.29801], [152.83254, -9.2981], [152.83336, -9.29787]]], [[[151.96575, -9.29587], [151.96341, -9.2933], [151.96357, -9.29149], [151.962, -9.28978], [151.96107, -9.29073], [151.96169, -9.29447], [151.96475, -9.29732], [151.96955, -9.29986], [151.97146, -9.30251], [151.97278, -9.30386], [151.97512, -9.30359], [151.97536, -9.30182], [151.96894, -9.29699], [151.96808, -9.297], [151.96575, -9.29587]]], [[[150.70642, -9.30268], [150.70625, -9.29951], [150.70636, -9.29317], [150.70561, -9.29044], [150.70445, -9.28901], [150.703, -9.28901], [150.70128, -9.29018], [150.70043, -9.29306], [150.69899, -9.29451], [150.69766, -9.29496], [150.69639, -9.29539], [150.69524, -9.29626], [150.69294, -9.29685], [150.69236, -9.29743], [150.69236, -9.2983], [150.69411, -9.30031], [150.69411, -9.30088], [150.69326, -9.3029], [150.69413, -9.30376], [150.6976, -9.30397], [150.69847, -9.30403], [150.70051, -9.30545], [150.70137, -9.30545], [150.70341, -9.30716], [150.70531, -9.31018], [150.70807, -9.31204], [150.70895, -9.31405], [150.71098, -9.31605], [150.71272, -9.31633], [150.71862, -9.31298], [150.71992, -9.31168], [150.71904, -9.30966], [150.71903, -9.30822], [150.72073, -9.30302], [150.71986, -9.30217], [150.719, -9.30275], [150.71815, -9.30564], [150.71614, -9.30853], [150.71586, -9.31026], [150.71472, -9.31228], [150.71357, -9.31316], [150.71183, -9.31259], [150.71008, -9.31044], [150.70716, -9.3057], [150.70642, -9.30268]]], [[[153.69093, -9.28632], [153.68903, -9.28525], [153.68766, -9.2841], [153.68612, -9.28193], [153.68526, -9.28151], [153.68488, -9.28174], [153.68499, -9.28246], [153.68573, -9.28381], [153.68603, -9.28632], [153.6857, -9.29325], [153.68525, -9.29431], [153.68523, -9.29542], [153.68675, -9.29725], [153.68715, -9.29795], [153.68749, -9.29914], [153.6881, -9.30011], [153.68848, -9.30057], [153.68958, -9.30082], [153.69101, -9.30051], [153.69446, -9.29853], [153.69649, -9.29453], [153.6977, -9.29175], [153.69792, -9.29087], [153.69803, -9.28862], [153.69768, -9.28629], [153.69733, -9.28509], [153.6969, -9.28423], [153.69597, -9.28348], [153.69464, -9.28367], [153.69438, -9.28401], [153.69424, -9.28485], [153.69407, -9.28578], [153.69375, -9.28615], [153.69328, -9.28638], [153.69183, -9.28654], [153.69093, -9.28632]]], [[[150.79648, -9.3014], [150.79473, -9.29911], [150.79472, -9.29796], [150.79515, -9.29753], [150.79774, -9.29621], [150.79961, -9.29447], [150.80032, -9.29259], [150.80044, -9.28899], [150.79971, -9.28799], [150.79783, -9.2867], [150.7958, -9.28614], [150.79391, -9.28457], [150.79043, -9.283], [150.78738, -9.28043], [150.78506, -9.28015], [150.78305, -9.28161], [150.78018, -9.28566], [150.77905, -9.28999], [150.77995, -9.29459], [150.77967, -9.29603], [150.7771, -9.30009], [150.77799, -9.30354], [150.77915, -9.30468], [150.7806, -9.30496], [150.78233, -9.30438], [150.78636, -9.30147], [150.78838, -9.30146], [150.79188, -9.30604], [150.7939, -9.30574], [150.79563, -9.304], [150.79648, -9.30256], [150.79648, -9.3014]]], [[[150.89738, -9.27573], [150.8972, -9.27453], [150.89634, -9.27454], [150.89604, -9.27502], [150.89605, -9.2754], [150.89657, -9.27579], [150.89721, -9.27597], [150.89738, -9.27573]]], [[[150.50744, -9.27051], [150.50759, -9.26989], [150.50744, -9.26936], [150.50628, -9.26937], [150.50571, -9.26995], [150.50584, -9.27046], [150.50629, -9.2711], [150.50744, -9.27051]]], [[[150.89717, -9.26877], [150.89657, -9.26733], [150.89599, -9.26676], [150.89454, -9.26619], [150.89412, -9.2664], [150.89392, -9.26711], [150.89398, -9.26749], [150.89452, -9.26812], [150.89543, -9.26878], [150.89717, -9.26934], [150.89717, -9.26877]]], [[[151.90139, -9.26614], [151.89949, -9.26457], [151.89457, -9.26434], [151.89227, -9.2658], [151.88737, -9.267], [151.88393, -9.26963], [151.88177, -9.2698], [151.87903, -9.27083], [151.8756, -9.2749], [151.87477, -9.27779], [151.87391, -9.27895], [151.87337, -9.28271], [151.87138, -9.2859], [151.87226, -9.28704], [151.87598, -9.28297], [151.88101, -9.28076], [151.88908, -9.27808], [151.90149, -9.27593], [151.90583, -9.27589], [151.90801, -9.27688], [151.91122, -9.2803], [151.91296, -9.28057], [151.91471, -9.28214], [151.91735, -9.28543], [151.92402, -9.28737], [151.92519, -9.28823], [151.93214, -9.28931], [151.9395, -9.2888], [151.94268, -9.2879], [151.94513, -9.28773], [151.94776, -9.29001], [151.95065, -9.28969], [151.95236, -9.29117], [151.9541, -9.2885], [151.95497, -9.28586], [151.95203, -9.28391], [151.94032, -9.28417], [151.93541, -9.28452], [151.93224, -9.28527], [151.92951, -9.28674], [151.9285, -9.28689], [151.92748, -9.28676], [151.92267, -9.28249], [151.91759, -9.2811], [151.91249, -9.27683], [151.90139, -9.26614]]], [[[150.75619, -9.26376], [150.75546, -9.26276], [150.75488, -9.26276], [150.75315, -9.26393], [150.75055, -9.26365], [150.74967, -9.26279], [150.74534, -9.26282], [150.74217, -9.26457], [150.74161, -9.26717], [150.74103, -9.26746], [150.73987, -9.26718], [150.739, -9.26632], [150.73871, -9.26517], [150.73783, -9.26431], [150.73668, -9.26431], [150.73684, -9.26705], [150.73757, -9.2695], [150.73992, -9.27352], [150.73993, -9.27611], [150.73878, -9.27727], [150.73357, -9.27701], [150.73359, -9.27816], [150.73446, -9.27903], [150.7375, -9.28002], [150.74314, -9.2807], [150.74547, -9.28299], [150.74522, -9.28962], [150.74639, -9.29105], [150.75131, -9.29246], [150.75365, -9.29533], [150.75486, -9.30368], [150.75573, -9.30454], [150.75775, -9.30482], [150.7602, -9.30365], [150.76294, -9.30161], [150.76523, -9.29786], [150.76608, -9.29511], [150.76837, -9.29236], [150.77096, -9.29033], [150.77152, -9.28787], [150.76803, -9.28516], [150.76743, -9.28199], [150.76657, -9.282], [150.76542, -9.28287], [150.76397, -9.28288], [150.76339, -9.2823], [150.76338, -9.28086], [150.76266, -9.28029], [150.75977, -9.28132], [150.75688, -9.28177], [150.75558, -9.28149], [150.755, -9.28092], [150.75528, -9.27947], [150.75727, -9.27543], [150.75624, -9.27212], [150.75608, -9.27025], [150.75723, -9.26851], [150.75619, -9.26376]]], [[[152.90564, -9.26454], [152.90692, -9.2641], [152.90751, -9.26278], [152.90907, -9.26151], [152.90923, -9.26117], [152.90897, -9.26046], [152.90815, -9.26006], [152.90693, -9.26012], [152.90332, -9.26117], [152.90203, -9.26192], [152.90154, -9.26308], [152.90177, -9.26418], [152.9028, -9.26457], [152.90564, -9.26454]]], [[[153.68593, -9.27401], [153.68532, -9.27367], [153.68362, -9.27205], [153.68265, -9.27086], [153.68022, -9.26862], [153.67631, -9.26562], [153.67492, -9.26349], [153.67394, -9.26109], [153.67301, -9.25985], [153.67186, -9.25648], [153.67139, -9.25608], [153.67097, -9.25636], [153.67079, -9.25773], [153.67049, -9.25829], [153.66773, -9.26109], [153.66758, -9.26173], [153.66782, -9.2623], [153.66857, -9.26302], [153.67001, -9.26393], [153.67323, -9.26562], [153.67601, -9.2674], [153.67876, -9.27], [153.68238, -9.27424], [153.68338, -9.27582], [153.68375, -9.27613], [153.68488, -9.27608], [153.68613, -9.27557], [153.6877, -9.27533], [153.68899, -9.27552], [153.68964, -9.27508], [153.68959, -9.2745], [153.68875, -9.27374], [153.68667, -9.2741], [153.68593, -9.27401]]], [[[150.75454, -9.25499], [150.75453, -9.25268], [150.75336, -9.25124], [150.7522, -9.25125], [150.75163, -9.25183], [150.75193, -9.25414], [150.75309, -9.25528], [150.75425, -9.25556], [150.75454, -9.25499]]], [[[152.94347, -9.25383], [152.94458, -9.25374], [152.94541, -9.25324], [152.94551, -9.2525], [152.94469, -9.25152], [152.94291, -9.25066], [152.94182, -9.25052], [152.94081, -9.2505], [152.94023, -9.25079], [152.93953, -9.25151], [152.93969, -9.25326], [152.94059, -9.25433], [152.94223, -9.25437], [152.94347, -9.25383]]], [[[152.55578, -9.2519], [152.55627, -9.2511], [152.55578, -9.25041], [152.5554, -9.25029], [152.55472, -9.25052], [152.55445, -9.25083], [152.5544, -9.25161], [152.55487, -9.25197], [152.55502, -9.25207], [152.55578, -9.2519]]], [[[150.88746, -9.24607], [150.88746, -9.24549], [150.8863, -9.24492], [150.88606, -9.24518], [150.88601, -9.2455], [150.88624, -9.24581], [150.8866, -9.24607], [150.88746, -9.24607]]], [[[150.78511, -9.24356], [150.78522, -9.24281], [150.7851, -9.24212], [150.78477, -9.24145], [150.78423, -9.24097], [150.78348, -9.24065], [150.78278, -9.24069], [150.78163, -9.2417], [150.7828, -9.24415], [150.7834, -9.24458], [150.78396, -9.24472], [150.78511, -9.24356]]], [[[150.75372, -9.24237], [150.75417, -9.24202], [150.75409, -9.24074], [150.75386, -9.23972], [150.75332, -9.23944], [150.75241, -9.23944], [150.752, -9.23959], [150.75155, -9.24002], [150.75165, -9.24079], [150.75185, -9.24146], [150.75239, -9.24216], [150.75301, -9.2426], [150.75372, -9.24237]]], [[[150.78994, -9.23825], [150.79028, -9.23776], [150.79019, -9.23735], [150.7898, -9.23681], [150.7894, -9.23661], [150.78863, -9.23651], [150.78824, -9.23662], [150.78767, -9.2372], [150.78768, -9.23835], [150.7881, -9.23889], [150.78884, -9.23921], [150.78994, -9.23825]]], [[[152.76588, -9.24062], [152.76597, -9.23929], [152.76584, -9.23821], [152.76499, -9.23663], [152.76339, -9.23462], [152.76266, -9.23409], [152.76167, -9.23405], [152.76124, -9.2345], [152.76086, -9.23537], [152.76007, -9.23932], [152.75913, -9.2405], [152.75846, -9.24083], [152.75794, -9.24078], [152.75618, -9.23878], [152.75496, -9.23831], [152.75438, -9.23845], [152.75402, -9.23889], [152.7538, -9.23963], [152.75417, -9.24111], [152.75509, -9.24319], [152.75526, -9.24385], [152.75562, -9.24431], [152.75625, -9.24464], [152.75882, -9.2447], [152.76098, -9.24549], [152.76249, -9.24537], [152.76297, -9.24499], [152.76404, -9.24305], [152.76564, -9.24152], [152.76588, -9.24062]]], [[[150.91206, -9.24965], [150.9109, -9.24879], [150.90714, -9.24824], [150.90568, -9.24652], [150.90567, -9.24479], [150.90653, -9.24335], [150.90608, -9.24176], [150.90592, -9.23932], [150.90475, -9.23817], [150.90475, -9.23702], [150.90617, -9.2347], [150.90645, -9.2324], [150.905, -9.23154], [150.90399, -9.23198], [150.9014, -9.23416], [150.89694, -9.23649], [150.89608, -9.23765], [150.89609, -9.23851], [150.89958, -9.24166], [150.90002, -9.24296], [150.90018, -9.24569], [150.89904, -9.24743], [150.89701, -9.24773], [150.89703, -9.24946], [150.89574, -9.25192], [150.89577, -9.25624], [150.89681, -9.25897], [150.89623, -9.25998], [150.89451, -9.26187], [150.89423, -9.26274], [150.89453, -9.26388], [150.89598, -9.26474], [150.89857, -9.26386], [150.89943, -9.26299], [150.89971, -9.26097], [150.90028, -9.26039], [150.90115, -9.26038], [150.9029, -9.26267], [150.90348, -9.26239], [150.90519, -9.25906], [150.9092, -9.25428], [150.91238, -9.25368], [150.9134, -9.25425], [150.91558, -9.25625], [150.91717, -9.25653], [150.91962, -9.25536], [150.92077, -9.2542], [150.92159, -9.24814], [150.92093, -9.24776], [150.92015, -9.24815], [150.91929, -9.24931], [150.91813, -9.24961], [150.91583, -9.25135], [150.91323, -9.25137], [150.91206, -9.24965]]], [[[150.78756, -9.23471], [150.78794, -9.23432], [150.78807, -9.23332], [150.78792, -9.2323], [150.78709, -9.23165], [150.78648, -9.23144], [150.78598, -9.23163], [150.78561, -9.23203], [150.78562, -9.23289], [150.78581, -9.23338], [150.78707, -9.2349], [150.78756, -9.23471]]], [[[150.78791, -9.22942], [150.78803, -9.22899], [150.7879, -9.22856], [150.78732, -9.22856], [150.78704, -9.22885], [150.78715, -9.22918], [150.78733, -9.22942], [150.78791, -9.22942]]], [[[150.79985, -9.22695], [150.80003, -9.22646], [150.79982, -9.22604], [150.79944, -9.22589], [150.7989, -9.22607], [150.79858, -9.22647], [150.79859, -9.22705], [150.79892, -9.22727], [150.79945, -9.22733], [150.79985, -9.22695]]], [[[153.10947, -9.23026], [153.10984, -9.23024], [153.11039, -9.22964], [153.1103, -9.2286], [153.11089, -9.2254], [153.11158, -9.22415], [153.11285, -9.22242], [153.11281, -9.21999], [153.11141, -9.21906], [153.10933, -9.21949], [153.1048, -9.2213], [153.10238, -9.22183], [153.10251, -9.2227], [153.10397, -9.22392], [153.10522, -9.22471], [153.10627, -9.22616], [153.10657, -9.22772], [153.10584, -9.22978], [153.10597, -9.2303], [153.10761, -9.23044], [153.10947, -9.23026]]], [[[151.03173, -9.20905], [151.03199, -9.20867], [151.03202, -9.20847], [151.03106, -9.20793], [151.03086, -9.2079], [151.03065, -9.20805], [151.03057, -9.20848], [151.03116, -9.20905], [151.03173, -9.20905]]], [[[150.85741, -9.20621], [150.85568, -9.20622], [150.85532, -9.20682], [150.8554, -9.20767], [150.85598, -9.20824], [150.85888, -9.20908], [150.85946, -9.20965], [150.86005, -9.21138], [150.86093, -9.21224], [150.86324, -9.2128], [150.86499, -9.21538], [150.86487, -9.21841], [150.86388, -9.22259], [150.86507, -9.22604], [150.86594, -9.2269], [150.86883, -9.22717], [150.87315, -9.22541], [150.8756, -9.22396], [150.87833, -9.22163], [150.87905, -9.22062], [150.87946, -9.21702], [150.88061, -9.21586], [150.88176, -9.21556], [150.88276, -9.21469], [150.88377, -9.21324], [150.88318, -9.21238], [150.88159, -9.21254], [150.8777, -9.21415], [150.87625, -9.21386], [150.87567, -9.21329], [150.87536, -9.21041], [150.87391, -9.20927], [150.86958, -9.20959], [150.86641, -9.21191], [150.8641, -9.21164], [150.86323, -9.21078], [150.86234, -9.20791], [150.86147, -9.20705], [150.85887, -9.20735], [150.85741, -9.20621]]], [[[150.82202, -9.21854], [150.82252, -9.21825], [150.82291, -9.21752], [150.82309, -9.2168], [150.82279, -9.21594], [150.82076, -9.21423], [150.8196, -9.21395], [150.81885, -9.2135], [150.81843, -9.2128], [150.81828, -9.21064], [150.81635, -9.20417], [150.81577, -9.2036], [150.8153, -9.20346], [150.81491, -9.2036], [150.81462, -9.20401], [150.81462, -9.20447], [150.81554, -9.21095], [150.81498, -9.21513], [150.81572, -9.2161], [150.81673, -9.21685], [150.8202, -9.2174], [150.82137, -9.21854], [150.82202, -9.21854]]], [[[152.43677, -9.20483], [152.43656, -9.20208], [152.43578, -9.20069], [152.43516, -9.20053], [152.43425, -9.20176], [152.43429, -9.20195], [152.43444, -9.20305], [152.43479, -9.20383], [152.43573, -9.20518], [152.4364, -9.20552], [152.43677, -9.20483]]], [[[152.92394, -9.19797], [152.92374, -9.19776], [152.92316, -9.19779], [152.92298, -9.19792], [152.92319, -9.19817], [152.92372, -9.1982], [152.92394, -9.19797]]], [[[150.23274, -9.19777], [150.23216, -9.1972], [150.22956, -9.19749], [150.22725, -9.19924], [150.22278, -9.19997], [150.2212, -9.20004], [150.21873, -9.20014], [150.21468, -9.20001], [150.21251, -9.1993], [150.20947, -9.19744], [150.20412, -9.19731], [150.20297, -9.1979], [150.20133, -9.19986], [150.19951, -9.20108], [150.19489, -9.2011], [150.18581, -9.20719], [150.1799, -9.21038], [150.17586, -9.21155], [150.17378, -9.21267], [150.1672, -9.21504], [150.16533, -9.2162], [150.16115, -9.21996], [150.15869, -9.22012], [150.15725, -9.2194], [150.15537, -9.21999], [150.14729, -9.22846], [150.14502, -9.23199], [150.14358, -9.23358], [150.14069, -9.23446], [150.14026, -9.23518], [150.14013, -9.23907], [150.1387, -9.24138], [150.13668, -9.2434], [150.13509, -9.24413], [150.13178, -9.24474], [150.13004, -9.24516], [150.12802, -9.24747], [150.12414, -9.25051], [150.12026, -9.25658], [150.1168, -9.26048], [150.11595, -9.26409], [150.11626, -9.26769], [150.11599, -9.27374], [150.11226, -9.27966], [150.10925, -9.28774], [150.10855, -9.29192], [150.10582, -9.29553], [150.10221, -9.298], [150.10163, -9.29857], [150.10107, -9.30175], [150.09503, -9.30998], [150.09446, -9.312], [150.09476, -9.3133], [150.09796, -9.31732], [150.09796, -9.31905], [150.09739, -9.32021], [150.09884, -9.32164], [150.09784, -9.32381], [150.09571, -9.33404], [150.09631, -9.33808], [150.09834, -9.34167], [150.10052, -9.34382], [150.10444, -9.34669], [150.10589, -9.3487], [150.10707, -9.35403], [150.10616, -9.35863], [150.10594, -9.36066], [150.10697, -9.3647], [150.10712, -9.36714], [150.10453, -9.37032], [150.10454, -9.37176], [150.10512, -9.37234], [150.10686, -9.37233], [150.10845, -9.3716], [150.11104, -9.37116], [150.11437, -9.37144], [150.11582, -9.37057], [150.11755, -9.37056], [150.11987, -9.37142], [150.1219, -9.37314], [150.12537, -9.3737], [150.12653, -9.37514], [150.12626, -9.37917], [150.1254, -9.38062], [150.12367, -9.38206], [150.12006, -9.3828], [150.11905, -9.38352], [150.11992, -9.38467], [150.12137, -9.38496], [150.12224, -9.38581], [150.12196, -9.3874], [150.12225, -9.3887], [150.12399, -9.38927], [150.12559, -9.3907], [150.12805, -9.39127], [150.13066, -9.39414], [150.13182, -9.39443], [150.13298, -9.39413], [150.13385, -9.3947], [150.13503, -9.40075], [150.13648, -9.40219], [150.13793, -9.40276], [150.13937, -9.40131], [150.14082, -9.40131], [150.14344, -9.40461], [150.14606, -9.4095], [150.14863, -9.41262], [150.15013, -9.41452], [150.15155, -9.41845], [150.15506, -9.42342], [150.1583, -9.42775], [150.16337, -9.43306], [150.16671, -9.43579], [150.17221, -9.43663], [150.17424, -9.43748], [150.17903, -9.44063], [150.18295, -9.44404], [150.18616, -9.4465], [150.18735, -9.44744], [150.19296, -9.45182], [150.19427, -9.45268], [150.20136, -9.45366], [150.20426, -9.45451], [150.20874, -9.45464], [150.21495, -9.45187], [150.219, -9.45142], [150.22241, -9.45161], [150.22827, -9.45297], [150.24071, -9.45291], [150.24186, -9.45334], [150.24433, -9.45535], [150.25045, -9.46498], [150.2522, -9.46828], [150.25281, -9.47419], [150.25268, -9.47707], [150.25225, -9.47923], [150.25053, -9.48184], [150.24938, -9.4827], [150.2462, -9.48301], [150.24562, -9.48388], [150.24824, -9.48646], [150.25113, -9.48702], [150.25605, -9.48585], [150.2575, -9.48728], [150.25867, -9.48901], [150.26388, -9.49014], [150.27055, -9.49443], [150.27417, -9.49499], [150.28039, -9.49438], [150.28431, -9.49725], [150.28827, -9.50094], [150.29027, -9.50212], [150.29751, -9.50324], [150.29837, -9.50237], [150.29764, -9.5008], [150.29778, -9.49921], [150.29893, -9.49805], [150.30182, -9.49775], [150.30443, -9.49803], [150.30501, -9.49889], [150.30472, -9.49947], [150.30328, -9.50091], [150.30039, -9.50179], [150.29925, -9.50468], [150.29723, -9.50641], [150.29666, -9.50757], [150.29667, -9.5093], [150.29812, -9.51102], [150.30218, -9.51216], [150.30349, -9.51402], [150.3038, -9.51719], [150.30482, -9.51993], [150.30599, -9.52107], [150.31033, -9.52221], [150.31177, -9.52191], [150.31235, -9.52018], [150.31379, -9.5196], [150.31466, -9.52017], [150.31611, -9.52016], [150.31798, -9.51871], [150.32015, -9.51784], [150.32393, -9.52099], [150.32769, -9.52155], [150.33029, -9.52068], [150.33232, -9.52211], [150.33406, -9.5221], [150.33623, -9.52108], [150.33926, -9.52064], [150.34043, -9.52149], [150.34129, -9.5212], [150.34172, -9.52019], [150.34214, -9.51774], [150.34473, -9.51542], [150.34559, -9.51268], [150.34529, -9.51023], [150.34556, -9.50735], [150.34643, -9.50619], [150.34874, -9.50531], [150.34989, -9.50415], [150.35075, -9.50214], [150.34957, -9.4994], [150.35015, -9.49767], [150.3533, -9.49362], [150.35617, -9.48799], [150.35776, -9.48697], [150.35992, -9.48653], [150.36137, -9.48537], [150.36223, -9.48392], [150.36193, -9.48119], [150.3622, -9.47874], [150.3645, -9.47469], [150.36449, -9.47325], [150.36361, -9.4721], [150.36217, -9.47211], [150.36129, -9.47125], [150.361, -9.4701], [150.35955, -9.46924], [150.35695, -9.46983], [150.3555, -9.46926], [150.35434, -9.4684], [150.35116, -9.46899], [150.34914, -9.47101], [150.34871, -9.47203], [150.34858, -9.47448], [150.34656, -9.47621], [150.34599, -9.47795], [150.34484, -9.47795], [150.34425, -9.47709], [150.34454, -9.47594], [150.34337, -9.47421], [150.34393, -9.47075], [150.34335, -9.46989], [150.3422, -9.47018], [150.34032, -9.47235], [150.33873, -9.47221], [150.33292, -9.46619], [150.33261, -9.46389], [150.3329, -9.46216], [150.33376, -9.46129], [150.33873, -9.4576], [150.34255, -9.45447], [150.34471, -9.45172], [150.34513, -9.44985], [150.34567, -9.44178], [150.34666, -9.43745], [150.3465, -9.43428], [150.34721, -9.43183], [150.35412, -9.4256], [150.35642, -9.42228], [150.35801, -9.42155], [150.3645, -9.41935], [150.36594, -9.41819], [150.3691, -9.41299], [150.36938, -9.41126], [150.37024, -9.41011], [150.37081, -9.40808], [150.37339, -9.4036], [150.37684, -9.39956], [150.37885, -9.39623], [150.37942, -9.39392], [150.38187, -9.39276], [150.38374, -9.39116], [150.38546, -9.38871], [150.38546, -9.38784], [150.38314, -9.38613], [150.37995, -9.38528], [150.37807, -9.38399], [150.37384, -9.37896], [150.36805, -9.37582], [150.36718, -9.37583], [150.36369, -9.37325], [150.36165, -9.37066], [150.3615, -9.36966], [150.36162, -9.36823], [150.36178, -9.3662], [150.36317, -9.36223], [150.36378, -9.36071], [150.3637, -9.35712], [150.363, -9.35049], [150.35774, -9.34086], [150.35602, -9.3387], [150.35453, -9.33352], [150.35477, -9.32663], [150.35419, -9.32387], [150.35141, -9.31754], [150.35008, -9.31222], [150.34921, -9.31064], [150.346, -9.3059], [150.34452, -9.29755], [150.34073, -9.29209], [150.33938, -9.28331], [150.33828, -9.28], [150.33658, -9.27251], [150.33542, -9.2705], [150.33339, -9.26907], [150.32991, -9.26794], [150.3244, -9.26335], [150.32178, -9.26005], [150.31926, -9.25523], [150.31798, -9.25128], [150.31652, -9.24883], [150.31303, -9.24482], [150.31041, -9.24094], [150.30925, -9.24037], [150.30781, -9.24095], [150.30753, -9.24181], [150.30594, -9.24341], [150.30438, -9.24399], [150.30059, -9.24156], [150.2987, -9.24171], [150.29654, -9.24273], [150.29481, -9.24274], [150.29365, -9.24188], [150.29306, -9.239], [150.29073, -9.23642], [150.28552, -9.23471], [150.28378, -9.23299], [150.28188, -9.22997], [150.28014, -9.22825], [150.27969, -9.22407], [150.27823, -9.22206], [150.27822, -9.21947], [150.27764, -9.2189], [150.27532, -9.21833], [150.27475, -9.21776], [150.27445, -9.21689], [150.27329, -9.21575], [150.26751, -9.21549], [150.26446, -9.21377], [150.2588, -9.20947], [150.25565, -9.20985], [150.25188, -9.21094], [150.2513, -9.21037], [150.251, -9.20922], [150.25013, -9.20836], [150.24897, -9.20836], [150.24725, -9.21067], [150.24575, -9.21082], [150.24133, -9.21084], [150.23915, -9.21042], [150.23799, -9.20927], [150.2377, -9.20783], [150.23668, -9.20683], [150.23394, -9.2067], [150.23277, -9.20555], [150.23219, -9.20411], [150.23218, -9.20238], [150.23274, -9.19777]]], [[[152.94746, -9.18865], [152.94774, -9.18821], [152.94772, -9.18773], [152.94748, -9.18746], [152.94695, -9.18744], [152.94645, -9.18761], [152.94631, -9.18783], [152.94627, -9.18824], [152.94669, -9.1886], [152.94688, -9.18872], [152.94746, -9.18865]]], [[[150.99097, -9.16929], [150.99109, -9.16883], [150.99097, -9.16842], [150.98952, -9.16843], [150.98923, -9.16872], [150.98929, -9.16906], [150.98953, -9.1693], [150.99097, -9.16929]]], [[[150.97795, -9.16679], [150.97821, -9.16653], [150.97823, -9.1662], [150.97708, -9.16593], [150.97679, -9.16622], [150.97708, -9.16679], [150.97752, -9.16689], [150.97795, -9.16679]]], [[[152.42326, -9.15904], [152.42382, -9.15842], [152.4242, -9.15789], [152.42458, -9.15687], [152.42413, -9.15628], [152.42251, -9.15638], [152.4216, -9.15759], [152.42204, -9.1591], [152.42326, -9.15904]]], [[[150.77333, -9.12261], [150.77345, -9.12213], [150.77332, -9.12146], [150.7729, -9.12131], [150.77246, -9.12146], [150.77202, -9.12181], [150.77193, -9.12234], [150.77218, -9.12262], [150.77333, -9.12261]]], [[[150.77471, -9.11194], [150.7747, -9.11108], [150.77383, -9.11022], [150.77355, -9.11108], [150.77368, -9.11151], [150.77413, -9.11194], [150.77471, -9.11194]]], [[[151.04282, -9.10812], [151.04281, -9.10697], [151.04166, -9.10698], [151.04109, -9.10756], [151.04138, -9.10813], [151.04282, -9.10812]]], [[[152.42222, -9.11279], [152.42288, -9.11132], [152.42292, -9.11003], [152.42333, -9.1087], [152.42413, -9.10723], [152.42498, -9.10639], [152.42556, -9.10544], [152.42622, -9.10216], [152.42624, -9.10074], [152.42759, -9.09613], [152.42741, -9.09381], [152.42668, -9.09271], [152.42604, -9.09275], [152.42504, -9.09334], [152.42416, -9.09452], [152.42369, -9.09576], [152.42288, -9.09766], [152.42254, -9.09996], [152.42254, -9.10173], [152.42119, -9.10909], [152.42107, -9.11087], [152.42134, -9.11197], [152.4217, -9.11283], [152.42222, -9.11279]]], [[[150.90946, -9.08571], [150.90945, -9.08456], [150.9083, -9.08457], [150.90801, -9.08515], [150.90835, -9.08548], [150.90888, -9.08572], [150.90946, -9.08571]]], [[[150.8089, -9.08291], [150.80918, -9.08249], [150.80905, -9.08225], [150.80803, -9.08205], [150.80774, -9.08234], [150.80803, -9.08292], [150.8089, -9.08291]]], [[[150.63373, -9.06899], [150.63372, -9.06784], [150.63257, -9.06784], [150.63238, -9.06799], [150.63228, -9.06842], [150.63315, -9.06899], [150.63373, -9.06899]]], [[[150.79345, -9.06342], [150.7936, -9.06327], [150.79374, -9.06284], [150.79258, -9.06256], [150.79229, -9.06285], [150.79259, -9.06342], [150.79345, -9.06342]]], [[[150.69509, -9.04126], [150.69508, -9.03982], [150.69461, -9.03971], [150.69422, -9.03983], [150.69394, -9.04127], [150.69509, -9.04126]]], [[[150.69226, -9.02774], [150.69269, -9.02716], [150.69182, -9.02687], [150.69158, -9.02704], [150.6916, -9.02739], [150.69183, -9.02774], [150.69226, -9.02774]]], [[[150.92233, -9.02599], [150.92249, -9.02582], [150.92261, -9.02541], [150.9222, -9.02493], [150.92177, -9.02479], [150.92116, -9.02484], [150.92089, -9.02524], [150.92108, -9.02561], [150.92175, -9.02599], [150.92233, -9.02599]]], [[[150.74868, -9.01904], [150.74879, -9.01872], [150.74867, -9.01789], [150.7478, -9.01789], [150.74723, -9.01847], [150.74738, -9.0189], [150.7477, -9.01907], [150.74868, -9.01904]]], [[[150.85856, -9.0124], [150.85896, -9.01027], [150.8578, -9.01028], [150.85723, -9.01115], [150.8584, -9.01258], [150.85856, -9.0124]]], [[[150.79495, -9.00601], [150.79509, -9.00579], [150.79469, -9.00528], [150.79394, -9.00522], [150.79365, -9.0058], [150.79423, -9.00637], [150.79495, -9.00601]]], [[[150.68262, -8.9866], [150.68203, -8.98602], [150.68146, -8.98603], [150.68089, -8.98689], [150.68176, -8.98746], [150.68262, -8.9866]]], [[[152.60169, -8.9834], [152.60024, -8.98333], [152.59813, -8.98459], [152.59662, -8.98521], [152.59341, -8.98562], [152.58586, -8.98581], [152.58365, -8.98684], [152.58181, -8.98674], [152.58064, -8.98622], [152.5796, -8.98646], [152.57894, -8.98749], [152.57766, -8.98859], [152.57593, -8.98943], [152.57213, -8.98985], [152.568, -8.98912], [152.5633, -8.98921], [152.55951, -8.98833], [152.55701, -8.98852], [152.55564, -8.98929], [152.55501, -8.99002], [152.5551, -8.99124], [152.55154, -8.99464], [152.54974, -8.99564], [152.54623, -8.99657], [152.54448, -8.99639], [152.53846, -8.9943], [152.53681, -8.99338], [152.53528, -8.992], [152.53385, -8.99149], [152.52698, -8.99271], [152.52505, -8.99286], [152.52332, -8.99218], [152.52228, -8.99072], [152.52144, -8.99062], [152.51972, -8.99164], [152.51779, -8.99215], [152.51367, -8.99245], [152.51076, -8.99448], [152.50756, -8.99608], [152.50651, -8.99706], [152.50477, -9.00037], [152.50332, -9.00233], [152.50166, -9.00515], [152.50035, -9.0075], [152.49965, -9.00924], [152.49686, -9.0136], [152.49563, -9.01464], [152.49418, -9.01533], [152.4928, -9.01679], [152.49121, -9.01952], [152.48773, -9.02349], [152.48314, -9.02966], [152.48317, -9.03023], [152.48339, -9.03123], [152.48383, -9.03186], [152.48347, -9.03297], [152.47863, -9.03295], [152.47754, -9.03324], [152.4763, -9.03422], [152.47457, -9.03613], [152.47342, -9.03663], [152.46809, -9.03707], [152.46694, -9.03735], [152.46607, -9.03828], [152.46696, -9.04126], [152.46989, -9.04475], [152.47134, -9.04525], [152.47371, -9.04567], [152.47609, -9.04562], [152.4784, -9.04528], [152.48234, -9.04342], [152.48477, -9.0429], [152.48829, -9.04272], [152.49035, -9.04299], [152.49154, -9.04295], [152.49304, -9.04254], [152.49691, -9.0409], [152.49822, -9.04076], [152.50423, -9.03929], [152.50561, -9.03864], [152.5062, -9.03729], [152.50657, -9.03686], [152.50736, -9.03667], [152.50817, -9.03688], [152.50921, -9.03802], [152.51045, -9.03853], [152.51306, -9.0402], [152.51518, -9.04051], [152.51631, -9.04102], [152.5174, -9.04205], [152.518, -9.04345], [152.51864, -9.04408], [152.52445, -9.04514], [152.52783, -9.04551], [152.52887, -9.04511], [152.52908, -9.04407], [152.52866, -9.04347], [152.52784, -9.04309], [152.52674, -9.04305], [152.52582, -9.04325], [152.52499, -9.04278], [152.52382, -9.04141], [152.5216, -9.03952], [152.52085, -9.03726], [152.52146, -9.03655], [152.52212, -9.03628], [152.52273, -9.03672], [152.52311, -9.03722], [152.52311, -9.03824], [152.52395, -9.03959], [152.52501, -9.04021], [152.52625, -9.04069], [152.52801, -9.04203], [152.52853, -9.04212], [152.52953, -9.04125], [152.52936, -9.04073], [152.52889, -9.03984], [152.5273, -9.03797], [152.52665, -9.03643], [152.52659, -9.03564], [152.52681, -9.0351], [152.52762, -9.03497], [152.52802, -9.03524], [152.52997, -9.03817], [152.53045, -9.0392], [152.53066, -9.04033], [152.53141, -9.04191], [152.53269, -9.04361], [152.53369, -9.04453], [152.53486, -9.04529], [152.53637, -9.0458], [152.53723, -9.04573], [152.53841, -9.04596], [152.54093, -9.0459], [152.5421, -9.04689], [152.54293, -9.04813], [152.5443, -9.04928], [152.54677, -9.0509], [152.55074, -9.05305], [152.55215, -9.05406], [152.55287, -9.05563], [152.55385, -9.0567], [152.55479, -9.05641], [152.55471, -9.05324], [152.55548, -9.05148], [152.55837, -9.05009], [152.55833, -9.05064], [152.55755, -9.0529], [152.55835, -9.05613], [152.5603, -9.05917], [152.56187, -9.06051], [152.56497, -9.06436], [152.56754, -9.06825], [152.56785, -9.06921], [152.57039, -9.07244], [152.57302, -9.07432], [152.57443, -9.07499], [152.57663, -9.0757], [152.57887, -9.07581], [152.58018, -9.07557], [152.58221, -9.07507], [152.58535, -9.07344], [152.58718, -9.07224], [152.59022, -9.07102], [152.5946, -9.06866], [152.59713, -9.06812], [152.59796, -9.06859], [152.598, -9.07269], [152.59879, -9.07436], [152.5995, -9.07669], [152.60079, -9.07922], [152.60343, -9.08317], [152.60468, -9.08467], [152.60695, -9.08713], [152.60996, -9.08992], [152.6128, -9.09169], [152.61408, -9.09207], [152.61586, -9.09204], [152.61821, -9.09172], [152.62067, -9.09074], [152.62293, -9.09071], [152.6231, -9.09122], [152.62287, -9.09164], [152.6225, -9.09207], [152.62174, -9.09252], [152.62126, -9.09335], [152.62105, -9.09399], [152.62123, -9.09477], [152.62205, -9.09553], [152.62433, -9.09661], [152.62488, -9.09726], [152.62601, -9.10019], [152.62691, -9.10156], [152.63092, -9.10482], [152.63383, -9.10815], [152.63691, -9.10981], [152.64092, -9.11004], [152.64257, -9.11087], [152.64417, -9.11238], [152.64495, -9.11291], [152.6469, -9.11412], [152.6485, -9.1148], [152.65007, -9.11505], [152.65246, -9.115], [152.6543, -9.1146], [152.65569, -9.1137], [152.65749, -9.1129], [152.65864, -9.11194], [152.65986, -9.11061], [152.66069, -9.10935], [152.66116, -9.10494], [152.66164, -9.10425], [152.66277, -9.10352], [152.66454, -9.10218], [152.66571, -9.10169], [152.67179, -9.09996], [152.67314, -9.09968], [152.67403, -9.09908], [152.67483, -9.09819], [152.67484, -9.0966], [152.67519, -9.09591], [152.67747, -9.09441], [152.67929, -9.09375], [152.68002, -9.0929], [152.68138, -9.08975], [152.68199, -9.08905], [152.68327, -9.08842], [152.68853, -9.08749], [152.68979, -9.08647], [152.6911, -9.08624], [152.69204, -9.08643], [152.6933, -9.08714], [152.69557, -9.08723], [152.69716, -9.08711], [152.6999, -9.08823], [152.7009, -9.08908], [152.70195, -9.0906], [152.7021, -9.0926], [152.7025, -9.09436], [152.70154, -9.09579], [152.70126, -9.09727], [152.70131, -9.09806], [152.70164, -9.09883], [152.70263, -9.09956], [152.70359, -9.09988], [152.70417, -9.1005], [152.70441, -9.10194], [152.70419, -9.10248], [152.70299, -9.10257], [152.70171, -9.10148], [152.70076, -9.10129], [152.69956, -9.10124], [152.69533, -9.10169], [152.69416, -9.10204], [152.69391, -9.10232], [152.6905, -9.10285], [152.68846, -9.10419], [152.68683, -9.10454], [152.68603, -9.10447], [152.68494, -9.10415], [152.68396, -9.10356], [152.68234, -9.10342], [152.68183, -9.10359], [152.68084, -9.1046], [152.67842, -9.10782], [152.6774, -9.10843], [152.67325, -9.11266], [152.67166, -9.1135], [152.67116, -9.11393], [152.67094, -9.11461], [152.6711, -9.11585], [152.66978, -9.12039], [152.66893, -9.12139], [152.6679, -9.12358], [152.66714, -9.12417], [152.6664, -9.12502], [152.66623, -9.12623], [152.66631, -9.12728], [152.66694, -9.12856], [152.66733, -9.13025], [152.66741, -9.1313], [152.66489, -9.13559], [152.66448, -9.13749], [152.66513, -9.13982], [152.66645, -9.14144], [152.66721, -9.14271], [152.66803, -9.14305], [152.66897, -9.14311], [152.66947, -9.14268], [152.6698, -9.14135], [152.67084, -9.14054], [152.67406, -9.14027], [152.6768, -9.13921], [152.67772, -9.13901], [152.6792, -9.13917], [152.68129, -9.14047], [152.68247, -9.14197], [152.68369, -9.144], [152.68495, -9.14483], [152.68673, -9.14549], [152.69275, -9.14584], [152.69348, -9.14658], [152.69378, -9.14869], [152.69386, -9.15172], [152.69432, -9.15248], [152.69489, -9.15296], [152.69543, -9.15306], [152.69622, -9.15349], [152.69772, -9.15393], [152.69955, -9.15398], [152.70009, -9.15376], [152.70138, -9.15231], [152.70628, -9.15095], [152.70686, -9.15167], [152.70744, -9.15324], [152.70406, -9.1535], [152.70322, -9.15373], [152.70172, -9.15436], [152.7007, -9.15533], [152.69945, -9.15603], [152.69846, -9.15599], [152.69696, -9.15522], [152.69611, -9.15506], [152.69602, -9.15625], [152.69665, -9.15748], [152.69744, -9.15803], [152.69854, -9.15822], [152.69993, -9.15778], [152.70248, -9.15644], [152.70462, -9.15608], [152.70571, -9.15613], [152.70662, -9.15647], [152.70791, -9.15745], [152.70888, -9.15852], [152.70915, -9.15951], [152.70882, -9.16048], [152.70821, -9.16147], [152.70699, -9.16231], [152.70533, -9.16277], [152.70415, -9.16333], [152.7031, -9.16454], [152.7047, -9.16485], [152.70534, -9.16523], [152.70781, -9.16762], [152.70852, -9.16864], [152.70911, -9.17013], [152.7093, -9.17195], [152.70904, -9.1741], [152.7083, -9.17666], [152.70779, -9.17765], [152.70725, -9.17822], [152.70569, -9.17902], [152.70481, -9.17965], [152.70323, -9.1816], [152.70212, -9.18373], [152.70105, -9.18464], [152.70027, -9.18508], [152.69933, -9.18536], [152.69702, -9.18549], [152.69539, -9.1858], [152.69374, -9.18571], [152.69293, -9.18538], [152.69201, -9.18461], [152.69135, -9.18446], [152.69048, -9.18481], [152.68939, -9.18587], [152.68806, -9.1866], [152.68657, -9.18671], [152.68529, -9.18604], [152.68437, -9.1858], [152.68295, -9.18616], [152.68077, -9.18912], [152.67776, -9.19149], [152.67703, -9.19161], [152.67598, -9.19095], [152.67557, -9.19051], [152.6749, -9.19044], [152.67436, -9.19067], [152.67247, -9.1921], [152.67201, -9.19243], [152.67033, -9.1927], [152.66971, -9.19341], [152.66949, -9.19391], [152.66939, -9.19451], [152.66955, -9.19866], [152.66956, -9.19903], [152.66925, -9.19963], [152.66877, -9.19992], [152.66812, -9.19972], [152.66766, -9.19909], [152.66721, -9.19751], [152.66647, -9.19605], [152.66541, -9.1948], [152.66451, -9.19318], [152.66387, -9.19112], [152.66285, -9.18888], [152.66227, -9.18568], [152.66143, -9.18478], [152.66074, -9.18454], [152.66036, -9.18494], [152.66031, -9.18564], [152.66041, -9.18752], [152.66013, -9.18845], [152.65948, -9.18976], [152.65877, -9.19062], [152.65822, -9.19077], [152.65761, -9.19067], [152.65673, -9.19014], [152.65625, -9.18944], [152.65591, -9.18772], [152.65507, -9.18634], [152.65458, -9.18602], [152.65409, -9.18599], [152.65244, -9.18661], [152.65209, -9.18656], [152.65145, -9.18615], [152.65104, -9.18527], [152.65069, -9.184], [152.65032, -9.18137], [152.65035, -9.18042], [152.65126, -9.17653], [152.65121, -9.17598], [152.65039, -9.17443], [152.6505, -9.17396], [152.65082, -9.17355], [152.65171, -9.17317], [152.65307, -9.1731], [152.65497, -9.17338], [152.65562, -9.17267], [152.65679, -9.1709], [152.65879, -9.169], [152.6601, -9.16816], [152.66166, -9.16777], [152.66227, -9.16737], [152.66335, -9.16634], [152.66358, -9.16559], [152.66345, -9.16525], [152.66307, -9.16496], [152.66253, -9.16486], [152.66149, -9.16497], [152.65699, -9.16611], [152.65589, -9.16648], [152.65392, -9.16746], [152.65315, -9.16752], [152.65208, -9.16729], [152.6503, -9.16759], [152.649, -9.16678], [152.64826, -9.16666], [152.6477, -9.16681], [152.64651, -9.16788], [152.64485, -9.17024], [152.64445, -9.17088], [152.644, -9.17284], [152.64415, -9.17903], [152.64383, -9.17993], [152.64171, -9.18226], [152.64172, -9.18285], [152.64269, -9.18495], [152.643, -9.18623], [152.64333, -9.18683], [152.64689, -9.19158], [152.64943, -9.19388], [152.65116, -9.19575], [152.65163, -9.19634], [152.65189, -9.19699], [152.65228, -9.2017], [152.65256, -9.20262], [152.65299, -9.20318], [152.65375, -9.20386], [152.65581, -9.20409], [152.6565, -9.20443], [152.65798, -9.20586], [152.65847, -9.20614], [152.66039, -9.20647], [152.66135, -9.20711], [152.66163, -9.2079], [152.66192, -9.2089], [152.66247, -9.20973], [152.66318, -9.21006], [152.6665, -9.20821], [152.66728, -9.20889], [152.66854, -9.20937], [152.66933, -9.20951], [152.66993, -9.20907], [152.67082, -9.20799], [152.67159, -9.20788], [152.67283, -9.21075], [152.67373, -9.21233], [152.67466, -9.21367], [152.67493, -9.21398], [152.67667, -9.21502], [152.67796, -9.21535], [152.68229, -9.2159], [152.68536, -9.2165], [152.68953, -9.21822], [152.69024, -9.21856], [152.69143, -9.21881], [152.6954, -9.2189], [152.69847, -9.21969], [152.70022, -9.22033], [152.70135, -9.22092], [152.70463, -9.22315], [152.70554, -9.22352], [152.70634, -9.22357], [152.70792, -9.22398], [152.71104, -9.22572], [152.71222, -9.22579], [152.71439, -9.22557], [152.71616, -9.22623], [152.71722, -9.2269], [152.71809, -9.22779], [152.71847, -9.22861], [152.71865, -9.22966], [152.71904, -9.23048], [152.71974, -9.23122], [152.72011, -9.23258], [152.72168, -9.23989], [152.72304, -9.24457], [152.72333, -9.24693], [152.7237, -9.24765], [152.72432, -9.24877], [152.72798, -9.25259], [152.73164, -9.25571], [152.73314, -9.2573], [152.73404, -9.25988], [152.73443, -9.26007], [152.735, -9.25992], [152.73546, -9.25957], [152.73589, -9.259], [152.73605, -9.2583], [152.73655, -9.25784], [152.73729, -9.25773], [152.73962, -9.25878], [152.7403, -9.25867], [152.74098, -9.25846], [152.7425, -9.25734], [152.74319, -9.2566], [152.74361, -9.25588], [152.74382, -9.25299], [152.744, -9.25245], [152.74491, -9.25121], [152.74513, -9.25056], [152.74524, -9.24986], [152.74505, -9.24876], [152.74508, -9.24775], [152.74543, -9.24533], [152.74725, -9.24191], [152.748, -9.23554], [152.74788, -9.23038], [152.74799, -9.22967], [152.7487, -9.22848], [152.74952, -9.22609], [152.7504, -9.22414], [152.75049, -9.22308], [152.75018, -9.22241], [152.7495, -9.22167], [152.7486, -9.2213], [152.74789, -9.22127], [152.74378, -9.22289], [152.74248, -9.22316], [152.74098, -9.22319], [152.73477, -9.22032], [152.73293, -9.21932], [152.73163, -9.21837], [152.73067, -9.21739], [152.72893, -9.21305], [152.72696, -9.21128], [152.72632, -9.21], [152.72608, -9.20846], [152.72623, -9.20659], [152.72747, -9.20412], [152.72854, -9.203], [152.72953, -9.20227], [152.73205, -9.20156], [152.73292, -9.20097], [152.7338, -9.20021], [152.73494, -9.19867], [152.73707, -9.1973], [152.73803, -9.19525], [152.73815, -9.19368], [152.7378, -9.18996], [152.73814, -9.18886], [152.73823, -9.18685], [152.73809, -9.18454], [152.73749, -9.18248], [152.7363, -9.18106], [152.73357, -9.17922], [152.73179, -9.17779], [152.73248, -9.17419], [152.73664, -9.17462], [152.74161, -9.17855], [152.74208, -9.1797], [152.74299, -9.18337], [152.74492, -9.18842], [152.74662, -9.19465], [152.7475, -9.19651], [152.74882, -9.19855], [152.74958, -9.20027], [152.75262, -9.20271], [152.7534, -9.20354], [152.75343, -9.20539], [152.75382, -9.2067], [152.75496, -9.20752], [152.75585, -9.20852], [152.7561, -9.20943], [152.75611, -9.2106], [152.75585, -9.212], [152.75534, -9.21342], [152.75497, -9.21676], [152.75439, -9.21833], [152.75408, -9.21956], [152.75414, -9.21989], [152.75431, -9.22071], [152.75481, -9.22147], [152.75742, -9.22336], [152.75972, -9.22426], [152.76281, -9.22498], [152.7656, -9.22622], [152.76826, -9.227], [152.77061, -9.22744], [152.77281, -9.22744], [152.77382, -9.22725], [152.7745, -9.22688], [152.77478, -9.22631], [152.77463, -9.22581], [152.77296, -9.22415], [152.77269, -9.22344], [152.77316, -9.22286], [152.77636, -9.22255], [152.77702, -9.22202], [152.7774, -9.2213], [152.77777, -9.21997], [152.77778, -9.21858], [152.77813, -9.21673], [152.77828, -9.21245], [152.77875, -9.20992], [152.77937, -9.20881], [152.7801, -9.20891], [152.78049, -9.21026], [152.78144, -9.21148], [152.78361, -9.21206], [152.7843, -9.21206], [152.78476, -9.21262], [152.78472, -9.21385], [152.78378, -9.21599], [152.78352, -9.21887], [152.78261, -9.22143], [152.78244, -9.22308], [152.78269, -9.22475], [152.78365, -9.22563], [152.78384, -9.22603], [152.78391, -9.22734], [152.78335, -9.22827], [152.78318, -9.22938], [152.78429, -9.23211], [152.78284, -9.23415], [152.78232, -9.23469], [152.78226, -9.23602], [152.78322, -9.23742], [152.78415, -9.23788], [152.7855, -9.23782], [152.7865, -9.23938], [152.78708, -9.23985], [152.7877, -9.24008], [152.78948, -9.24014], [152.7903, -9.23973], [152.79112, -9.23844], [152.79128, -9.23764], [152.79086, -9.23672], [152.79031, -9.23614], [152.79054, -9.23244], [152.7913, -9.23162], [152.79285, -9.23126], [152.7946, -9.23219], [152.79617, -9.23378], [152.79671, -9.23408], [152.79799, -9.23424], [152.80009, -9.23354], [152.80154, -9.23391], [152.80353, -9.23642], [152.80488, -9.23863], [152.80543, -9.24001], [152.80567, -9.24103], [152.80575, -9.24341], [152.80518, -9.24574], [152.80507, -9.2462], [152.8053, -9.24877], [152.80685, -9.25256], [152.80731, -9.2534], [152.8079, -9.25401], [152.81079, -9.25471], [152.81378, -9.25459], [152.81884, -9.25367], [152.82001, -9.25326], [152.82029, -9.25244], [152.82036, -9.25138], [152.82105, -9.25095], [152.82264, -9.2528], [152.82711, -9.25616], [152.82794, -9.25802], [152.82819, -9.25883], [152.82819, -9.25958], [152.82833, -9.2605], [152.8295, -9.26157], [152.83061, -9.26191], [152.83243, -9.262], [152.83528, -9.26142], [152.83653, -9.26087], [152.83916, -9.25971], [152.84173, -9.25759], [152.84279, -9.25627], [152.84494, -9.25407], [152.84618, -9.25326], [152.84814, -9.25246], [152.85137, -9.25207], [152.85492, -9.25202], [152.85692, -9.25226], [152.85952, -9.25215], [152.86134, -9.25223], [152.86664, -9.25268], [152.87018, -9.25321], [152.87207, -9.2533], [152.8751, -9.25319], [152.88055, -9.25159], [152.88334, -9.25077], [152.88448, -9.25057], [152.88556, -9.25062], [152.8875, -9.25033], [152.89454, -9.24844], [152.89754, -9.24811], [152.89933, -9.24696], [152.90049, -9.24651], [152.90193, -9.24624], [152.90254, -9.24566], [152.90343, -9.24245], [152.90728, -9.23958], [152.90864, -9.23738], [152.91057, -9.23594], [152.91252, -9.23496], [152.91478, -9.2317], [152.91535, -9.23115], [152.91616, -9.23051], [152.91726, -9.23016], [152.91879, -9.22998], [152.92211, -9.22986], [152.92467, -9.2302], [152.92549, -9.22954], [152.92509, -9.22871], [152.92498, -9.22805], [152.92525, -9.22724], [152.92588, -9.22672], [152.92667, -9.22653], [152.92802, -9.22676], [152.93213, -9.22645], [152.93347, -9.22555], [152.93456, -9.22507], [152.93555, -9.22486], [152.93809, -9.22487], [152.94232, -9.22607], [152.94363, -9.22664], [152.94623, -9.22837], [152.94909, -9.23094], [152.95316, -9.23521], [152.95399, -9.23647], [152.9545, -9.2379], [152.95458, -9.23893], [152.95322, -9.24052], [152.95269, -9.24145], [152.95253, -9.24279], [152.95261, -9.2438], [152.95417, -9.24518], [152.95584, -9.24565], [152.95715, -9.24717], [152.95789, -9.24906], [152.9585, -9.25122], [152.95883, -9.25548], [152.95952, -9.25676], [152.96041, -9.2567], [152.96133, -9.25707], [152.96252, -9.25731], [152.96374, -9.25721], [152.96462, -9.25627], [152.96643, -9.25383], [152.96833, -9.25328], [152.97064, -9.25178], [152.97203, -9.24963], [152.97361, -9.24592], [152.97479, -9.24436], [152.97562, -9.24274], [152.97363, -9.23923], [152.97125, -9.23251], [152.96728, -9.22709], [152.95858, -9.21887], [152.95532, -9.2166], [152.95137, -9.21262], [152.95043, -9.212], [152.94882, -9.21133], [152.94425, -9.21121], [152.94246, -9.21038], [152.94145, -9.20934], [152.94069, -9.20809], [152.94069, -9.20437], [152.94052, -9.20332], [152.93821, -9.20062], [152.93665, -9.19985], [152.9348, -9.19943], [152.93341, -9.19963], [152.93228, -9.19949], [152.93011, -9.19807], [152.92845, -9.19764], [152.92686, -9.19767], [152.92651, -9.19806], [152.92664, -9.19852], [152.92815, -9.19972], [152.92855, -9.20028], [152.92869, -9.20078], [152.92841, -9.20118], [152.92668, -9.2019], [152.92313, -9.20213], [152.92081, -9.20164], [152.91688, -9.20042], [152.91485, -9.19961], [152.91267, -9.1982], [152.91024, -9.19741], [152.9088, -9.19751], [152.90733, -9.19786], [152.90674, -9.19767], [152.90654, -9.19729], [152.90653, -9.19654], [152.90677, -9.19577], [152.90725, -9.19523], [152.90796, -9.19483], [152.90994, -9.19468], [152.91056, -9.19466], [152.91138, -9.19417], [152.91287, -9.1929], [152.91402, -9.19236], [152.9157, -9.19206], [152.91766, -9.19206], [152.92133, -9.19249], [152.92278, -9.19291], [152.92447, -9.19287], [152.9255, -9.19232], [152.92683, -9.1915], [152.92825, -9.19002], [152.92836, -9.18871], [152.92756, -9.18738], [152.92736, -9.18605], [152.92853, -9.18436], [152.92949, -9.18311], [152.93183, -9.18177], [152.9339, -9.1811], [152.93663, -9.17984], [152.93848, -9.17854], [152.94101, -9.17723], [152.94468, -9.17595], [152.94544, -9.17537], [152.9463, -9.17503], [152.94764, -9.17502], [152.94969, -9.17858], [152.95034, -9.18012], [152.95125, -9.18319], [152.95139, -9.18457], [152.95195, -9.18591], [152.95374, -9.1875], [152.9569, -9.18972], [152.96009, -9.19106], [152.96359, -9.19321], [152.96555, -9.19551], [152.96708, -9.19689], [152.96915, -9.19796], [152.97208, -9.19869], [152.97497, -9.19927], [152.97721, -9.19993], [152.97835, -9.20012], [152.97971, -9.20002], [152.98111, -9.19855], [152.98274, -9.1964], [152.98797, -9.19163], [152.99401, -9.18477], [152.9951, -9.18291], [152.99477, -9.18226], [152.99361, -9.18139], [152.99124, -9.18076], [152.98792, -9.18033], [152.98578, -9.17926], [152.98455, -9.17745], [152.98495, -9.17375], [152.98603, -9.16999], [152.98822, -9.16642], [152.99163, -9.16275], [152.99534, -9.15934], [152.99855, -9.15664], [153.00028, -9.15551], [153.00156, -9.15533], [153.00285, -9.15571], [153.00384, -9.15571], [153.00556, -9.1557], [153.00883, -9.15627], [153.01208, -9.15644], [153.01406, -9.15737], [153.01656, -9.1598], [153.01756, -9.1601], [153.0198, -9.16033], [153.02094, -9.16063], [153.02357, -9.16169], [153.02426, -9.16177], [153.02451, -9.16148], [153.02446, -9.16094], [153.02416, -9.16042], [153.0202, -9.15848], [153.0181, -9.15652], [153.01649, -9.1546], [153.01531, -9.15378], [153.01124, -9.15182], [153.00871, -9.15002], [153.00663, -9.14786], [153.00455, -9.1465], [153.00294, -9.14584], [153.00045, -9.14397], [152.99856, -9.14324], [152.99461, -9.14135], [152.9922, -9.14059], [152.98927, -9.14002], [152.98712, -9.13915], [152.98475, -9.13716], [152.9825, -9.13586], [152.97973, -9.13484], [152.97749, -9.13357], [152.97702, -9.13267], [152.97675, -9.13114], [152.97705, -9.12936], [152.97724, -9.12469], [152.97677, -9.12238], [152.97476, -9.12242], [152.97412, -9.12461], [152.97274, -9.12765], [152.97125, -9.1294], [152.96981, -9.13054], [152.96792, -9.13081], [152.96584, -9.13045], [152.96249, -9.12883], [152.96084, -9.12776], [152.95898, -9.12567], [152.95692, -9.12434], [152.95463, -9.12431], [152.95307, -9.125], [152.95129, -9.12634], [152.94921, -9.12716], [152.94738, -9.12663], [152.94641, -9.12564], [152.94589, -9.12407], [152.94559, -9.12219], [152.94585, -9.12007], [152.94695, -9.11518], [152.94826, -9.11036], [152.94825, -9.10831], [152.94749, -9.10565], [152.94878, -9.09807], [152.94949, -9.0954], [152.95014, -9.09139], [152.95031, -9.08807], [152.94972, -9.08507], [152.94886, -9.084], [152.94752, -9.08348], [152.94169, -9.08388], [152.93896, -9.08373], [152.9362, -9.0832], [152.93446, -9.08242], [152.9334, -9.0818], [152.92777, -9.07767], [152.91914, -9.06917], [152.91811, -9.0686], [152.91721, -9.0686], [152.91606, -9.06938], [152.91446, -9.07082], [152.91207, -9.07183], [152.90928, -9.07233], [152.90757, -9.07288], [152.90294, -9.07699], [152.90222, -9.07753], [152.90114, -9.07804], [152.89923, -9.08013], [152.89811, -9.082], [152.89539, -9.084], [152.89299, -9.08515], [152.89208, -9.08533], [152.89066, -9.08586], [152.88845, -9.08594], [152.88665, -9.08556], [152.88511, -9.08483], [152.88378, -9.08357], [152.88026, -9.07573], [152.8794, -9.07477], [152.876, -9.07324], [152.87372, -9.07247], [152.87219, -9.07236], [152.87099, -9.07261], [152.86866, -9.07417], [152.86784, -9.07432], [152.86629, -9.07393], [152.86514, -9.07388], [152.86038, -9.0745], [152.85939, -9.0744], [152.85867, -9.0741], [152.85646, -9.07282], [152.85436, -9.07208], [152.85262, -9.071], [152.85056, -9.07031], [152.84632, -9.07038], [152.84328, -9.07133], [152.84012, -9.07298], [152.83755, -9.07339], [152.83649, -9.07271], [152.83461, -9.07017], [152.83379, -9.06773], [152.83345, -9.06561], [152.8328, -9.05885], [152.83166, -9.05395], [152.83154, -9.05235], [152.83193, -9.05035], [152.83295, -9.04723], [152.83421, -9.04499], [152.83443, -9.04278], [152.83435, -9.04115], [152.83431, -9.04029], [152.83371, -9.03841], [152.83289, -9.03705], [152.83262, -9.03349], [152.83213, -9.03168], [152.83148, -9.03082], [152.82906, -9.02911], [152.82675, -9.02798], [152.82442, -9.02712], [152.82154, -9.02599], [152.81676, -9.02497], [152.81487, -9.02519], [152.8141, -9.0251], [152.81317, -9.02469], [152.81227, -9.02386], [152.81102, -9.02209], [152.81042, -9.02158], [152.80978, -9.02135], [152.80909, -9.0214], [152.80842, -9.0218], [152.80759, -9.02352], [152.80625, -9.02521], [152.8046, -9.0263], [152.80325, -9.02689], [152.80218, -9.02655], [152.80083, -9.02527], [152.79891, -9.02189], [152.79872, -9.02121], [152.79916, -9.01973], [152.79942, -9.0177], [152.79986, -9.01705], [152.80052, -9.01658], [152.80142, -9.01651], [152.80227, -9.01673], [152.80333, -9.01782], [152.80401, -9.01957], [152.80518, -9.02024], [152.80733, -9.02015], [152.80899, -9.01913], [152.80909, -9.01906], [152.80928, -9.01848], [152.80914, -9.01752], [152.80851, -9.01653], [152.80758, -9.01439], [152.80687, -9.01147], [152.80655, -9.01087], [152.80589, -9.01044], [152.80383, -9.0099], [152.80054, -9.00869], [152.79772, -9.00725], [152.79561, -9.00596], [152.79374, -9.00513], [152.79167, -9.00445], [152.78448, -9.00319], [152.78238, -9.00301], [152.781, -9.00304], [152.77998, -9.0034], [152.77932, -9.00416], [152.77811, -9.00623], [152.77689, -9.00757], [152.77556, -9.00843], [152.7744, -9.00872], [152.77274, -9.00885], [152.77079, -9.00872], [152.76913, -9.00886], [152.76788, -9.00887], [152.76562, -9.00975], [152.76268, -9.01122], [152.75725, -9.01306], [152.75521, -9.01464], [152.75209, -9.01824], [152.74946, -9.01962], [152.74468, -9.02341], [152.74199, -9.02479], [152.73909, -9.02551], [152.73525, -9.02566], [152.73345, -9.02515], [152.73185, -9.02438], [152.72959, -9.02214], [152.72394, -9.0146], [152.72221, -9.01306], [152.72067, -9.01238], [152.71719, -9.01241], [152.71561, -9.01192], [152.71387, -9.01138], [152.70956, -9.01163], [152.70769, -9.01152], [152.70618, -9.01091], [152.69855, -9.00872], [152.69317, -9.00603], [152.69156, -9.00557], [152.69068, -9.00577], [152.68968, -9.00624], [152.68694, -9.00811], [152.68584, -9.00855], [152.68461, -9.00886], [152.6817, -9.00854], [152.67781, -9.00709], [152.67674, -9.00654], [152.6745, -9.00492], [152.67332, -9.00358], [152.6721, -9.00058], [152.67158, -8.99968], [152.67068, -8.99907], [152.6699, -8.99895], [152.66847, -8.9991], [152.66483, -8.99973], [152.66315, -8.99959], [152.66003, -8.99846], [152.65824, -8.99796], [152.65438, -8.99743], [152.65148, -8.99574], [152.64676, -8.99218], [152.64533, -8.99128], [152.6433, -8.99032], [152.64146, -8.98974], [152.6395, -8.98938], [152.6341, -8.98778], [152.62674, -8.98638], [152.62162, -8.98584], [152.61905, -8.98514], [152.61569, -8.98359], [152.60995, -8.9835], [152.60303, -8.98398], [152.60169, -8.9834]]], [[[151.98956, -8.98932], [151.99429, -8.98653], [151.99557, -8.98464], [151.99793, -8.9767], [151.9979, -8.97324], [151.99652, -8.96591], [151.99389, -8.96305], [151.99301, -8.96277], [151.99024, -8.95978], [151.98994, -8.95892], [151.98746, -8.9565], [151.98485, -8.95566], [151.98209, -8.95367], [151.9773, -8.95113], [151.97209, -8.95061], [151.96792, -8.95238], [151.96291, -8.95589], [151.95888, -8.95766], [151.95803, -8.95854], [151.95676, -8.96157], [151.95608, -8.96547], [151.9567, -8.96921], [151.96052, -8.97537], [151.96417, -8.97893], [151.97086, -8.98361], [151.97569, -8.98918], [151.97757, -8.98959], [151.98509, -8.99023], [151.98956, -8.98932]]], [[[152.45522, -8.94655], [152.45049, -8.94336], [152.44842, -8.94317], [152.44696, -8.94388], [152.44677, -8.94398], [152.44281, -8.95058], [152.43951, -8.95552], [152.43653, -8.95821], [152.43385, -8.96131], [152.43152, -8.96455], [152.42661, -8.96746], [152.42516, -8.96877], [152.4239, -8.97022], [152.42005, -8.97136], [152.41674, -8.97297], [152.41489, -8.97327], [152.41326, -8.9722], [152.41247, -8.97125], [152.41101, -8.97047], [152.40964, -8.97044], [152.40761, -8.97075], [152.4067, -8.97135], [152.40394, -8.97615], [152.40179, -8.97876], [152.40077, -8.97957], [152.39949, -8.98018], [152.39764, -8.9806], [152.39651, -8.98118], [152.39561, -8.98248], [152.39194, -8.98681], [152.39166, -8.98854], [152.3919, -8.99234], [152.39254, -8.99551], [152.39412, -9.00125], [152.39564, -9.00353], [152.39755, -9.00571], [152.40031, -9.0099], [152.40175, -9.01336], [152.40481, -9.01825], [152.40835, -9.02303], [152.41039, -9.02676], [152.41105, -9.02892], [152.41293, -9.03094], [152.4145, -9.03365], [152.41589, -9.03777], [152.41861, -9.04253], [152.41903, -9.04479], [152.4193, -9.04769], [152.41997, -9.0509], [152.42073, -9.05242], [152.42061, -9.05319], [152.41997, -9.05478], [152.4197, -9.056], [152.4197, -9.05926], [152.41862, -9.06213], [152.41865, -9.06378], [152.41955, -9.06521], [152.41974, -9.0663], [152.42076, -9.06956], [152.42087, -9.07167], [152.42166, -9.07498], [152.42183, -9.07925], [152.42315, -9.08384], [152.42472, -9.08591], [152.42599, -9.08655], [152.42675, -9.086], [152.42686, -9.08404], [152.42658, -9.0813], [152.42611, -9.07941], [152.42534, -9.07678], [152.42514, -9.07403], [152.42414, -9.07054], [152.42397, -9.06774], [152.42452, -9.06595], [152.4249, -9.06324], [152.42453, -9.0605], [152.42384, -9.05779], [152.42384, -9.05664], [152.42457, -9.05447], [152.42496, -9.05191], [152.42519, -9.04802], [152.42521, -9.0453], [152.42447, -9.04294], [152.42377, -9.03676], [152.42291, -9.03416], [152.4232, -9.0314], [152.42443, -9.02892], [152.42484, -9.02819], [152.42447, -9.02692], [152.42332, -9.02475], [152.42248, -9.02234], [152.4227, -9.02117], [152.42342, -9.01948], [152.42335, -9.01853], [152.42426, -9.01739], [152.42597, -9.01608], [152.4272, -9.01408], [152.42815, -9.01042], [152.42795, -9.00769], [152.42723, -9.0059], [152.42583, -9.00419], [152.42477, -9.00166], [152.42441, -9.00099], [152.42382, -9.00043], [152.42208, -8.99878], [152.42125, -8.99681], [152.42044, -8.99619], [152.41984, -8.99607], [152.41748, -8.99641], [152.41675, -8.99579], [152.41653, -8.99385], [152.41534, -8.99284], [152.41534, -8.99166], [152.41626, -8.99142], [152.41829, -8.99246], [152.41982, -8.99353], [152.42049, -8.99339], [152.42103, -8.99267], [152.42062, -8.99177], [152.41858, -8.98955], [152.41875, -8.98836], [152.42082, -8.98643], [152.42173, -8.985], [152.42263, -8.98452], [152.42254, -8.98215], [152.42271, -8.98095], [152.42362, -8.97953], [152.42373, -8.97868], [152.42314, -8.97762], [152.42215, -8.97693], [152.42166, -8.97604], [152.42212, -8.97431], [152.42289, -8.97315], [152.4244, -8.97177], [152.42595, -8.97089], [152.42693, -8.97072], [152.42777, -8.97032], [152.42839, -8.97025], [152.4296, -8.97061], [152.4306, -8.97143], [152.43113, -8.97253], [152.4312, -8.97349], [152.43099, -8.97437], [152.43044, -8.97512], [152.43136, -8.97617], [152.43447, -8.97834], [152.43512, -8.97932], [152.43608, -8.97994], [152.43669, -8.97998], [152.43702, -8.97978], [152.4369, -8.97856], [152.43584, -8.97355], [152.43508, -8.97242], [152.43335, -8.97094], [152.43197, -8.97062], [152.43149, -8.96998], [152.43161, -8.96929], [152.43294, -8.96885], [152.43459, -8.96924], [152.43544, -8.97036], [152.43628, -8.97022], [152.43657, -8.9696], [152.43646, -8.96817], [152.4366, -8.96655], [152.43695, -8.96568], [152.43744, -8.9653], [152.43855, -8.96539], [152.43937, -8.96609], [152.44032, -8.96625], [152.44119, -8.966], [152.44191, -8.96504], [152.44245, -8.96488], [152.44325, -8.96506], [152.44365, -8.96563], [152.44446, -8.96582], [152.445, -8.96566], [152.44661, -8.96294], [152.44731, -8.96246], [152.44807, -8.96289], [152.44956, -8.96417], [152.45234, -8.96566], [152.4539, -8.96614], [152.45541, -8.9661], [152.4563, -8.96585], [152.45783, -8.96585], [152.461, -8.96683], [152.46212, -8.9665], [152.46515, -8.9664], [152.46725, -8.96763], [152.46804, -8.96836], [152.46969, -8.97102], [152.47405, -8.9765], [152.47724, -8.98091], [152.47943, -8.98314], [152.48035, -8.9844], [152.48438, -8.98871], [152.48852, -8.99171], [152.49138, -8.99194], [152.49549, -8.99071], [152.49646, -8.9896], [152.49735, -8.98692], [152.49801, -8.98649], [152.49872, -8.98663], [152.50006, -8.98794], [152.50209, -8.98956], [152.50668, -8.9916], [152.50785, -8.9939], [152.50851, -8.99441], [152.50914, -8.99432], [152.50993, -8.99382], [152.51034, -8.99335], [152.5105, -8.99289], [152.51032, -8.99221], [152.5097, -8.99165], [152.50715, -8.98962], [152.50515, -8.98722], [152.50012, -8.98419], [152.49719, -8.97929], [152.49604, -8.97767], [152.49523, -8.97602], [152.49409, -8.97457], [152.49042, -8.97348], [152.48786, -8.97215], [152.48256, -8.9685], [152.48065, -8.96653], [152.48011, -8.96477], [152.48018, -8.96248], [152.48, -8.9605], [152.47935, -8.95852], [152.47662, -8.95609], [152.47489, -8.95241], [152.47368, -8.95119], [152.47205, -8.95012], [152.4689, -8.94968], [152.46589, -8.94939], [152.46267, -8.94826], [152.46121, -8.947], [152.45929, -8.94646], [152.45716, -8.94677], [152.45522, -8.94655]]], [[[150.84512, -8.94192], [150.84528, -8.94108], [150.84504, -8.94087], [150.84433, -8.94094], [150.84376, -8.94152], [150.84434, -8.94238], [150.84512, -8.94192]]], [[[151.91381, -8.92817], [151.91653, -8.92642], [151.92125, -8.92233], [151.92351, -8.91799], [151.92463, -8.91452], [151.92375, -8.91338], [151.92225, -8.90821], [151.91586, -8.90424], [151.91224, -8.90327], [151.90776, -8.90317], [151.90675, -8.90361], [151.90419, -8.90652], [151.90065, -8.91333], [151.90087, -8.92038], [151.90191, -8.92282], [151.90337, -8.92425], [151.90947, -8.92822], [151.91207, -8.92848], [151.91381, -8.92817]]], [[[150.77621, -8.90104], [150.77535, -8.90105], [150.77506, -8.90162], [150.77593, -8.90219], [150.77621, -8.90104]]], [[[151.19246, -8.85405], [151.19217, -8.85262], [151.19041, -8.85004], [151.18853, -8.8489], [151.18489, -8.84532], [151.18022, -8.8383], [151.17818, -8.83659], [151.17239, -8.83462], [151.16717, -8.8312], [151.16295, -8.82691], [151.15743, -8.82263], [151.15205, -8.81735], [151.14883, -8.81219], [151.14432, -8.80703], [151.142, -8.80533], [151.1362, -8.80177], [151.13402, -8.79977], [151.13315, -8.79977], [151.13258, -8.80036], [151.13317, -8.80323], [151.13376, -8.80423], [151.13551, -8.80638], [151.13696, -8.80752], [151.14337, -8.81482], [151.14601, -8.81905], [151.1498, -8.82514], [151.15417, -8.83029], [151.15593, -8.83388], [151.16189, -8.83959], [151.16842, -8.84387], [151.17062, -8.84803], [151.17309, -8.84959], [151.17281, -8.85147], [151.17312, -8.85362], [151.17292, -8.85399], [151.17255, -8.85421], [151.17139, -8.85364], [151.17079, -8.85134], [151.16992, -8.85106], [151.16907, -8.85193], [151.17027, -8.85768], [151.17021, -8.85894], [151.16999, -8.8597], [151.16913, -8.85999], [151.16753, -8.85885], [151.16728, -8.8589], [151.16698, -8.85916], [151.16682, -8.85972], [151.16712, -8.86131], [151.16655, -8.86203], [151.16597, -8.86203], [151.16481, -8.86089], [151.16221, -8.8612], [151.16164, -8.86178], [151.16151, -8.86394], [151.1608, -8.86496], [151.15993, -8.86439], [151.15962, -8.86266], [151.15904, -8.86209], [151.15866, -8.86198], [151.15818, -8.86209], [151.15674, -8.86326], [151.14986, -8.86295], [151.14577, -8.86276], [151.14187, -8.86294], [151.14, -8.86338], [151.1348, -8.86256], [151.13191, -8.86316], [151.1299, -8.86461], [151.12443, -8.86638], [151.12299, -8.86611], [151.12039, -8.8667], [151.11496, -8.87279], [151.11236, -8.87368], [151.11151, -8.87484], [151.11267, -8.87598], [151.11383, -8.87596], [151.11669, -8.87307], [151.11813, -8.87305], [151.11957, -8.87189], [151.12015, -8.87189], [151.121, -8.87073], [151.12201, -8.87029], [151.12576, -8.8694], [151.13036, -8.86734], [151.13339, -8.86718], [151.13513, -8.86832], [151.13686, -8.86859], [151.13973, -8.86626], [151.1432, -8.86624], [151.15293, -8.87366], [151.15539, -8.87508], [151.16508, -8.87687], [151.17663, -8.8775], [151.18038, -8.87734], [151.18255, -8.87689], [151.18599, -8.87485], [151.19175, -8.87278], [151.19522, -8.87305], [151.19651, -8.87217], [151.19837, -8.87043], [151.19894, -8.86927], [151.19892, -8.86725], [151.19805, -8.86611], [151.19789, -8.8651], [151.19742, -8.8592], [151.19451, -8.85663], [151.19246, -8.85405]]], [[[151.91541, -8.80831], [151.92057, -8.80538], [151.922, -8.80393], [151.92253, -8.7996], [151.92223, -8.79903], [151.9202, -8.79732], [151.91702, -8.79735], [151.9127, -8.79797], [151.91184, -8.79885], [151.91114, -8.80102], [151.9109, -8.80534], [151.91164, -8.8072], [151.9131, -8.80834], [151.91541, -8.80831]]], [[[151.03218, -8.79412], [151.03237, -8.7936], [151.03121, -8.79246], [151.03034, -8.79247], [151.03006, -8.79304], [151.03035, -8.79352], [151.03119, -8.79428], [151.0318, -8.79447], [151.03218, -8.79412]]], [[[150.96074, -8.74543], [150.9616, -8.74485], [150.96188, -8.74383], [150.96159, -8.7435], [150.96116, -8.74326], [150.95957, -8.74313], [150.95919, -8.74367], [150.959, -8.74429], [150.95913, -8.74465], [150.95987, -8.74544], [150.96074, -8.74543]]], [[[151.00437, -8.75405], [151.00581, -8.7526], [151.00865, -8.74668], [151.01322, -8.73959], [151.01434, -8.73655], [151.01806, -8.73178], [151.01832, -8.72774], [151.0206, -8.72528], [151.02662, -8.71919], [151.02757, -8.71794], [151.02867, -8.71651], [151.03148, -8.71282], [151.03176, -8.7118], [151.03089, -8.71124], [151.02974, -8.71211], [151.02632, -8.7166], [151.01977, -8.72382], [151.0183, -8.72544], [151.01013, -8.73299], [151.00921, -8.73363], [151.00511, -8.73648], [151.00367, -8.73678], [151.00253, -8.73794], [151.00234, -8.73949], [151.00179, -8.7502], [151.00176, -8.7509], [151.00293, -8.7532], [151.00379, -8.75406], [151.00437, -8.75405]]], [[[151.67346, -8.7125], [151.67733, -8.7103], [151.68019, -8.70797], [151.68375, -8.7029], [151.68373, -8.70088], [151.68211, -8.69787], [151.68051, -8.6963], [151.6795, -8.69603], [151.67705, -8.69691], [151.67269, -8.69945], [151.66846, -8.70304], [151.66719, -8.70637], [151.66678, -8.70867], [151.66709, -8.71025], [151.66854, -8.71168], [151.67057, -8.71252], [151.67346, -8.7125]]], [[[150.88498, -8.63995], [150.88427, -8.63911], [150.88353, -8.63881], [150.87199, -8.63859], [150.87032, -8.63889], [150.86911, -8.63948], [150.86945, -8.63999], [150.87071, -8.64058], [150.87676, -8.64029], [150.88426, -8.64082], [150.88498, -8.63995]]], [[[150.06113, -8.63296], [150.06113, -8.63181], [150.06026, -8.63181], [150.05997, -8.63239], [150.06055, -8.63296], [150.06113, -8.63296]]], [[[151.30516, -8.63306], [151.30548, -8.63252], [151.3046, -8.63079], [151.30373, -8.6308], [151.30316, -8.63138], [151.30317, -8.63225], [151.30462, -8.63339], [151.30516, -8.63306]]], [[[150.78634, -8.61913], [150.78792, -8.61898], [150.78878, -8.61811], [150.78877, -8.61753], [150.78791, -8.61667], [150.78638, -8.6164], [150.78531, -8.6164], [150.78427, -8.61693], [150.78359, -8.61756], [150.78349, -8.61821], [150.78359, -8.619], [150.78447, -8.61986], [150.78634, -8.61913]]], [[[150.74168, -8.60573], [150.74195, -8.60512], [150.74168, -8.60458], [150.74119, -8.6044], [150.74081, -8.60458], [150.74024, -8.60516], [150.7403, -8.60543], [150.74053, -8.60573], [150.74168, -8.60573]]], [[[150.10803, -8.60456], [150.10803, -8.60399], [150.10687, -8.60341], [150.10663, -8.60363], [150.10659, -8.60399], [150.10745, -8.60456], [150.10803, -8.60456]]], [[[150.00477, -8.60378], [150.00419, -8.60292], [150.00362, -8.6035], [150.00391, -8.60408], [150.00477, -8.60378]]], [[[150.0091, -8.60262], [150.00909, -8.60175], [150.00794, -8.60176], [150.00765, -8.60205], [150.00794, -8.60262], [150.0091, -8.60262]]], [[[151.33938, -8.65009], [151.34481, -8.64457], [151.34651, -8.64096], [151.34937, -8.63777], [151.35532, -8.62605], [151.3563, -8.62216], [151.3571, -8.61409], [151.357, -8.60315], [151.35621, -8.59581], [151.35491, -8.59481], [151.35217, -8.59469], [151.3467, -8.59617], [151.33996, -8.60026], [151.3328, -8.60666], [151.32061, -8.61482], [151.31745, -8.616], [151.31056, -8.6198], [151.3097, -8.62067], [151.30844, -8.62486], [151.30848, -8.62918], [151.30908, -8.63205], [151.31159, -8.63938], [151.3132, -8.64152], [151.32206, -8.64937], [151.32568, -8.65064], [151.33203, -8.65145], [151.33708, -8.65155], [151.33938, -8.65009]]], [[[150.87122, -8.61038], [150.8721, -8.60968], [150.87265, -8.60893], [150.87159, -8.60217], [150.87086, -8.60001], [150.87013, -8.5993], [150.86651, -8.59687], [150.8603, -8.59504], [150.85306, -8.59149], [150.8506, -8.5892], [150.84943, -8.58676], [150.84797, -8.5849], [150.84767, -8.58375], [150.84651, -8.5826], [150.84593, -8.58261], [150.84565, -8.58355], [150.84566, -8.58433], [150.84799, -8.58749], [150.84888, -8.59238], [150.84976, -8.59324], [150.85323, -8.59581], [150.85598, -8.5968], [150.86132, -8.59777], [150.86364, -8.59919], [150.86684, -8.60248], [150.86887, -8.6055], [150.86948, -8.60953], [150.87035, -8.61038], [150.87122, -8.61038]]], [[[150.2331, -8.58245], [150.2334, -8.58199], [150.23333, -8.58184], [150.23223, -8.5816], [150.23195, -8.58188], [150.23224, -8.58246], [150.2331, -8.58245]]], [[[150.84446, -8.57743], [150.84493, -8.57716], [150.84503, -8.57657], [150.8443, -8.57614], [150.84329, -8.576], [150.84293, -8.5762], [150.84301, -8.57672], [150.84388, -8.57744], [150.84446, -8.57743]]], [[[150.07707, -8.57818], [150.07771, -8.57774], [150.07821, -8.57703], [150.07821, -8.57616], [150.07796, -8.57567], [150.07763, -8.5753], [150.07705, -8.5753], [150.07677, -8.57674], [150.07591, -8.57761], [150.0762, -8.57819], [150.07707, -8.57818]]], [[[150.07676, -8.57473], [150.07676, -8.57387], [150.07589, -8.57387], [150.07561, -8.57415], [150.0759, -8.57473], [150.07676, -8.57473]]], [[[150.09289, -8.56977], [150.09203, -8.56949], [150.09174, -8.56977], [150.09189, -8.57022], [150.09246, -8.57035], [150.09289, -8.56977]]], [[[150.09462, -8.57034], [150.09462, -8.56919], [150.09404, -8.56919], [150.09347, -8.56977], [150.09355, -8.57005], [150.09376, -8.57035], [150.09462, -8.57034]]], [[[150.07501, -8.56955], [150.07514, -8.56894], [150.07501, -8.5684], [150.07456, -8.56828], [150.07414, -8.5684], [150.07386, -8.56898], [150.07444, -8.56955], [150.07501, -8.56955]]], [[[151.10048, -8.60618], [151.1022, -8.60473], [151.10334, -8.6027], [151.10361, -8.60126], [151.10091, -8.58774], [151.10148, -8.58687], [151.10349, -8.586], [151.10406, -8.58426], [151.10578, -8.5831], [151.10635, -8.58223], [151.10606, -8.58166], [151.10402, -8.57994], [151.10314, -8.57793], [151.09981, -8.57609], [151.09806, -8.57322], [151.09326, -8.56822], [151.09182, -8.56794], [151.0901, -8.56939], [151.08912, -8.57242], [151.08898, -8.57429], [151.09073, -8.57659], [151.09074, -8.57745], [151.08989, -8.57919], [151.09211, -8.5868], [151.09357, -8.58967], [151.09417, -8.59197], [151.0942, -8.59629], [151.09364, -8.5986], [151.09353, -8.60191], [151.09541, -8.60391], [151.09904, -8.60619], [151.10048, -8.60618]]], [[[150.07486, -8.56753], [150.07529, -8.56696], [150.07442, -8.56667], [150.07414, -8.56696], [150.07428, -8.56725], [150.07443, -8.56753], [150.07486, -8.56753]]], [[[150.8375, -8.57258], [150.83894, -8.57113], [150.83893, -8.57027], [150.8366, -8.56668], [150.83253, -8.56254], [150.83138, -8.56226], [150.83081, -8.56312], [150.83215, -8.56988], [150.83288, -8.57088], [150.83548, -8.57173], [150.83635, -8.57259], [150.8375, -8.57258]]], [[[150.28461, -8.56449], [150.2855, -8.56322], [150.28518, -8.56239], [150.28463, -8.56178], [150.28318, -8.56064], [150.2826, -8.56064], [150.28159, -8.56108], [150.27944, -8.56296], [150.27945, -8.5644], [150.28032, -8.56526], [150.28349, -8.56553], [150.28461, -8.56449]]], [[[150.15773, -8.55829], [150.15801, -8.55743], [150.15743, -8.55714], [150.156, -8.55801], [150.15602, -8.55831], [150.15629, -8.55858], [150.15773, -8.55829]]], [[[150.32647, -8.55421], [150.32669, -8.55382], [150.32669, -8.55324], [150.32437, -8.55066], [150.32358, -8.55055], [150.32263, -8.55067], [150.32227, -8.55086], [150.32206, -8.55124], [150.32191, -8.55199], [150.32207, -8.55268], [150.32317, -8.5535], [150.32438, -8.55411], [150.32583, -8.55439], [150.32647, -8.55421]]], [[[150.20151, -8.54659], [150.2015, -8.54544], [150.20093, -8.54544], [150.20064, -8.54659], [150.20135, -8.54666], [150.20151, -8.54659]]], [[[150.19804, -8.54545], [150.19809, -8.54486], [150.19804, -8.5443], [150.19746, -8.5443], [150.19717, -8.54459], [150.19747, -8.54574], [150.19804, -8.54545]]], [[[150.10846, -8.5414], [150.10863, -8.54091], [150.10748, -8.54063], [150.10719, -8.54092], [150.10748, -8.54149], [150.10846, -8.5414]]], [[[150.18156, -8.53731], [150.18128, -8.53688], [150.18133, -8.53739], [150.18157, -8.53774], [150.18156, -8.53731]]], [[[150.82125, -8.53818], [150.82285, -8.53783], [150.8235, -8.53594], [150.82369, -8.53437], [150.82333, -8.53372], [150.82282, -8.53322], [150.82224, -8.53322], [150.81794, -8.53585], [150.81678, -8.53614], [150.81621, -8.53701], [150.81659, -8.53756], [150.81737, -8.53815], [150.81882, -8.53843], [150.82125, -8.53818]]], [[[150.20675, -8.52641], [150.20713, -8.52613], [150.20718, -8.52583], [150.20458, -8.52527], [150.20433, -8.52532], [150.2043, -8.52556], [150.20574, -8.52642], [150.20675, -8.52641]]], [[[150.05206, -8.52529], [150.05205, -8.52413], [150.05161, -8.52398], [150.05119, -8.52414], [150.0509, -8.52529], [150.05206, -8.52529]]], [[[150.21035, -8.52582], [150.21057, -8.52556], [150.21089, -8.52446], [150.21063, -8.52323], [150.21015, -8.52307], [150.20976, -8.52323], [150.20949, -8.52583], [150.2099, -8.52591], [150.21035, -8.52582]]], [[[150.04831, -8.5253], [150.04628, -8.523], [150.04595, -8.52408], [150.046, -8.52444], [150.04737, -8.52573], [150.04831, -8.52588], [150.04831, -8.5253]]], [[[150.22217, -8.52185], [150.22216, -8.52159], [150.2187, -8.52117], [150.21843, -8.52135], [150.21841, -8.52176], [150.22043, -8.52232], [150.22217, -8.52185]]], [[[150.04657, -8.52243], [150.04669, -8.52213], [150.04657, -8.52127], [150.04625, -8.52117], [150.04599, -8.52127], [150.0457, -8.52243], [150.04657, -8.52243]]], [[[150.3009, -8.5283], [150.30262, -8.52628], [150.30319, -8.52484], [150.30314, -8.5233], [150.30289, -8.52196], [150.30188, -8.52093], [150.30057, -8.51995], [150.29852, -8.5198], [150.29654, -8.51997], [150.29498, -8.52063], [150.29366, -8.52171], [150.29338, -8.52301], [150.29354, -8.52399], [150.29397, -8.52502], [150.29516, -8.52659], [150.29672, -8.52789], [150.29824, -8.52836], [150.30004, -8.5286], [150.3009, -8.5283]]], [[[150.23714, -8.51995], [150.23736, -8.51976], [150.23743, -8.51951], [150.23648, -8.51904], [150.2357, -8.51909], [150.23195, -8.52026], [150.23231, -8.52049], [150.23311, -8.52054], [150.23714, -8.51995]]], [[[150.04482, -8.51898], [150.04496, -8.51854], [150.04482, -8.51811], [150.04367, -8.51812], [150.04338, -8.51841], [150.04367, -8.51898], [150.04482, -8.51898]]], [[[150.82933, -8.51504], [150.82955, -8.51479], [150.82961, -8.51446], [150.82817, -8.51389], [150.82789, -8.51416], [150.82788, -8.51447], [150.82819, -8.51477], [150.82905, -8.51507], [150.82933, -8.51504]]], [[[150.26545, -8.49995], [150.26588, -8.49938], [150.26501, -8.49909], [150.26472, -8.49938], [150.26478, -8.49968], [150.26501, -8.49995], [150.26545, -8.49995]]], [[[150.04099, -8.49739], [150.0407, -8.49567], [150.04037, -8.49553], [150.04012, -8.49567], [150.03984, -8.49668], [150.0401, -8.4972], [150.04042, -8.4974], [150.04067, -8.49751], [150.04099, -8.49739]]], [[[150.96836, -8.54247], [150.97131, -8.53252], [150.97359, -8.52847], [150.97413, -8.52443], [150.97383, -8.52257], [150.97411, -8.52127], [150.97348, -8.51364], [150.97398, -8.50341], [150.97323, -8.49982], [150.97276, -8.49363], [150.96984, -8.48991], [150.96782, -8.48805], [150.96635, -8.48533], [150.96229, -8.4819], [150.95796, -8.48049], [150.95651, -8.47906], [150.95276, -8.4788], [150.95103, -8.4791], [150.94514, -8.48259], [150.93324, -8.49131], [150.93297, -8.49261], [150.93356, -8.49578], [150.93329, -8.49736], [150.93128, -8.49939], [150.92927, -8.50027], [150.92813, -8.50143], [150.928, -8.50388], [150.92873, -8.50545], [150.92874, -8.50661], [150.92731, -8.50834], [150.92558, -8.50893], [150.92444, -8.51009], [150.92189, -8.51659], [150.92162, -8.51832], [150.92192, -8.52048], [150.92305, -8.52223], [150.92396, -8.52363], [150.92561, -8.52802], [150.92601, -8.52908], [150.92748, -8.53181], [150.93184, -8.53711], [150.93244, -8.54013], [150.93447, -8.54242], [150.93477, -8.54343], [150.93435, -8.54501], [150.93193, -8.55035], [150.93022, -8.5531], [150.92565, -8.55803], [150.92222, -8.56281], [150.92095, -8.56699], [150.91924, -8.57074], [150.91912, -8.57319], [150.91928, -8.57564], [150.92002, -8.57866], [150.92089, -8.57952], [150.92421, -8.57906], [150.92867, -8.57745], [150.93527, -8.57366], [150.93728, -8.57307], [150.94289, -8.57015], [150.94892, -8.56636], [150.95294, -8.56447], [150.95783, -8.56299], [150.96473, -8.55963], [150.96674, -8.55904], [150.96963, -8.5596], [150.97092, -8.55844], [150.97134, -8.55714], [150.97133, -8.55455], [150.97059, -8.55182], [150.97, -8.55081], [150.96738, -8.54781], [150.96507, -8.54696], [150.96449, -8.5461], [150.96448, -8.54495], [150.96562, -8.5435], [150.96649, -8.54407], [150.96679, -8.54551], [150.96737, -8.54608], [150.96795, -8.54608], [150.96836, -8.54247]]], [[[150.88522, -8.47304], [150.8861, -8.47143], [150.88639, -8.4696], [150.88519, -8.46255], [150.88403, -8.46038], [150.883, -8.45926], [150.88011, -8.4574], [150.87852, -8.45741], [150.87815, -8.45788], [150.87824, -8.45857], [150.88114, -8.46129], [150.8826, -8.46344], [150.88304, -8.46501], [150.88394, -8.4699], [150.8841, -8.47264], [150.88422, -8.47298], [150.88468, -8.47321], [150.88522, -8.47304]]], [[[150.18589, -8.43752], [150.18632, -8.43694], [150.18545, -8.43637], [150.18517, -8.43752], [150.18589, -8.43752]]], [[[150.41935, -8.41705], [150.41939, -8.4163], [150.41882, -8.41631], [150.41847, -8.41647], [150.41825, -8.41688], [150.41911, -8.41746], [150.41935, -8.41705]]], [[[150.4422, -8.42252], [150.44277, -8.42195], [150.44305, -8.42065], [150.44275, -8.41734], [150.44389, -8.41532], [150.44395, -8.41467], [150.44388, -8.41416], [150.44316, -8.41403], [150.44273, -8.41417], [150.44216, -8.41532], [150.43929, -8.41793], [150.43872, -8.41909], [150.43902, -8.42081], [150.43966, -8.42163], [150.44076, -8.42253], [150.4422, -8.42252]]], [[[150.45515, -8.41872], [150.45549, -8.41805], [150.45543, -8.41756], [150.45311, -8.41527], [150.45281, -8.41354], [150.45223, -8.41297], [150.45157, -8.41283], [150.45108, -8.41298], [150.45079, -8.41327], [150.45111, -8.41758], [150.45143, -8.41808], [150.45198, -8.41845], [150.45291, -8.41877], [150.45429, -8.41901], [150.45515, -8.41872]]], [[[150.8933, -8.42737], [150.89416, -8.4265], [150.89415, -8.42564], [150.8927, -8.42363], [150.89253, -8.41945], [150.89032, -8.41357], [150.88813, -8.40941], [150.8871, -8.40581], [150.88594, -8.40525], [150.88537, -8.40582], [150.88538, -8.40727], [150.88758, -8.41229], [150.88905, -8.41718], [150.89069, -8.42595], [150.89215, -8.42738], [150.8933, -8.42737]]], [[[151.12313, -8.40472], [151.11519, -8.40262], [151.11303, -8.40249], [151.11187, -8.40279], [151.10872, -8.40483], [151.09864, -8.40548], [151.09577, -8.40722], [151.0913, -8.4074], [151.08784, -8.40657], [151.08524, -8.40644], [151.08265, -8.4066], [151.08021, -8.40763], [151.07735, -8.41139], [151.07606, -8.41183], [151.07275, -8.41229], [151.07175, -8.41287], [151.06917, -8.4152], [151.06745, -8.41607], [151.06256, -8.41697], [151.06001, -8.41919], [151.05755, -8.42133], [151.0567, -8.42364], [151.05498, -8.42538], [151.05009, -8.42657], [151.0488, -8.42787], [151.04852, -8.42873], [151.04652, -8.43091], [151.04322, -8.43295], [151.03919, -8.43384], [151.03819, -8.43443], [151.03504, -8.43704], [151.03375, -8.43849], [151.03306, -8.44238], [151.03207, -8.44455], [151.02706, -8.44905], [151.02406, -8.45266], [151.02305, -8.45311], [151.02118, -8.45326], [151.02061, -8.45384], [151.02061, -8.45471], [151.0212, -8.45556], [151.02106, -8.45744], [151.01868, -8.46624], [151.0164, -8.47029], [151.01515, -8.47591], [151.01503, -8.47894], [151.01102, -8.48314], [151.0096, -8.48588], [151.00848, -8.48992], [151.00677, -8.49282], [151.00707, -8.49425], [151.00578, -8.49585], [151.00062, -8.49977], [150.99762, -8.50267], [150.99663, -8.50541], [150.9965, -8.50757], [150.99766, -8.5093], [150.99538, -8.51161], [150.99468, -8.51436], [150.99429, -8.52026], [150.99447, -8.52588], [150.99306, -8.52963], [150.99307, -8.53165], [150.9944, -8.53581], [150.99644, -8.53897], [150.99876, -8.54068], [150.99963, -8.54182], [151.00311, -8.54439], [151.00701, -8.54508], [151.01105, -8.54462], [151.01451, -8.54488], [151.01537, -8.5443], [151.01667, -8.54458], [151.01638, -8.5453], [151.01524, -8.54661], [151.01554, -8.54833], [151.01729, -8.55005], [151.01858, -8.55033], [151.02578, -8.54912], [151.0278, -8.54925], [151.03214, -8.55009], [151.04339, -8.55087], [151.04743, -8.55199], [151.05046, -8.55212], [151.05391, -8.55007], [151.05606, -8.54934], [151.06154, -8.54858], [151.06485, -8.54884], [151.06658, -8.54768], [151.06816, -8.54724], [151.07205, -8.54706], [151.07234, -8.54735], [151.07436, -8.54704], [151.0778, -8.545], [151.0804, -8.5447], [151.08707, -8.55041], [151.08895, -8.55083], [151.09169, -8.55095], [151.09284, -8.55036], [151.09641, -8.54659], [151.09856, -8.54514], [151.09946, -8.54523], [151.10001, -8.54571], [151.09571, -8.54948], [151.09515, -8.55121], [151.09576, -8.55495], [151.09721, -8.55638], [151.09636, -8.55783], [151.09636, -8.55869], [151.09752, -8.55983], [151.09839, -8.56011], [151.10275, -8.56455], [151.10538, -8.56899], [151.10528, -8.57403], [151.10572, -8.57532], [151.10732, -8.57689], [151.11182, -8.58046], [151.1124, -8.5819], [151.11386, -8.58332], [151.12223, -8.58413], [151.12397, -8.58613], [151.12918, -8.58782], [151.13222, -8.58953], [151.1344, -8.5921], [151.13412, -8.59297], [151.13442, -8.59412], [151.13529, -8.59497], [151.1353, -8.59584], [151.13444, -8.59671], [151.13446, -8.59988], [151.13188, -8.6022], [151.13047, -8.60523], [151.12661, -8.61045], [151.12332, -8.61364], [151.12076, -8.61726], [151.11877, -8.62188], [151.11662, -8.62362], [151.11432, -8.62465], [151.11218, -8.62654], [151.1109, -8.62929], [151.11062, -8.6313], [151.10836, -8.63765], [151.10816, -8.64832], [151.10702, -8.64976], [151.10429, -8.65194], [151.10344, -8.65339], [151.10146, -8.65888], [151.09747, -8.66438], [151.09634, -8.66798], [151.09362, -8.67089], [151.09206, -8.67406], [151.08848, -8.67755], [151.08374, -8.68032], [151.08, -8.6815], [151.07829, -8.68353], [151.07861, -8.68727], [151.07947, -8.68813], [151.07948, -8.68928], [151.07862, -8.69015], [151.07674, -8.68944], [151.07458, -8.68931], [151.073, -8.69019], [151.06569, -8.69701], [151.06312, -8.70049], [151.06085, -8.70468], [151.05997, -8.70713], [151.05944, -8.70987], [151.05975, -8.71218], [151.05889, -8.71305], [151.05601, -8.71336], [151.05042, -8.71772], [151.04382, -8.72367], [151.04254, -8.72527], [151.04285, -8.72785], [151.04452, -8.73039], [151.04635, -8.73273], [151.04752, -8.73531], [151.04726, -8.73963], [151.05003, -8.74321], [151.05293, -8.7455], [151.0609, -8.75019], [151.069, -8.75215], [151.07147, -8.75357], [151.07756, -8.75842], [151.08394, -8.76169], [151.08856, -8.76252], [151.0916, -8.7635], [151.09565, -8.76578], [151.10002, -8.7705], [151.10119, -8.77236], [151.10239, -8.77377], [151.10468, -8.77579], [151.106, -8.77794], [151.11137, -8.7828], [151.11691, -8.79053], [151.12244, -8.79669], [151.12651, -8.80011], [151.12825, -8.80039], [151.13111, -8.79749], [151.13139, -8.79604], [151.12703, -8.79175], [151.12585, -8.78946], [151.12348, -8.78199], [151.12203, -8.77969], [151.12172, -8.77768], [151.11882, -8.7754], [151.11592, -8.77455], [151.11085, -8.77157], [151.10722, -8.76857], [151.10431, -8.76528], [151.10285, -8.76284], [151.10121, -8.75666], [151.10118, -8.75292], [151.10271, -8.74499], [151.10385, -8.74325], [151.10456, -8.74108], [151.1056, -8.72696], [151.10629, -8.72365], [151.10886, -8.72031], [151.11171, -8.71554], [151.11325, -8.70876], [151.11523, -8.70356], [151.11778, -8.69835], [151.11948, -8.69345], [151.11961, -8.692], [151.11936, -8.67818], [151.12033, -8.67313], [151.11942, -8.6681], [151.12134, -8.6557], [151.12119, -8.65398], [151.11985, -8.64909], [151.12039, -8.64462], [151.11974, -8.63527], [151.12001, -8.63282], [151.12172, -8.62978], [151.12658, -8.62369], [151.12914, -8.6195], [151.13201, -8.6189], [151.13316, -8.61774], [151.14544, -8.60253], [151.14686, -8.59978], [151.14685, -8.59748], [151.14552, -8.5936], [151.14535, -8.59072], [151.14574, -8.58582], [151.14714, -8.58034], [151.14997, -8.57312], [151.15094, -8.5685], [151.15034, -8.5652], [151.14742, -8.56003], [151.14681, -8.55687], [151.1475, -8.55269], [151.14746, -8.54808], [151.14702, -8.5465], [151.14498, -8.54364], [151.14368, -8.54307], [151.13977, -8.54195], [151.13498, -8.53709], [151.13353, -8.53638], [151.12541, -8.5301], [151.12454, -8.52982], [151.11903, -8.52555], [151.11336, -8.51925], [151.10925, -8.51065], [151.10821, -8.50691], [151.10805, -8.50417], [151.11019, -8.50142], [151.1122, -8.49982], [151.11507, -8.49851], [151.11921, -8.49372], [151.12526, -8.49224], [151.12697, -8.48992], [151.12696, -8.48877], [151.12621, -8.48489], [151.12617, -8.47999], [151.12637, -8.47752], [151.12654, -8.47294], [151.12778, -8.4653], [151.12762, -8.46285], [151.12441, -8.45798], [151.12352, -8.45511], [151.1238, -8.45366], [151.12494, -8.45193], [151.12548, -8.44746], [151.1253, -8.44228], [151.126, -8.43953], [151.12685, -8.43838], [151.12867, -8.43102], [151.13036, -8.42612], [151.13047, -8.42237], [151.1303, -8.41863], [151.12836, -8.40957], [151.1269, -8.40757], [151.12313, -8.40472]]], [[[150.64898, -8.39549], [150.65127, -8.39317], [150.65212, -8.39116], [150.65096, -8.38972], [150.65009, -8.38973], [150.64808, -8.39089], [150.64521, -8.39177], [150.64464, -8.39235], [150.64465, -8.39465], [150.64552, -8.39551], [150.64739, -8.39579], [150.64898, -8.39549]]], [[[150.19735, -8.38881], [150.1969, -8.388], [150.19619, -8.38709], [150.19503, -8.38709], [150.19475, -8.38825], [150.19502, -8.38876], [150.19533, -8.3891], [150.19678, -8.38967], [150.19735, -8.38881]]], [[[150.47386, -8.3881], [150.47429, -8.38752], [150.47391, -8.38712], [150.47342, -8.38695], [150.47314, -8.3881], [150.47347, -8.38819], [150.47386, -8.3881]]], [[[149.92959, -8.37942], [149.92958, -8.37827], [149.92901, -8.37827], [149.92815, -8.37943], [149.92808, -8.3799], [149.92815, -8.3803], [149.92873, -8.38058], [149.92959, -8.37942]]], [[[150.66354, -8.37521], [150.66441, -8.37496], [150.6648, -8.37425], [150.66498, -8.37323], [150.66433, -8.37274], [150.66353, -8.37266], [150.66267, -8.37322], [150.6621, -8.37411], [150.66219, -8.37479], [150.66269, -8.37526], [150.66354, -8.37521]]], [[[150.46528, -8.37255], [150.46527, -8.37202], [150.46441, -8.37202], [150.46412, -8.3726], [150.46499, -8.37317], [150.46528, -8.37255]]], [[[150.17742, -8.36737], [150.17765, -8.36701], [150.17725, -8.36646], [150.17679, -8.36615], [150.17563, -8.36586], [150.17537, -8.36597], [150.17535, -8.36615], [150.17708, -8.36759], [150.17742, -8.36737]]], [[[150.60211, -8.35911], [150.60207, -8.35861], [150.60158, -8.35847], [150.60092, -8.35862], [150.60052, -8.35881], [150.60063, -8.3592], [150.60179, -8.35977], [150.60211, -8.35911]]], [[[150.15139, -8.35733], [150.15134, -8.35687], [150.15081, -8.35646], [150.1498, -8.35631], [150.14908, -8.35647], [150.14876, -8.35674], [150.1488, -8.35705], [150.14916, -8.35727], [150.14981, -8.35748], [150.15139, -8.35733]]], [[[150.59656, -8.35202], [150.5964, -8.35134], [150.59597, -8.35088], [150.59511, -8.35088], [150.59481, -8.35111], [150.59483, -8.35145], [150.59569, -8.35203], [150.59656, -8.35202]]], [[[150.11746, -8.34587], [150.11734, -8.34565], [150.11532, -8.34451], [150.11503, -8.34473], [150.11503, -8.34508], [150.1159, -8.34595], [150.11734, -8.34623], [150.11746, -8.34587]]], [[[150.42593, -8.34285], [150.42592, -8.34198], [150.42535, -8.34199], [150.42506, -8.34228], [150.42514, -8.3426], [150.42535, -8.34285], [150.42593, -8.34285]]], [[[150.09784, -8.33639], [150.09771, -8.33594], [150.09745, -8.33582], [150.09713, -8.33594], [150.09671, -8.33615], [150.09655, -8.33652], [150.0971, -8.33676], [150.09771, -8.33681], [150.09784, -8.33639]]], [[[150.10232, -8.33621], [150.10145, -8.33564], [150.10117, -8.33593], [150.10145, -8.33621], [150.10232, -8.33621]]], [[[150.69268, -8.33189], [150.69152, -8.33132], [150.6913, -8.33138], [150.69129, -8.33179], [150.69224, -8.33197], [150.69268, -8.33189]]], [[[150.88184, -8.39519], [150.88241, -8.39404], [150.88153, -8.39217], [150.87973, -8.38254], [150.87509, -8.37883], [150.87202, -8.37093], [150.8717, -8.3669], [150.86978, -8.36072], [150.86541, -8.35283], [150.8625, -8.34839], [150.861, -8.34063], [150.85969, -8.33876], [150.85795, -8.33748], [150.85521, -8.33635], [150.84912, -8.33034], [150.84795, -8.32819], [150.84621, -8.32633], [150.84448, -8.32634], [150.84333, -8.32721], [150.84334, -8.32836], [150.84407, -8.32936], [150.84768, -8.3315], [150.85408, -8.33952], [150.85483, -8.34369], [150.85541, -8.34455], [150.85787, -8.34612], [150.85816, -8.34712], [150.85649, -8.35591], [150.85737, -8.35735], [150.85968, -8.3582], [150.86214, -8.36006], [150.86374, -8.3622], [150.86463, -8.36507], [150.86781, -8.36764], [150.86956, -8.36994], [150.87193, -8.37942], [150.87527, -8.38386], [150.87805, -8.38888], [150.88039, -8.39463], [150.88126, -8.39549], [150.88184, -8.39519]]], [[[150.58895, -8.33813], [150.58869, -8.33767], [150.58493, -8.33482], [150.57624, -8.32594], [150.57495, -8.32569], [150.57393, -8.32595], [150.57357, -8.32646], [150.57365, -8.3271], [150.5751, -8.32853], [150.57654, -8.32881], [150.57813, -8.32996], [150.58002, -8.3321], [150.58089, -8.33383], [150.58409, -8.33799], [150.58626, -8.33858], [150.5887, -8.33882], [150.58895, -8.33813]]], [[[150.71887, -8.32828], [150.71973, -8.32741], [150.71972, -8.32597], [150.71914, -8.3254], [150.71852, -8.32526], [150.71799, -8.3254], [150.71756, -8.32622], [150.71742, -8.32714], [150.71829, -8.32828], [150.71887, -8.32828]]], [[[150.74333, -8.3241], [150.74419, -8.32323], [150.74401, -8.32285], [150.74332, -8.32237], [150.74193, -8.32206], [150.74073, -8.3221], [150.74037, -8.32257], [150.74016, -8.32325], [150.74076, -8.32386], [150.74132, -8.32411], [150.74224, -8.32423], [150.74333, -8.3241]]], [[[150.82918, -8.32298], [150.82946, -8.32183], [150.82773, -8.3204], [150.82398, -8.31956], [150.82166, -8.31756], [150.81676, -8.31702], [150.8159, -8.31818], [150.8162, -8.3199], [150.81678, -8.32047], [150.81808, -8.3209], [150.82543, -8.32157], [150.82832, -8.32328], [150.82918, -8.32298]]], [[[150.1117, -8.30537], [150.11214, -8.30433], [150.11227, -8.30335], [150.11174, -8.30254], [150.11111, -8.30191], [150.10995, -8.30192], [150.10967, -8.30221], [150.10968, -8.30566], [150.11084, -8.30623], [150.1117, -8.30537]]]]}}, {"type": "Feature", "properties": {"name": "Morobe Province", "level": "province"}, "geometry": {"type": "MultiPolygon", "coordinates": [[[[147.72394, -7.92346], [147.72451, -7.92231], [147.72393, -7.92146], [147.72248, -7.92147], [147.72192, -7.9229], [147.7225, -7.92347], [147.72394, -7.92346]]], [[[147.71122, -7.886], [147.71265, -7.88455], [147.71321, -7.88282], [147.71319, -7.88082], [147.71202, -7.8791], [147.71058, -7.87911], [147.70943, -7.88027], [147.70948, -7.88544], [147.71006, -7.886], [147.71122, -7.886]]], [[[147.62713, -7.73497], [147.62626, -7.7344], [147.6254, -7.73528], [147.62541, -7.73585], [147.62657, -7.73612], [147.62713, -7.73497]]], [[[147.61244, -7.73768], [147.61185, -7.73539], [147.6101, -7.73368], [147.60779, -7.73284], [147.60635, -7.73285], [147.60492, -7.73459], [147.60379, -7.73718], [147.6038, -7.73804], [147.60438, -7.73889], [147.60582, -7.73888], [147.60841, -7.73828], [147.61015, -7.73884], [147.61159, -7.73854], [147.61244, -7.73768]]], [[[147.62336, -7.73271], [147.62364, -7.73156], [147.62306, -7.73099], [147.62219, -7.73071], [147.62015, -7.72786], [147.61957, -7.72815], [147.61958, -7.72901], [147.6225, -7.733], [147.62336, -7.73271]]], [[[147.59507, -7.72922], [147.59621, -7.72835], [147.59591, -7.7272], [147.59533, -7.72692], [147.59332, -7.72693], [147.59245, -7.72752], [147.59246, -7.72838], [147.59333, -7.72923], [147.59507, -7.72922]]], [[[147.62618, -7.72465], [147.62646, -7.72408], [147.62651, -7.72363], [147.62626, -7.72333], [147.62588, -7.72322], [147.62502, -7.72409], [147.62532, -7.72466], [147.62618, -7.72465]]], [[[147.61955, -7.72528], [147.62185, -7.72411], [147.62356, -7.72238], [147.62355, -7.72123], [147.62211, -7.72067], [147.61664, -7.72215], [147.61579, -7.72388], [147.61725, -7.7253], [147.61955, -7.72528]]], [[[147.62324, -7.71865], [147.62266, -7.71809], [147.62151, -7.71809], [147.62123, -7.71896], [147.62296, -7.71923], [147.62324, -7.71865]]], [[[147.61, -7.72077], [147.61114, -7.7199], [147.61084, -7.71876], [147.60939, -7.71763], [147.60795, -7.71763], [147.60709, -7.71908], [147.60884, -7.72078], [147.61, -7.72077]]], [[[147.63276, -7.71857], [147.63621, -7.71711], [147.63821, -7.71509], [147.6402, -7.71134], [147.6399, -7.70962], [147.63903, -7.70877], [147.6373, -7.70878], [147.63499, -7.70966], [147.63242, -7.71226], [147.62926, -7.71315], [147.6284, -7.71402], [147.62783, -7.71518], [147.62699, -7.71833], [147.62787, -7.71919], [147.62902, -7.71947], [147.63276, -7.71857]]], [[[147.53392, -7.6953], [147.53218, -7.69388], [147.52815, -7.6942], [147.52555, -7.6948], [147.52469, -7.69567], [147.5247, -7.69652], [147.52528, -7.6971], [147.52903, -7.69706], [147.53107, -7.69963], [147.53194, -7.69991], [147.53452, -7.69788], [147.53827, -7.69814], [147.53942, -7.69726], [147.53941, -7.6964], [147.53883, -7.69584], [147.53537, -7.69586], [147.53392, -7.6953]]], [[[147.5361, -7.64536], [147.5361, -7.64479], [147.53521, -7.64308], [147.53289, -7.6408], [147.53028, -7.63882], [147.5297, -7.63882], [147.52884, -7.63998], [147.52887, -7.64284], [147.5309, -7.64455], [147.53524, -7.64624], [147.5361, -7.64536]]], [[[147.42816, -7.56678], [147.42758, -7.56621], [147.42671, -7.56622], [147.42557, -7.56795], [147.42644, -7.56852], [147.42816, -7.56678]]], [[[147.43391, -7.56559], [147.43276, -7.56502], [147.4319, -7.56532], [147.4319, -7.56647], [147.43335, -7.56674], [147.43391, -7.56559]]], [[[147.43476, -7.56243], [147.43475, -7.56128], [147.43359, -7.561], [147.43301, -7.56158], [147.43303, -7.56301], [147.4339, -7.56358], [147.43476, -7.56243]]], [[[147.40611, -7.55118], [147.40726, -7.55031], [147.40754, -7.54916], [147.40667, -7.54831], [147.40609, -7.54831], [147.40495, -7.54918], [147.40467, -7.55033], [147.40525, -7.55119], [147.40611, -7.55118]]], [[[147.398, -7.51165], [147.39914, -7.51021], [147.39885, -7.50935], [147.39712, -7.50936], [147.39597, -7.51024], [147.39569, -7.51138], [147.39656, -7.51224], [147.398, -7.51165]]], [[[147.41558, -7.50979], [147.41557, -7.50921], [147.41499, -7.50864], [147.41442, -7.50894], [147.41442, -7.50951], [147.41501, -7.51008], [147.41558, -7.50979]]], [[[147.42393, -7.50915], [147.42565, -7.5077], [147.42506, -7.50598], [147.4242, -7.5057], [147.42218, -7.50601], [147.42103, -7.50687], [147.42104, -7.50831], [147.42191, -7.50916], [147.42393, -7.50915]]], [[[147.3443, -7.50434], [147.3443, -7.50377], [147.34372, -7.5032], [147.34314, -7.50349], [147.34315, -7.50406], [147.34373, -7.50463], [147.3443, -7.50434]]], [[[147.32785, -7.50246], [147.32871, -7.50131], [147.32869, -7.49873], [147.32751, -7.49616], [147.32664, -7.4953], [147.3252, -7.49503], [147.32405, -7.49561], [147.32406, -7.49733], [147.32495, -7.50048], [147.32582, -7.50162], [147.32699, -7.50247], [147.32785, -7.50246]]], [[[147.40334, -7.4941], [147.40246, -7.49325], [147.40103, -7.49384], [147.40103, -7.4947], [147.40277, -7.49497], [147.40334, -7.4941]]], [[[147.36828, -7.47316], [147.36942, -7.472], [147.36941, -7.47085], [147.36882, -7.46971], [147.36679, -7.46772], [147.36476, -7.46687], [147.3639, -7.46716], [147.36104, -7.46977], [147.36104, -7.47035], [147.36308, -7.47205], [147.36654, -7.47317], [147.36828, -7.47316]]], [[[147.237, -7.46388], [147.23727, -7.46245], [147.23669, -7.46188], [147.23496, -7.46218], [147.2344, -7.46304], [147.2344, -7.46447], [147.23585, -7.46504], [147.237, -7.46388]]], [[[147.32508, -7.44481], [147.32622, -7.44394], [147.32651, -7.44308], [147.32592, -7.44165], [147.32475, -7.44022], [147.32186, -7.43881], [147.321, -7.43939], [147.32101, -7.44026], [147.32275, -7.44225], [147.32334, -7.44397], [147.32421, -7.44482], [147.32508, -7.44481]]], [[[147.306, -7.43894], [147.30657, -7.43836], [147.30627, -7.4375], [147.30484, -7.43752], [147.30455, -7.43838], [147.30513, -7.43895], [147.306, -7.43894]]], [[[147.30509, -7.43378], [147.30452, -7.4335], [147.30394, -7.43407], [147.30395, -7.43465], [147.30452, -7.43493], [147.30509, -7.43378]]], [[[147.30192, -7.43438], [147.30307, -7.43322], [147.30306, -7.4315], [147.30248, -7.43122], [147.30075, -7.43123], [147.30018, -7.43296], [147.30135, -7.43438], [147.30192, -7.43438]]], [[[147.35156, -7.43914], [147.3498, -7.43514], [147.34978, -7.43256], [147.34919, -7.43113], [147.34802, -7.42999], [147.34574, -7.43231], [147.34257, -7.43262], [147.34113, -7.43377], [147.34029, -7.43579], [147.34031, -7.43838], [147.3406, -7.43923], [147.34206, -7.44066], [147.34493, -7.43948], [147.34608, -7.43948], [147.34869, -7.4406], [147.35099, -7.4403], [147.35156, -7.43914]]], [[[147.2722, -7.43146], [147.27219, -7.42974], [147.27131, -7.42745], [147.27072, -7.42717], [147.26929, -7.42718], [147.26786, -7.42891], [147.26758, -7.43064], [147.26933, -7.43263], [147.27106, -7.4329], [147.2722, -7.43146]]], [[[147.24808, -7.40726], [147.24691, -7.40612], [147.2469, -7.4044], [147.24976, -7.40179], [147.25376, -7.39631], [147.25317, -7.39488], [147.25057, -7.39519], [147.2477, -7.39636], [147.24023, -7.40015], [147.23937, -7.40102], [147.23596, -7.40621], [147.2331, -7.4091], [147.23283, -7.4114], [147.23486, -7.41368], [147.2366, -7.41482], [147.23748, -7.41653], [147.23808, -7.41882], [147.23812, -7.42427], [147.23957, -7.42569], [147.24246, -7.42653], [147.24535, -7.4268], [147.24766, -7.42764], [147.24883, -7.42906], [147.24942, -7.43193], [147.2503, -7.43278], [147.25202, -7.43219], [147.25376, -7.43247], [147.25521, -7.4336], [147.25722, -7.4333], [147.25837, -7.43186], [147.25835, -7.42985], [147.25659, -7.42613], [147.25686, -7.42355], [147.25944, -7.42123], [147.26432, -7.4189], [147.26806, -7.41829], [147.27037, -7.41913], [147.27125, -7.42085], [147.27127, -7.422], [147.27071, -7.4243], [147.27129, -7.42487], [147.27272, -7.42486], [147.27387, -7.42427], [147.27674, -7.42138], [147.27788, -7.41965], [147.27901, -7.41677], [147.27898, -7.4139], [147.27839, -7.41247], [147.27752, -7.41162], [147.2755, -7.41163], [147.27491, -7.40963], [147.27403, -7.40792], [147.27316, -7.40735], [147.27057, -7.40766], [147.26941, -7.40651], [147.2694, -7.40479], [147.27025, -7.40364], [147.27456, -7.40131], [147.27513, -7.40044], [147.27426, -7.39959], [147.2731, -7.39931], [147.27022, -7.39934], [147.2659, -7.40052], [147.25355, -7.40664], [147.2501, -7.40753], [147.24808, -7.40726]]], [[[147.24794, -7.39062], [147.24909, -7.39004], [147.25282, -7.38742], [147.25483, -7.38712], [147.25598, -7.38625], [147.25598, -7.38568], [147.25539, -7.38511], [147.25453, -7.38483], [147.25252, -7.38541], [147.24877, -7.38545], [147.24734, -7.38689], [147.24649, -7.38948], [147.24737, -7.39063], [147.24794, -7.39062]]], [[[147.22361, -7.37675], [147.22504, -7.37531], [147.22475, -7.37416], [147.22212, -7.37074], [147.22069, -7.37247], [147.22072, -7.37477], [147.22217, -7.37676], [147.22361, -7.37675]]], [[[147.21822, -7.35182], [147.22138, -7.34951], [147.22397, -7.34862], [147.22483, -7.34776], [147.2251, -7.3466], [147.22395, -7.34604], [147.21703, -7.34696], [147.21502, -7.34783], [147.21159, -7.35073], [147.21159, -7.35159], [147.21275, -7.35244], [147.21448, -7.35186], [147.21621, -7.35213], [147.21822, -7.35182]]], [[[147.20922, -7.343], [147.21122, -7.34126], [147.21121, -7.34011], [147.20975, -7.33812], [147.20889, -7.33784], [147.20744, -7.33814], [147.20573, -7.33987], [147.20488, -7.34131], [147.20489, -7.34218], [147.20662, -7.34302], [147.20922, -7.343]]], [[[147.15626, -7.24497], [147.15914, -7.24495], [147.16, -7.24409], [147.15854, -7.24266], [147.15594, -7.24125], [147.15421, -7.24155], [147.1528, -7.24443], [147.1528, -7.24529], [147.15425, -7.24614], [147.15626, -7.24497]]], [[[147.07576, -7.12591], [147.07691, -7.12504], [147.0769, -7.12361], [147.07574, -7.12333], [147.0746, -7.1242], [147.07432, -7.12535], [147.0749, -7.12592], [147.07576, -7.12591]]], [[[147.91164, -6.76443], [147.9122, -6.76357], [147.91073, -6.76042], [147.9093, -6.76043], [147.90787, -6.76217], [147.90817, -6.76303], [147.91048, -6.76444], [147.91164, -6.76443]]], [[[147.91822, -6.75949], [147.91879, -6.75892], [147.91877, -6.75748], [147.91762, -6.75663], [147.91675, -6.75692], [147.91677, -6.75836], [147.91764, -6.7595], [147.91822, -6.75949]]], [[[147.90437, -6.75703], [147.90321, -6.75646], [147.90004, -6.75649], [147.89745, -6.75709], [147.89631, -6.75796], [147.89574, -6.75941], [147.89777, -6.76025], [147.90007, -6.75937], [147.9018, -6.75935], [147.9044, -6.76105], [147.90526, -6.76047], [147.90554, -6.7596], [147.90437, -6.75703]]], [[[147.7754, -6.70245], [147.77539, -6.7013], [147.77451, -6.70016], [147.77365, -6.70045], [147.77366, -6.70102], [147.77396, -6.70245], [147.77483, -6.70302], [147.7754, -6.70245]]], [[[147.77999, -6.70068], [147.7797, -6.69982], [147.77883, -6.69983], [147.77855, -6.7007], [147.77942, -6.70126], [147.77999, -6.70068]]], [[[147.79462, -6.69855], [147.79553, -6.69854], [147.79639, -6.69738], [147.79581, -6.69681], [147.79379, -6.69655], [147.79322, -6.69769], [147.79381, -6.69855], [147.79462, -6.69855]]], [[[147.864, -6.65516], [147.8637, -6.65372], [147.86313, -6.65344], [147.86082, -6.65346], [147.85997, -6.65433], [147.85997, -6.65519], [147.86055, -6.65605], [147.86258, -6.65632], [147.864, -6.65516]]], [[[147.86423, -6.64797], [147.86451, -6.64654], [147.86421, -6.64539], [147.86277, -6.64569], [147.86279, -6.64827], [147.86366, -6.64855], [147.86423, -6.64797]]], [[[147.86787, -6.63617], [147.86872, -6.63444], [147.8687, -6.63186], [147.86782, -6.63014], [147.86638, -6.63015], [147.86553, -6.63217], [147.86555, -6.63475], [147.863, -6.63851], [147.86272, -6.64023], [147.86359, -6.64137], [147.86787, -6.63617]]], [[[147.86461, -6.62586], [147.86403, -6.62529], [147.86317, -6.6253], [147.8626, -6.62645], [147.86404, -6.62673], [147.86461, -6.62586]]], [[[147.86343, -6.62156], [147.86341, -6.62099], [147.86283, -6.62013], [147.86197, -6.62043], [147.86198, -6.62158], [147.86285, -6.62214], [147.86343, -6.62156]]], [[[147.59759, -6.08038], [147.59672, -6.07895], [147.59527, -6.07752], [147.5947, -6.07782], [147.5947, -6.07868], [147.59703, -6.08124], [147.59759, -6.08038]]], [[[148.02921, -5.96344], [148.02946, -5.95798], [148.03058, -5.95481], [148.032, -5.95336], [148.03458, -5.95219], [148.03775, -5.95187], [148.03946, -5.95071], [148.03946, -5.95013], [148.03859, -5.94927], [148.03772, -5.949], [148.03341, -5.94903], [148.03082, -5.94992], [148.0271, -5.95282], [148.02314, -5.95918], [148.02315, -5.96033], [148.02663, -5.96403], [148.02836, -5.96431], [148.02921, -5.96344]]], [[[147.33459, -5.91648], [147.33573, -5.91503], [147.33601, -5.91388], [147.33513, -5.91274], [147.33427, -5.91275], [147.33313, -5.91391], [147.33257, -5.91592], [147.33344, -5.91678], [147.33459, -5.91648]]], [[[148.09237, -5.91259], [148.09207, -5.91173], [148.0915, -5.91174], [148.09093, -5.91232], [148.09093, -5.91289], [148.0918, -5.91317], [148.09237, -5.91259]]], [[[148.03767, -5.91107], [148.03766, -5.91021], [148.03621, -5.90878], [148.03304, -5.90795], [148.03247, -5.90853], [148.03248, -5.90997], [148.03335, -5.91082], [148.03682, -5.91194], [148.03767, -5.91107]]], [[[148.02035, -5.90605], [148.02235, -5.90402], [148.01603, -5.90408], [148.01488, -5.90524], [148.01489, -5.90581], [148.01576, -5.90638], [148.02035, -5.90605]]], [[[148.05251, -5.89743], [148.05193, -5.89686], [148.05107, -5.89715], [148.05108, -5.89774], [148.05194, -5.89801], [148.05251, -5.89743]]], [[[147.94716, -5.89607], [147.94715, -5.89378], [147.94627, -5.89263], [147.94397, -5.89294], [147.94141, -5.89583], [147.94026, -5.89642], [147.93709, -5.89616], [147.93537, -5.89704], [147.93452, -5.89819], [147.93453, -5.89963], [147.9354, -5.90049], [147.94059, -5.9013], [147.94693, -5.90153], [147.94807, -5.90037], [147.94805, -5.89836], [147.94716, -5.89607]]], [[[147.93544, -5.87204], [147.93458, -5.87147], [147.93371, -5.87205], [147.93372, -5.87263], [147.93459, -5.8732], [147.93544, -5.87204]]], [[[147.92975, -5.84709], [147.92946, -5.84623], [147.92859, -5.84595], [147.92802, -5.84653], [147.92803, -5.8471], [147.92918, -5.84767], [147.92975, -5.84709]]], [[[147.93459, -5.84044], [147.93343, -5.8393], [147.93256, -5.83988], [147.93258, -5.84132], [147.93374, -5.84188], [147.93459, -5.84044]]], [[[147.99272, -5.84078], [147.99387, -5.83992], [147.99386, -5.83905], [147.99299, -5.83849], [147.9904, -5.83851], [147.98983, -5.83909], [147.98984, -5.83995], [147.99099, -5.8408], [147.99272, -5.84078]]], [[[147.00108, -7.99856], [147.17608, -7.99856], [147.20108, -8.04023], [147.26358, -7.99857], [147.57086, -7.99857], [147.71131, -7.99857], [147.95678, -7.99857], [147.95567, -7.99735], [147.95309, -7.99575], [147.95048, -7.99348], [147.94642, -7.99179], [147.94064, -7.99013], [147.93572, -7.98931], [147.93021, -7.98649], [147.92412, -7.98252], [147.92266, -7.98111], [147.91976, -7.9797], [147.91774, -7.97914], [147.91194, -7.97603], [147.90991, -7.97434], [147.90758, -7.97149], [147.90497, -7.9695], [147.89092, -7.95983], [147.89016, -7.95931], [147.88696, -7.95618], [147.88492, -7.95362], [147.88433, -7.95219], [147.87996, -7.94821], [147.87888, -7.94759], [147.87503, -7.94538], [147.87068, -7.94199], [147.86691, -7.94001], [147.86401, -7.93917], [147.86026, -7.93921], [147.8571, -7.93981], [147.85451, -7.94097], [147.85249, -7.94128], [147.84847, -7.94304], [147.84388, -7.94623], [147.84133, -7.95113], [147.83847, -7.95431], [147.83674, -7.95489], [147.83328, -7.95493], [147.82605, -7.95298], [147.82373, -7.95186], [147.82024, -7.94902], [147.81531, -7.94591], [147.80894, -7.9428], [147.80748, -7.9411], [147.80489, -7.9402], [147.78807, -7.93151], [147.78432, -7.93155], [147.77711, -7.93275], [147.77511, -7.93392], [147.77069, -7.93868], [147.76853, -7.94114], [147.76627, -7.9469], [147.76629, -7.95005], [147.76746, -7.95062], [147.76831, -7.94975], [147.7686, -7.94889], [147.76858, -7.94717], [147.76973, -7.9463], [147.77088, -7.94629], [147.77263, -7.94828], [147.77236, -7.95086], [147.77036, -7.9526], [147.76547, -7.95494], [147.76201, -7.95497], [147.75598, -7.95433], [147.75132, -7.95392], [147.74814, -7.95251], [147.74002, -7.94793], [147.73741, -7.94657], [147.73363, -7.94288], [147.73189, -7.94203], [147.73045, -7.94204], [147.72873, -7.94292], [147.72613, -7.94294], [147.72488, -7.94349], [147.72412, -7.94382], [147.72181, -7.94384], [147.71631, -7.94159], [147.71486, -7.94017], [147.71109, -7.93791], [147.70658, -7.93437], [147.69915, -7.92539], [147.6968, -7.92082], [147.69532, -7.91711], [147.69442, -7.91195], [147.69177, -7.90624], [147.6917, -7.89792], [147.69342, -7.89145], [147.69314, -7.89192], [147.69421, -7.88843], [147.6942, -7.88671], [147.69505, -7.88499], [147.69558, -7.88011], [147.69528, -7.87753], [147.69262, -7.87095], [147.69142, -7.8658], [147.6908, -7.86036], [147.69095, -7.84343], [147.69033, -7.83856], [147.68854, -7.83227], [147.68822, -7.82797], [147.68734, -7.82625], [147.68588, -7.82483], [147.68472, -7.82427], [147.68357, -7.82456], [147.68272, -7.82572], [147.68274, -7.8283], [147.68159, -7.82917], [147.67899, -7.82833], [147.67697, -7.82835], [147.67209, -7.83183], [147.66835, -7.83273], [147.66488, -7.83218], [147.65967, -7.82936], [147.6588, -7.82937], [147.65794, -7.83023], [147.65767, -7.83167], [147.65825, -7.8331], [147.65942, -7.83452], [147.6609, -7.83881], [147.66093, -7.84168], [147.65845, -7.84877], [147.65777, -7.84372], [147.65861, -7.84084], [147.6583, -7.83855], [147.65625, -7.83483], [147.65536, -7.83197], [147.65534, -7.82939], [147.6562, -7.82795], [147.65763, -7.82679], [147.65936, -7.82678], [147.6666, -7.83045], [147.6692, -7.83043], [147.67552, -7.82693], [147.67952, -7.82288], [147.6795, -7.82116], [147.67669, -7.81854], [147.6734, -7.81547], [147.67165, -7.81319], [147.66958, -7.80747], [147.66841, -7.80547], [147.66811, -7.80442], [147.66751, -7.80233], [147.6669, -7.79803], [147.6654, -7.79402], [147.66454, -7.79174], [147.66367, -7.79117], [147.6602, -7.79034], [147.65503, -7.79239], [147.65099, -7.79243], [147.64722, -7.79102], [147.64433, -7.79048], [147.64259, -7.78935], [147.63998, -7.78678], [147.63618, -7.78194], [147.63066, -7.7774], [147.62807, -7.77742], [147.62405, -7.78003], [147.62001, -7.78007], [147.61681, -7.7789], [147.61538, -7.77838], [147.61307, -7.77668], [147.61019, -7.77872], [147.60875, -7.77873], [147.60672, -7.7776], [147.60469, -7.77561], [147.60352, -7.77389], [147.60263, -7.77103], [147.59943, -7.76705], [147.59678, -7.76075], [147.59618, -7.75818], [147.5956, -7.7579], [147.59416, -7.7582], [147.5933, -7.75935], [147.59331, -7.76021], [147.59217, -7.76195], [147.59249, -7.76567], [147.59166, -7.77027], [147.59024, -7.77229], [147.59112, -7.77371], [147.59112, -7.77486], [147.58912, -7.77659], [147.58884, -7.77803], [147.58972, -7.77917], [147.59116, -7.77916], [147.5946, -7.77684], [147.59922, -7.77709], [147.60094, -7.77564], [147.60268, -7.77648], [147.60529, -7.77904], [147.60755, -7.78067], [147.61197, -7.78387], [147.61688, -7.78497], [147.61919, -7.78466], [147.62264, -7.7832], [147.62466, -7.78319], [147.63046, -7.78658], [147.63278, -7.78885], [147.63541, -7.79227], [147.6366, -7.79656], [147.63777, -7.79857], [147.63778, -7.79971], [147.63865, -7.80056], [147.64072, -7.80577], [147.64074, -7.80857], [147.63989, -7.81031], [147.63788, -7.81233], [147.63606, -7.81303], [147.63559, -7.81321], [147.63414, -7.81322], [147.63041, -7.81469], [147.62406, -7.81532], [147.62263, -7.8159], [147.61776, -7.82024], [147.61461, -7.82371], [147.61434, -7.82515], [147.61262, -7.8266], [147.61002, -7.82662], [147.60799, -7.82463], [147.6074, -7.8232], [147.60738, -7.82033], [147.60907, -7.81688], [147.60849, -7.8163], [147.60417, -7.81663], [147.60073, -7.81924], [147.59958, -7.81953], [147.59497, -7.81986], [147.5938, -7.81873], [147.59379, -7.817], [147.59665, -7.81468], [147.59722, -7.81353], [147.59894, -7.81208], [147.60153, -7.81206], [147.6021, -7.81091], [147.60123, -7.80948], [147.60179, -7.80862], [147.60554, -7.80859], [147.60756, -7.80742], [147.60986, -7.80683], [147.611, -7.80567], [147.61128, -7.80481], [147.61098, -7.80252], [147.60836, -7.80024], [147.60863, -7.79852], [147.61006, -7.79708], [147.61293, -7.79533], [147.61407, -7.79389], [147.61406, -7.79302], [147.61348, -7.79217], [147.61233, -7.79189], [147.61089, -7.79248], [147.6086, -7.79479], [147.60659, -7.79596], [147.60544, -7.79597], [147.60485, -7.79511], [147.60514, -7.79425], [147.60828, -7.79107], [147.60884, -7.78848], [147.60998, -7.78704], [147.60967, -7.78531], [147.60619, -7.78248], [147.60271, -7.78107], [147.60011, -7.77937], [147.59837, -7.77939], [147.59608, -7.78113], [147.59439, -7.78544], [147.59353, -7.78631], [147.59267, -7.78661], [147.59179, -7.78604], [147.59121, -7.78461], [147.58917, -7.78291], [147.58773, -7.78235], [147.58339, -7.78152], [147.58252, -7.78067], [147.58135, -7.77867], [147.58105, -7.77723], [147.58103, -7.77466], [147.58158, -7.77207], [147.583, -7.76976], [147.58334, -7.76812], [147.58328, -7.76783], [147.57951, -7.76578], [147.58283, -7.76706], [147.58366, -7.76715], [147.58402, -7.76689], [147.58499, -7.76602], [147.58556, -7.76487], [147.58555, -7.76401], [147.58439, -7.76287], [147.58156, -7.76266], [147.57918, -7.76119], [147.57717, -7.76121], [147.57515, -7.7618], [147.57428, -7.76066], [147.57338, -7.75694], [147.57276, -7.75206], [147.57389, -7.74919], [147.57703, -7.74543], [147.57847, -7.74456], [147.58049, -7.74454], [147.58309, -7.74509], [147.58482, -7.74623], [147.58629, -7.74851], [147.58774, -7.74907], [147.58859, -7.74849], [147.58916, -7.74734], [147.58965, -7.74547], [147.58997, -7.74044], [147.58908, -7.73758], [147.58876, -7.73328], [147.58932, -7.73156], [147.58873, -7.73013], [147.58815, -7.72985], [147.58152, -7.72962], [147.57919, -7.72763], [147.57657, -7.72421], [147.57568, -7.72221], [147.57564, -7.71762], [147.57675, -7.7113], [147.57558, -7.71016], [147.57269, -7.70903], [147.57007, -7.70676], [147.56833, -7.70591], [147.56342, -7.70424], [147.55938, -7.70427], [147.55593, -7.70545], [147.55506, -7.70517], [147.55332, -7.70403], [147.55217, -7.70433], [147.54988, -7.70664], [147.54672, -7.70868], [147.54327, -7.70957], [147.54098, -7.71188], [147.53982, -7.7116], [147.53981, -7.71045], [147.54209, -7.70671], [147.54179, -7.70499], [147.54092, -7.70385], [147.53832, -7.70387], [147.5363, -7.70475], [147.53402, -7.70707], [147.53287, -7.70736], [147.53113, -7.70594], [147.52853, -7.70625], [147.52795, -7.70568], [147.52908, -7.7028], [147.52878, -7.70165], [147.52763, -7.70167], [147.52506, -7.70455], [147.52391, -7.70514], [147.52044, -7.70488], [147.51814, -7.70576], [147.51699, -7.70548], [147.51553, -7.70434], [147.51006, -7.70439], [147.50658, -7.7027], [147.5057, -7.70156], [147.50512, -7.70013], [147.50597, -7.69897], [147.50741, -7.69867], [147.51203, -7.69893], [147.51375, -7.69805], [147.51374, -7.6969], [147.51258, -7.69548], [147.50911, -7.69407], [147.50736, -7.69237], [147.50706, -7.69122], [147.50619, -7.69037], [147.50504, -7.69038], [147.50074, -7.69472], [147.49904, -7.6976], [147.49789, -7.6979], [147.49701, -7.69675], [147.49699, -7.69389], [147.4987, -7.691], [147.50184, -7.68725], [147.50269, -7.68552], [147.5021, -7.68437], [147.50094, -7.68324], [147.49978, -7.68268], [147.48908, -7.67903], [147.48792, -7.6779], [147.48762, -7.67704], [147.48819, -7.67617], [147.48933, -7.67559], [147.49164, -7.67528], [147.49279, -7.67413], [147.4919, -7.67155], [147.49276, -7.6704], [147.49419, -7.66981], [147.49881, -7.66977], [147.50341, -7.66802], [147.50514, -7.66829], [147.50834, -7.67142], [147.51094, -7.67168], [147.51295, -7.67109], [147.51496, -7.66935], [147.51466, -7.66849], [147.51322, -7.66794], [147.51234, -7.66679], [147.51058, -7.66308], [147.50942, -7.66251], [147.50798, -7.66224], [147.50767, -7.66081], [147.50996, -7.65821], [147.50994, -7.65591], [147.50934, -7.65391], [147.50992, -7.65333], [147.51193, -7.65274], [147.51163, -7.65131], [147.50781, -7.6433], [147.50345, -7.63875], [147.50171, -7.63762], [147.49911, -7.63649], [147.49795, -7.6365], [147.49651, -7.63565], [147.49533, -7.63394], [147.49414, -7.62965], [147.49298, -7.62851], [147.49183, -7.62794], [147.48836, -7.62682], [147.48632, -7.62484], [147.48601, -7.62225], [147.48887, -7.61965], [147.48887, -7.61879], [147.48828, -7.61822], [147.48742, -7.61823], [147.48599, -7.61939], [147.48426, -7.61998], [147.48169, -7.62287], [147.47986, -7.62159], [147.47993, -7.61972], [147.47876, -7.61744], [147.47264, -7.60974], [147.46745, -7.61007], [147.46022, -7.60784], [147.45676, -7.60786], [147.45331, -7.60846], [147.45101, -7.6102], [147.45102, -7.61107], [147.4516, -7.61164], [147.45881, -7.61129], [147.46083, -7.61185], [147.46112, -7.6127], [147.45884, -7.61502], [147.45422, -7.61506], [147.45165, -7.61737], [147.44934, -7.61739], [147.44734, -7.61884], [147.44618, -7.61885], [147.44443, -7.61657], [147.44211, -7.61429], [147.43719, -7.61319], [147.43603, -7.61263], [147.43458, -7.6112], [147.4334, -7.60834], [147.43136, -7.60578], [147.43105, -7.60291], [147.43129, -7.59717], [147.43268, -7.59142], [147.43354, -7.58969], [147.43497, -7.58824], [147.43612, -7.58824], [147.43729, -7.58937], [147.43817, -7.59109], [147.43818, -7.59252], [147.43676, -7.59597], [147.43678, -7.59827], [147.43736, -7.59913], [147.43909, -7.59911], [147.44026, -7.60025], [147.43998, -7.6014], [147.43826, -7.60257], [147.43652, -7.602], [147.43508, -7.60202], [147.43451, -7.6026], [147.43453, -7.60546], [147.43628, -7.60717], [147.44204, -7.60684], [147.44782, -7.60765], [147.44896, -7.6065], [147.44895, -7.60535], [147.44808, -7.60421], [147.44806, -7.60277], [147.44777, -7.60191], [147.44662, -7.60164], [147.44516, -7.60021], [147.44515, -7.59849], [147.44572, -7.59763], [147.4457, -7.59476], [147.44684, -7.59388], [147.44771, -7.59388], [147.44973, -7.59501], [147.45323, -7.599], [147.45438, -7.59899], [147.45696, -7.59753], [147.45984, -7.59665], [147.4633, -7.59691], [147.46616, -7.59402], [147.46643, -7.592], [147.46526, -7.59001], [147.46439, -7.58915], [147.46207, -7.58831], [147.46093, -7.58832], [147.45834, -7.58949], [147.45574, -7.58951], [147.45286, -7.58896], [147.44561, -7.58443], [147.4433, -7.58387], [147.43955, -7.58391], [147.4355, -7.58279], [147.43405, -7.58165], [147.43402, -7.57879], [147.43459, -7.57763], [147.43458, -7.5762], [147.43371, -7.57477], [147.4331, -7.57076], [147.43164, -7.56905], [147.42933, -7.56878], [147.4279, -7.56937], [147.42417, -7.57255], [147.42244, -7.57256], [147.41868, -7.57145], [147.41578, -7.56976], [147.41257, -7.56576], [147.41053, -7.56262], [147.41023, -7.5609], [147.41109, -7.56032], [147.4134, -7.56059], [147.41397, -7.55973], [147.41394, -7.55657], [147.41335, -7.55485], [147.41248, -7.55457], [147.40933, -7.55661], [147.40674, -7.55663], [147.40528, -7.55549], [147.40442, -7.5555], [147.40328, -7.55695], [147.40243, -7.55925], [147.40246, -7.56269], [147.40393, -7.56641], [147.40394, -7.56727], [147.40337, -7.56842], [147.39993, -7.57046], [147.39907, -7.57132], [147.3988, -7.57362], [147.39708, -7.57564], [147.39565, -7.57623], [147.38988, -7.57657], [147.38901, -7.57628], [147.38698, -7.57372], [147.38693, -7.56827], [147.38864, -7.56625], [147.39123, -7.56479], [147.39266, -7.56306], [147.39265, -7.56133], [147.39206, -7.56019], [147.38425, -7.55767], [147.38163, -7.5554], [147.38161, -7.55167], [147.38331, -7.5485], [147.38503, -7.54676], [147.38385, -7.54448], [147.38124, -7.5422], [147.38035, -7.53992], [147.37843, -7.53784], [147.37859, -7.53591], [147.37538, -7.53106], [147.37507, -7.52877], [147.37592, -7.52675], [147.37505, -7.52532], [147.37274, -7.52535], [147.36871, -7.52623], [147.36325, -7.52829], [147.35837, -7.53148], [147.35752, -7.53264], [147.35752, -7.53379], [147.3581, -7.53436], [147.35926, -7.53435], [147.36126, -7.53289], [147.36213, -7.53289], [147.36242, -7.53432], [147.36194, -7.53489], [147.36043, -7.53663], [147.35784, -7.53751], [147.35467, -7.53754], [147.35178, -7.5367], [147.34859, -7.53501], [147.34626, -7.53187], [147.34507, -7.52786], [147.34505, -7.52557], [147.34675, -7.52096], [147.3476, -7.51981], [147.34904, -7.51922], [147.3562, -7.51257], [147.35878, -7.51054], [147.36107, -7.50937], [147.36309, -7.50906], [147.36423, -7.50762], [147.36307, -7.50677], [147.35558, -7.50769], [147.35156, -7.50945], [147.34953, -7.50831], [147.34809, -7.50833], [147.34694, -7.50948], [147.3455, -7.50978], [147.34463, -7.50893], [147.34433, -7.50721], [147.34403, -7.50664], [147.34288, -7.50636], [147.34174, -7.50867], [147.34088, -7.50924], [147.33973, -7.50926], [147.3374, -7.5064], [147.33624, -7.50527], [147.33421, -7.50471], [147.33307, -7.50587], [147.33223, -7.50817], [147.33224, -7.51046], [147.33053, -7.51249], [147.32938, -7.51278], [147.32738, -7.51452], [147.32593, -7.51482], [147.32448, -7.51339], [147.32474, -7.50938], [147.32386, -7.50824], [147.32099, -7.50883], [147.31925, -7.50828], [147.31637, -7.50916], [147.31378, -7.50918], [147.31116, -7.5069], [147.30886, -7.50692], [147.30771, -7.50779], [147.30714, -7.50923], [147.30717, -7.5121], [147.30545, -7.51384], [147.3043, -7.51413], [147.30082, -7.51158], [147.3008, -7.50871], [147.29876, -7.50614], [147.29816, -7.50357], [147.29871, -7.5004], [147.30071, -7.49838], [147.30359, -7.49835], [147.30445, -7.49691], [147.30386, -7.49491], [147.30152, -7.49091], [147.29978, -7.48949], [147.29891, -7.4895], [147.29777, -7.49123], [147.29721, -7.49324], [147.29521, -7.49527], [147.29406, -7.49585], [147.29262, -7.49586], [147.2903, -7.49416], [147.28914, -7.49388], [147.2874, -7.49246], [147.28625, -7.49276], [147.28686, -7.49648], [147.28603, -7.50079], [147.28547, -7.50252], [147.28432, -7.50368], [147.28345, -7.5034], [147.28171, -7.50169], [147.28083, -7.49968], [147.27937, -7.49798], [147.27706, -7.49656], [147.27359, -7.4963], [147.26899, -7.49835], [147.26668, -7.49837], [147.26581, -7.49694], [147.26636, -7.49406], [147.2675, -7.49204], [147.27008, -7.49002], [147.27122, -7.48828], [147.2714, -7.48754], [147.27178, -7.48599], [147.2732, -7.48425], [147.27694, -7.48279], [147.28126, -7.48275], [147.28471, -7.48072], [147.28558, -7.48071], [147.28615, -7.48099], [147.28704, -7.48357], [147.28849, -7.4847], [147.28936, -7.48441], [147.29078, -7.48268], [147.29247, -7.47807], [147.29189, -7.47693], [147.28841, -7.47495], [147.28754, -7.47381], [147.28638, -7.47324], [147.28551, -7.47354], [147.28323, -7.47614], [147.27948, -7.47616], [147.27662, -7.4782], [147.27057, -7.47882], [147.26596, -7.48], [147.26451, -7.47973], [147.26103, -7.47689], [147.26102, -7.47517], [147.26245, -7.47343], [147.26271, -7.47056], [147.26443, -7.46854], [147.26587, -7.46853], [147.26732, -7.46938], [147.26846, -7.46822], [147.26845, -7.46621], [147.26581, -7.46164], [147.26466, -7.46108], [147.2586, -7.46113], [147.25717, -7.46286], [147.25719, -7.46544], [147.25866, -7.46888], [147.25839, -7.47117], [147.25639, -7.47348], [147.25295, -7.47523], [147.25152, -7.47696], [147.25126, -7.48012], [147.25213, -7.48098], [147.25213, -7.48155], [147.25128, -7.48242], [147.24868, -7.48301], [147.24725, -7.48417], [147.24495, -7.48505], [147.23861, -7.48567], [147.234, -7.48543], [147.23141, -7.48602], [147.22939, -7.4869], [147.22767, -7.48806], [147.22682, -7.48892], [147.22512, -7.49295], [147.22283, -7.49527], [147.22168, -7.49585], [147.21937, -7.49587], [147.21676, -7.4936], [147.21588, -7.49159], [147.21556, -7.48787], [147.21611, -7.48528], [147.22069, -7.47979], [147.22382, -7.4746], [147.2258, -7.46913], [147.22577, -7.46569], [147.22489, -7.46426], [147.22344, -7.46284], [147.2217, -7.46228], [147.21882, -7.46259], [147.21537, -7.46463], [147.2102, -7.46668], [147.20848, -7.46812], [147.20675, -7.46814], [147.20588, -7.46729], [147.20498, -7.46299], [147.20382, -7.46213], [147.2018, -7.46186], [147.19835, -7.46304], [147.19634, -7.4642], [147.19405, -7.46623], [147.19203, -7.46625], [147.19087, -7.46568], [147.18857, -7.4657], [147.18713, -7.46629], [147.18511, -7.4663], [147.18106, -7.46519], [147.17932, -7.46376], [147.1792, -7.4635], [147.17815, -7.46119], [147.17871, -7.4586], [147.17984, -7.45659], [147.18185, -7.45485], [147.18443, -7.45368], [147.18616, -7.45223], [147.18706, -7.45183], [147.18817, -7.45135], [147.19449, -7.44959], [147.19878, -7.44495], [147.2002, -7.44265], [147.20048, -7.44064], [147.19987, -7.43605], [147.19928, -7.43434], [147.19922, -7.42802], [147.19833, -7.42401], [147.19745, -7.42259], [147.196, -7.42145], [147.19312, -7.4209], [147.19168, -7.42148], [147.18881, -7.4238], [147.18651, -7.42497], [147.18422, -7.42728], [147.18221, -7.42729], [147.18047, -7.42645], [147.17902, -7.42503], [147.17814, -7.42331], [147.17494, -7.42018], [147.17435, -7.41674], [147.17403, -7.41474], [147.172, -7.41303], [147.17027, -7.41304], [147.16853, -7.41162], [147.16822, -7.40904], [147.16879, -7.40731], [147.17108, -7.405], [147.17251, -7.40442], [147.17453, -7.4044], [147.17567, -7.40353], [147.17567, -7.40267], [147.17336, -7.40182], [147.16701, -7.40188], [147.16528, -7.40103], [147.16382, -7.39961], [147.1638, -7.39702], [147.16694, -7.39269], [147.16691, -7.38868], [147.16891, -7.38665], [147.16861, -7.38522], [147.16774, -7.38436], [147.16572, -7.38438], [147.16457, -7.38554], [147.16401, -7.38698], [147.16229, -7.38843], [147.1597, -7.38845], [147.15767, -7.38732], [147.15391, -7.38619], [147.14696, -7.38223], [147.14435, -7.37996], [147.14376, -7.37852], [147.14345, -7.37537], [147.14459, -7.37393], [147.14543, -7.37134], [147.1431, -7.36849], [147.14251, -7.36706], [147.14249, -7.36448], [147.14335, -7.36303], [147.14564, -7.36101], [147.146, -7.35933], [147.14416, -7.35614], [147.14443, -7.35326], [147.14592, -7.35197], [147.14643, -7.35153], [147.14932, -7.35151], [147.15017, -7.35064], [147.15131, -7.34805], [147.15302, -7.34631], [147.15417, -7.34573], [147.15617, -7.34342], [147.15615, -7.3417], [147.15469, -7.33855], [147.15295, -7.33684], [147.15006, -7.33687], [147.14489, -7.33891], [147.1426, -7.34094], [147.14115, -7.34066], [147.14028, -7.33981], [147.14026, -7.33723], [147.13939, -7.33609], [147.13852, -7.33581], [147.13449, -7.33613], [147.13245, -7.33413], [147.13212, -7.33334], [147.13062, -7.32992], [147.13153, -7.32668], [147.13151, -7.32324], [147.13293, -7.32179], [147.13409, -7.3214], [147.13466, -7.3212], [147.13725, -7.32118], [147.13898, -7.3206], [147.14212, -7.31741], [147.14383, -7.3151], [147.1441, -7.31166], [147.14495, -7.31021], [147.14782, -7.30761], [147.1504, -7.30644], [147.15183, -7.30499], [147.15124, -7.30356], [147.1498, -7.30358], [147.14721, -7.30417], [147.14548, -7.3039], [147.14257, -7.30076], [147.13939, -7.29992], [147.13881, -7.29993], [147.13535, -7.29996], [147.13306, -7.30084], [147.12931, -7.30118], [147.127, -7.30002], [147.12554, -7.29831], [147.12463, -7.29287], [147.12486, -7.28512], [147.12598, -7.28081], [147.12796, -7.27677], [147.1311, -7.27272], [147.13252, -7.26956], [147.13392, -7.2638], [147.13446, -7.2595], [147.13672, -7.25345], [147.13671, -7.25173], [147.13955, -7.24597], [147.13952, -7.24368], [147.13836, -7.2411], [147.13544, -7.23711], [147.13484, -7.23453], [147.13344, -7.22444], [147.13476, -7.22305], [147.13359, -7.2219], [147.13157, -7.22135], [147.12983, -7.21964], [147.12865, -7.21735], [147.12776, -7.21334], [147.12659, -7.21105], [147.12337, -7.20591], [147.1219, -7.20133], [147.12014, -7.19819], [147.11724, -7.19534], [147.11434, -7.19364], [147.10931, -7.18899], [147.10185, -7.18168], [147.09719, -7.17598], [147.0934, -7.17027], [147.09079, -7.1677], [147.08732, -7.16601], [147.0847, -7.16316], [147.08008, -7.1629], [147.07777, -7.16178], [147.07515, -7.15921], [147.07282, -7.1555], [147.07137, -7.15408], [147.06848, -7.15352], [147.06443, -7.15184], [147.06126, -7.15128], [147.05837, -7.14987], [147.05516, -7.14934], [147.0543, -7.14617], [147.05454, -7.14014], [147.05568, -7.13755], [147.05682, -7.13639], [147.05769, -7.1361], [147.06259, -7.13635], [147.06374, -7.13576], [147.06459, -7.13461], [147.06487, -7.13317], [147.06456, -7.13174], [147.06052, -7.13034], [147.05791, -7.12835], [147.05732, -7.12692], [147.05729, -7.12318], [147.05786, -7.12175], [147.06158, -7.11827], [147.063, -7.11596], [147.06473, -7.11566], [147.0656, -7.11652], [147.06619, -7.11795], [147.06706, -7.11852], [147.06992, -7.11505], [147.07193, -7.11446], [147.07278, -7.11359], [147.07249, -7.11245], [147.07104, -7.11073], [147.07015, -7.10787], [147.07013, -7.10615], [147.07183, -7.1024], [147.0721, -7.10011], [147.06917, -7.09381], [147.06941, -7.08779], [147.07083, -7.08432], [147.07082, -7.08318], [147.06994, -7.08146], [147.06908, -7.08118], [147.06533, -7.08121], [147.06102, -7.08383], [147.05987, -7.08355], [147.05292, -7.07987], [147.0506, -7.07759], [147.04884, -7.07446], [147.04503, -7.06587], [147.04501, -7.06328], [147.04557, -7.06127], [147.04671, -7.05925], [147.04871, -7.05694], [147.05273, -7.05461], [147.05445, -7.05431], [147.05588, -7.05287], [147.05615, -7.05028], [147.05699, -7.04769], [147.05955, -7.04279], [147.06556, -7.03643], [147.06896, -7.02951], [147.07181, -7.02604], [147.07208, -7.02317], [147.07177, -7.02088], [147.07089, -7.0183], [147.06884, -7.01401], [147.06739, -7.01345], [147.06566, -7.01346], [147.06452, -7.01405], [147.06251, -7.01607], [147.06166, -7.0178], [147.06168, -7.01923], [147.06226, -7.02038], [147.06228, -7.0221], [147.06142, -7.02411], [147.06145, -7.02785], [147.0606, -7.02871], [147.058, -7.02816], [147.05627, -7.02817], [147.05455, -7.02905], [147.05369, -7.03078], [147.05545, -7.03392], [147.05345, -7.03595], [147.05346, -7.03767], [147.05434, -7.03967], [147.05521, -7.04053], [147.05637, -7.04081], [147.05724, -7.04166], [147.05668, -7.04396], [147.05353, -7.04714], [147.05012, -7.05205], [147.04497, -7.05783], [147.04297, -7.05957], [147.04095, -7.05958], [147.0392, -7.05787], [147.03826, -7.04755], [147.03681, -7.04555], [147.03565, -7.04527], [147.03277, -7.04529], [147.02959, -7.04446], [147.02618, -7.04209], [147.02149, -7.04021], [147.02033, -7.03879], [147.01827, -7.03449], [147.01768, -7.0322], [147.01766, -7.03019], [147.01649, -7.02762], [147.01534, -7.02705], [147.0139, -7.02706], [147.01246, -7.02794], [147.0064, -7.02769], [147.00409, -7.02714], [147.00151, -7.02831], [146.99949, -7.02804], [146.99775, -7.02662], [146.99396, -7.02148], [146.99194, -7.02092], [146.98964, -7.02094], [146.98848, -7.02037], [146.98587, -7.01781], [146.98499, -7.01609], [146.98351, -7.01094], [146.98319, -7.00663], [146.9826, -7.00491], [146.97997, -7.00005], [146.97908, -6.9969], [146.97877, -6.99375], [146.979, -6.98714], [146.97784, -6.98514], [146.97406, -6.98115], [146.97146, -6.98031], [146.96512, -6.98064], [146.96225, -6.9821], [146.95908, -6.98212], [146.95592, -6.9833], [146.95419, -6.98331], [146.95246, -6.98246], [146.95013, -6.98018], [146.94867, -6.9779], [146.94749, -6.9736], [146.94687, -6.96872], [146.94686, -6.96616], [146.94678, -6.95696], [146.94726, -6.95202], [146.94758, -6.94862], [146.94843, -6.94575], [146.9487, -6.94344], [146.94894, -6.93684], [146.94565, -6.92136], [146.94587, -6.91275], [146.94782, -6.9044], [146.94867, -6.90268], [146.94867, -6.90153], [146.94979, -6.89893], [146.95187, -6.89059], [146.9523, -6.88715], [146.95168, -6.88084], [146.95109, -6.87969], [146.95138, -6.87883], [146.95048, -6.87511], [146.94929, -6.87153], [146.94753, -6.86622], [146.94751, -6.86335], [146.94661, -6.85934], [146.94627, -6.85203], [146.9462, -6.84336], [146.94618, -6.84011], [146.94664, -6.83002], [146.94717, -6.82], [146.94828, -6.8131], [146.94906, -6.81005], [146.95136, -6.80102], [146.9519, -6.7967], [146.95274, -6.79412], [146.953, -6.79038], [146.95412, -6.78578], [146.95497, -6.78434], [146.95553, -6.78175], [146.95579, -6.7783], [146.95776, -6.77168], [146.96172, -6.76217], [146.96227, -6.7593], [146.96158, -6.75539], [146.96078, -6.75185], [146.96247, -6.74781], [146.96333, -6.74723], [146.96477, -6.74693], [146.96794, -6.74691], [146.96937, -6.74574], [146.96907, -6.74402], [146.96559, -6.74061], [146.96182, -6.73776], [146.95806, -6.73636], [146.95286, -6.73353], [146.94851, -6.73011], [146.94702, -6.72409], [146.94586, -6.72209], [146.9444, -6.72067], [146.94093, -6.71811], [146.9366, -6.71699], [146.93314, -6.71393], [146.93917, -6.71439], [146.94148, -6.71552], [146.94467, -6.71808], [146.94572, -6.7192], [146.94816, -6.72179], [146.9502, -6.72608], [146.95397, -6.7295], [146.95774, -6.73148], [146.9586, -6.73148], [146.96294, -6.73431], [146.96527, -6.73659], [146.97046, -6.7377], [146.97191, -6.73826], [146.97336, -6.73969], [146.97424, -6.74141], [146.9754, -6.74255], [146.97597, -6.74254], [146.97711, -6.7411], [146.97711, -6.73994], [146.97882, -6.73821], [146.98113, -6.73791], [146.98257, -6.73846], [146.98344, -6.7399], [146.9849, -6.74132], [146.98692, -6.74217], [146.99067, -6.743], [146.99383, -6.74269], [146.99613, -6.74152], [147.00016, -6.74063], [147.00217, -6.73975], [147.00561, -6.73743], [147.0082, -6.73741], [147.01052, -6.73969], [147.01426, -6.73937], [147.01658, -6.73785], [147.01772, -6.73776], [147.02048, -6.73753], [147.02692, -6.73698], [147.03153, -6.73608], [147.0367, -6.73432], [147.039, -6.73401], [147.04101, -6.73342], [147.04531, -6.7308], [147.05283, -6.72798], [147.0565, -6.72498], [147.06311, -6.72148], [147.07083, -6.71481], [147.07312, -6.71221], [147.07398, -6.71192], [147.07655, -6.70845], [147.08113, -6.70526], [147.08437, -6.70491], [147.09006, -6.7049], [147.09149, -6.70374], [147.09264, -6.70373], [147.09466, -6.70515], [147.09844, -6.70544], [147.10535, -6.70794], [147.11772, -6.7076], [147.11975, -6.70754], [147.12321, -6.70866], [147.13361, -6.70813], [147.13847, -6.70625], [147.14192, -6.70594], [147.14438, -6.70525], [147.14508, -6.70505], [147.1468, -6.70389], [147.14882, -6.70329], [147.15083, -6.70328], [147.15487, -6.70468], [147.15979, -6.70723], [147.1624, -6.70893], [147.16617, -6.71206], [147.1685, -6.71578], [147.17054, -6.71834], [147.17392, -6.72037], [147.17922, -6.72258], [147.18066, -6.72343], [147.18183, -6.72515], [147.18243, -6.72801], [147.18388, -6.72944], [147.18878, -6.7294], [147.19225, -6.73109], [147.19428, -6.73252], [147.19893, -6.73764], [147.1998, -6.73822], [147.20152, -6.7382], [147.20419, -6.73714], [147.2159, -6.73492], [147.21907, -6.7349], [147.22994, -6.73496], [147.24125, -6.73501], [147.24313, -6.73424], [147.24728, -6.73209], [147.24901, -6.73179], [147.25189, -6.73177], [147.25506, -6.73232], [147.25621, -6.73173], [147.25909, -6.73171], [147.26054, -6.73285], [147.26171, -6.73542], [147.26317, -6.73713], [147.26722, -6.73997], [147.27012, -6.74139], [147.27358, -6.74193], [147.2753, -6.74135], [147.27702, -6.73961], [147.27962, -6.73842], [147.28496, -6.73866], [147.28797, -6.74038], [147.29028, -6.74037], [147.29315, -6.73891], [147.29602, -6.73859], [147.30237, -6.73883], [147.30554, -6.73967], [147.31393, -6.74391], [147.31919, -6.74549], [147.32201, -6.74712], [147.34248, -6.74712], [147.34678, -6.74537], [147.34957, -6.74351], [147.3548, -6.73927], [147.35796, -6.73838], [147.35911, -6.73752], [147.36254, -6.73433], [147.36598, -6.73257], [147.36915, -6.73255], [147.37349, -6.73424], [147.37521, -6.73393], [147.37693, -6.7322], [147.3815, -6.72671], [147.38272, -6.7241], [147.3895, -6.71917], [147.39382, -6.71914], [147.397, -6.71998], [147.39903, -6.72226], [147.40105, -6.72224], [147.40651, -6.72047], [147.40967, -6.72045], [147.41112, -6.72101], [147.41687, -6.72067], [147.41977, -6.72151], [147.43134, -6.72687], [147.4406, -6.73196], [147.44262, -6.73252], [147.44636, -6.73221], [147.45037, -6.73035], [147.45526, -6.72782], [147.45755, -6.72723], [147.45957, -6.72722], [147.46159, -6.72778], [147.46183, -6.72798], [147.46479, -6.73062], [147.47089, -6.73397], [147.47405, -6.73571], [147.47952, -6.73567], [147.48068, -6.73623], [147.48442, -6.7362], [147.48616, -6.73676], [147.48991, -6.73902], [147.49943, -6.73894], [147.50635, -6.74032], [147.51069, -6.74201], [147.51559, -6.74226], [147.5231, -6.74507], [147.52454, -6.7442], [147.52711, -6.74187], [147.52999, -6.74214], [147.53375, -6.7444], [147.53555, -6.74426], [147.54037, -6.74292], [147.54294, -6.74088], [147.54495, -6.74001], [147.54669, -6.74027], [147.54814, -6.74227], [147.54872, -6.74227], [147.55044, -6.74111], [147.55188, -6.74081], [147.5539, -6.74165], [147.5568, -6.74364], [147.55939, -6.74419], [147.56286, -6.74588], [147.5646, -6.74587], [147.57006, -6.74496], [147.57468, -6.74579], [147.57611, -6.74549], [147.57639, -6.74376], [147.5755, -6.74061], [147.57375, -6.73804], [147.57198, -6.73289], [147.56907, -6.73004], [147.56932, -6.72544], [147.57101, -6.72141], [147.57184, -6.71738], [147.57326, -6.71479], [147.57583, -6.71218], [147.58013, -6.70841], [147.58531, -6.70808], [147.58703, -6.70721], [147.58847, -6.70719], [147.59107, -6.70832], [147.59281, -6.70974], [147.59454, -6.70944], [147.5977, -6.7073], [147.59771, -6.70942], [147.59916, -6.71055], [147.60521, -6.71021], [147.60837, -6.70961], [147.6096, -6.70898], [147.61411, -6.70669], [147.61727, -6.70637], [147.61957, -6.70549], [147.62187, -6.70548], [147.62303, -6.70604], [147.62476, -6.70602], [147.62676, -6.70429], [147.6282, -6.70398], [147.62994, -6.7057], [147.63283, -6.7074], [147.63515, -6.70823], [147.63778, -6.7076], [147.64295, -6.71133], [147.64497, -6.71188], [147.64786, -6.71186], [147.65102, -6.71126], [147.65331, -6.71009], [147.65646, -6.70719], [147.65788, -6.70517], [147.65986, -6.70027], [147.66157, -6.69854], [147.66616, -6.69649], [147.66847, -6.69646], [147.67424, -6.69814], [147.67627, -6.69956], [147.67772, -6.69983], [147.6803, -6.69895], [147.68174, -6.69922], [147.6832, -6.70065], [147.68408, -6.70236], [147.68552, -6.70321], [147.69361, -6.70544], [147.69937, -6.70539], [147.70166, -6.70451], [147.70339, -6.7045], [147.70513, -6.70563], [147.70687, -6.70619], [147.70917, -6.70588], [147.71175, -6.70471], [147.71521, -6.70411], [147.72788, -6.70429], [147.73019, -6.70456], [147.73221, -6.7054], [147.73425, -6.70768], [147.73627, -6.70824], [147.74376, -6.70789], [147.74578, -6.70902], [147.7478, -6.70871], [147.74923, -6.70784], [147.7538, -6.70292], [147.75724, -6.70059], [147.76068, -6.69941], [147.76523, -6.69647], [147.76757, -6.69734], [147.77448, -6.69613], [147.77823, -6.6961], [147.78323, -6.69689], [147.78687, -6.69689], [147.78975, -6.696], [147.79161, -6.69505], [147.79261, -6.69454], [147.79347, -6.69281], [147.79433, -6.69195], [147.79577, -6.6925], [147.79549, -6.69452], [147.79637, -6.69508], [147.79866, -6.6942], [147.80039, -6.69419], [147.80585, -6.69242], [147.80729, -6.6924], [147.8093, -6.69153], [147.81101, -6.68921], [147.81156, -6.68691], [147.81242, -6.68575], [147.81672, -6.68371], [147.81844, -6.68226], [147.81957, -6.67995], [147.82128, -6.67792], [147.82328, -6.67676], [147.82899, -6.67039], [147.83382, -6.66231], [147.84046, -6.65675], [147.84702, -6.65617], [147.84902, -6.65529], [147.85131, -6.65297], [147.85187, -6.65153], [147.85154, -6.64607], [147.85268, -6.64434], [147.85501, -6.64748], [147.85646, -6.6489], [147.85733, -6.64918], [147.85847, -6.64802], [147.85845, -6.64486], [147.85986, -6.64256], [147.85867, -6.63854], [147.85864, -6.63539], [147.85978, -6.63279], [147.86063, -6.63192], [147.86178, -6.63191], [147.86408, -6.63046], [147.86407, -6.6293], [147.8632, -6.62846], [147.86118, -6.62876], [147.86031, -6.62848], [147.85857, -6.62648], [147.85709, -6.62133], [147.85677, -6.61846], [147.85762, -6.6173], [147.85907, -6.61786], [147.85994, -6.61786], [147.86079, -6.61728], [147.86136, -6.61641], [147.85699, -6.61042], [147.8564, -6.60898], [147.85638, -6.60669], [147.85808, -6.60294], [147.85893, -6.60207], [147.85921, -6.60092], [147.85747, -6.59921], [147.85715, -6.59634], [147.85627, -6.59434], [147.85481, -6.59292], [147.85193, -6.59265], [147.84964, -6.59354], [147.84503, -6.59357], [147.84243, -6.59245], [147.8404, -6.59074], [147.83896, -6.59018], [147.83694, -6.59077], [147.83552, -6.59222], [147.83178, -6.59369], [147.82747, -6.59488], [147.82574, -6.59489], [147.82429, -6.59376], [147.82427, -6.59089], [147.82367, -6.58946], [147.82079, -6.58919], [147.81744, -6.59021], [147.8182, -6.58806], [147.82134, -6.58603], [147.82566, -6.58599], [147.82825, -6.58511], [147.83111, -6.58336], [147.83568, -6.57843], [147.83712, -6.57785], [147.84287, -6.57751], [147.84547, -6.57806], [147.84777, -6.57718], [147.84977, -6.57544], [147.85034, -6.57458], [147.85004, -6.57314], [147.8477, -6.56971], [147.84769, -6.56799], [147.84853, -6.56569], [147.84765, -6.56311], [147.84762, -6.55995], [147.84931, -6.55563], [147.84986, -6.55304], [147.84982, -6.54873], [147.84924, -6.54759], [147.8478, -6.54731], [147.84694, -6.54818], [147.84611, -6.5525], [147.84643, -6.55594], [147.84503, -6.56026], [147.84509, -6.56744], [147.84423, -6.5686], [147.84279, -6.56746], [147.84267, -6.55425], [147.84208, -6.55196], [147.83915, -6.54739], [147.83479, -6.54197], [147.83332, -6.5394], [147.83271, -6.53452], [147.83123, -6.52994], [147.83089, -6.5242], [147.83159, -6.51783], [147.8328, -6.51212], [147.83451, -6.5098], [147.83507, -6.50808], [147.83963, -6.50229], [147.84247, -6.49768], [147.84586, -6.49075], [147.84583, -6.48759], [147.84408, -6.48474], [147.84175, -6.48217], [147.83944, -6.48047], [147.83939, -6.4753], [147.84007, -6.47285], [147.8431, -6.47124], [147.8451, -6.46922], [147.84736, -6.46489], [147.8482, -6.46201], [147.85048, -6.45797], [147.85103, -6.45595], [147.85097, -6.44935], [147.8515, -6.44331], [147.85319, -6.4387], [147.85342, -6.43295], [147.85138, -6.42952], [147.85077, -6.42551], [147.84989, -6.4238], [147.84729, -6.42296], [147.84584, -6.42182], [147.84436, -6.41724], [147.84404, -6.41437], [147.84316, -6.41208], [147.842, -6.41094], [147.84113, -6.41094], [147.84026, -6.41009], [147.84025, -6.40837], [147.84081, -6.4075], [147.84284, -6.40835], [147.8454, -6.40545], [147.84598, -6.40458], [147.84567, -6.40315], [147.84279, -6.40318], [147.84047, -6.40119], [147.83697, -6.39547], [147.83695, -6.39375], [147.8378, -6.39259], [147.83663, -6.39088], [147.83549, -6.39089], [147.83433, -6.39004], [147.83374, -6.38889], [147.83372, -6.38717], [147.83131, -6.38475], [147.83081, -6.38231], [147.83166, -6.38087], [147.83164, -6.37886], [147.83047, -6.37743], [147.82817, -6.37688], [147.82613, -6.3746], [147.82179, -6.37234], [147.82005, -6.3712], [147.81744, -6.36807], [147.81377, -6.36761], [147.81223, -6.36581], [147.8119, -6.36036], [147.81072, -6.35807], [147.80644, -6.35478], [147.80779, -6.35178], [147.80804, -6.34718], [147.80945, -6.3443], [147.81, -6.34113], [147.81113, -6.33854], [147.81224, -6.33278], [147.81192, -6.32991], [147.81016, -6.3259], [147.80723, -6.32105], [147.80462, -6.31848], [147.80318, -6.31821], [147.80028, -6.31651], [147.79796, -6.31423], [147.79623, -6.31367], [147.79162, -6.31371], [147.78903, -6.31431], [147.78673, -6.31347], [147.7844, -6.31119], [147.78351, -6.30861], [147.78379, -6.3066], [147.78492, -6.30458], [147.78462, -6.30315], [147.78346, -6.30201], [147.78173, -6.30173], [147.77941, -6.29974], [147.77765, -6.29631], [147.77533, -6.29375], [147.77271, -6.29176], [147.7704, -6.29092], [147.76752, -6.29065], [147.76346, -6.28667], [147.76172, -6.28582], [147.75597, -6.28616], [147.75279, -6.28475], [147.74444, -6.28482], [147.74097, -6.28399], [147.73723, -6.28406], [147.73435, -6.28376], [147.73263, -6.28435], [147.73119, -6.28436], [147.73003, -6.28351], [147.72943, -6.28093], [147.72768, -6.27893], [147.72336, -6.27839], [147.72018, -6.27641], [147.71902, -6.27642], [147.71672, -6.27558], [147.71266, -6.27245], [147.71033, -6.27017], [147.708, -6.26646], [147.70538, -6.2639], [147.70479, -6.26189], [147.70275, -6.25875], [147.70122, -6.25769], [147.69812, -6.25591], [147.69609, -6.25392], [147.69606, -6.25134], [147.6946, -6.24819], [147.69315, -6.24648], [147.69196, -6.24333], [147.69194, -6.24074], [147.69308, -6.2393], [147.69336, -6.23786], [147.69306, -6.237], [147.68988, -6.23444], [147.6898, -6.22525], [147.68658, -6.22069], [147.68572, -6.22011], [147.68342, -6.22013], [147.67967, -6.2193], [147.67708, -6.21932], [147.67593, -6.21905], [147.67334, -6.2168], [147.67243, -6.21448], [147.67264, -6.20529], [147.67375, -6.20125], [147.67229, -6.19753], [147.67108, -6.1918], [147.67134, -6.18835], [147.67192, -6.18777], [147.67332, -6.18316], [147.67244, -6.18116], [147.67012, -6.17974], [147.66866, -6.17832], [147.66689, -6.17287], [147.66398, -6.16859], [147.66136, -6.16545], [147.65933, -6.16346], [147.65702, -6.16232], [147.65383, -6.16006], [147.64772, -6.15321], [147.64482, -6.15036], [147.64251, -6.14895], [147.63785, -6.1479], [147.63499, -6.14499], [147.6309, -6.1387], [147.63002, -6.13612], [147.62949, -6.13174], [147.62879, -6.12723], [147.62838, -6.12037], [147.62783, -6.11632], [147.62694, -6.11317], [147.6249, -6.10945], [147.62111, -6.10431], [147.61879, -6.10204], [147.61706, -6.10176], [147.61679, -6.1032], [147.62027, -6.10719], [147.62028, -6.10777], [147.61971, -6.10806], [147.61158, -6.10008], [147.60694, -6.09639], [147.60258, -6.09125], [147.59823, -6.08727], [147.59639, -6.08442], [147.59532, -6.08276], [147.59473, -6.08184], [147.58921, -6.07556], [147.58746, -6.07328], [147.58715, -6.07185], [147.5857, -6.07013], [147.58317, -6.06892], [147.58193, -6.06614], [147.58221, -6.06557], [147.58134, -6.06414], [147.57698, -6.06015], [147.5764, -6.05901], [147.57117, -6.05417], [147.57002, -6.05332], [147.56887, -6.05333], [147.56859, -6.05447], [147.56917, -6.05562], [147.57352, -6.05932], [147.57353, -6.06018], [147.57267, -6.06105], [147.5692, -6.05907], [147.56572, -6.05565], [147.56512, -6.05307], [147.56425, -6.05164], [147.56165, -6.05022], [147.55674, -6.04912], [147.55242, -6.04886], [147.55069, -6.04802], [147.54864, -6.04459], [147.5469, -6.04288], [147.54256, -6.04033], [147.53853, -6.04008], [147.53362, -6.03782], [147.52814, -6.03729], [147.52574, -6.03525], [147.52581, -6.03358], [147.52378, -6.03129], [147.52001, -6.02874], [147.51828, -6.02846], [147.51684, -6.02762], [147.51466, -6.02737], [147.51192, -6.02449], [147.50846, -6.02366], [147.50644, -6.02368], [147.50356, -6.02284], [147.50037, -6.02], [147.4992, -6.01799], [147.49917, -6.01483], [147.49806, -6.01167], [147.49965, -6.01001], [147.49969, -6.00736], [147.49705, -6.00135], [147.49473, -5.99907], [147.49312, -5.99849], [147.4878, -5.99683], [147.48577, -5.99569], [147.48374, -5.9937], [147.48172, -5.99314], [147.47856, -5.99317], [147.47423, -5.99148], [147.46726, -5.98407], [147.46319, -5.98007], [147.45827, -5.97638], [147.45421, -5.9724], [147.45218, -5.97069], [147.44957, -5.96899], [147.44784, -5.96843], [147.44554, -5.96844], [147.4433, -5.96937], [147.4415, -5.96761], [147.43803, -5.96563], [147.43457, -5.96452], [147.43313, -5.96452], [147.42332, -5.96173], [147.41957, -5.96119], [147.41584, -5.96122], [147.41383, -5.96209], [147.4121, -5.9624], [147.40922, -5.96184], [147.40605, -5.96187], [147.40319, -5.96304], [147.40046, -5.96497], [147.40001, -5.96192], [147.39913, -5.96049], [147.39654, -5.95937], [147.39423, -5.95881], [147.38905, -5.95885], [147.3836, -5.96091], [147.37582, -5.96126], [147.3698, -5.95913], [147.37349, -5.95725], [147.37464, -5.95609], [147.37461, -5.95408], [147.37381, -5.95315], [147.37142, -5.95038], [147.36968, -5.94924], [147.35837, -5.93812], [147.35634, -5.93556], [147.3537, -5.93041], [147.35021, -5.92612], [147.34876, -5.9247], [147.34067, -5.92045], [147.33774, -5.92048], [147.33549, -5.9205], [147.33463, -5.92137], [147.33493, -5.9228], [147.33667, -5.92451], [147.33668, -5.92595], [147.33526, -5.92739], [147.33039, -5.9306], [147.32809, -5.9309], [147.32635, -5.92948], [147.32661, -5.92689], [147.33204, -5.92167], [147.33261, -5.92052], [147.33231, -5.91966], [147.3303, -5.91939], [147.32944, -5.91969], [147.32773, -5.922], [147.32401, -5.92519], [147.32147, -5.93066], [147.31976, -5.93269], [147.319, -5.93502], [147.31863, -5.93615], [147.31721, -5.93788], [147.31433, -5.9379], [147.31144, -5.93649], [147.30827, -5.93594], [147.30336, -5.93369], [147.29789, -5.93315], [147.29384, -5.93117], [147.28721, -5.9295], [147.28317, -5.92781], [147.28056, -5.92611], [147.27534, -5.92041], [147.27273, -5.91842], [147.26887, -5.91754], [147.26437, -5.91733], [147.26121, -5.91851], [147.25835, -5.92025], [147.25465, -5.92517], [147.25038, -5.93152], [147.2484, -5.93585], [147.24555, -5.93961], [147.23956, -5.94569], [147.23271, -5.95011], [147.22753, -5.95297], [147.22494, -5.95299], [147.22404, -5.95386], [147.21948, -5.9539], [147.21862, -5.95505], [147.21921, -5.95648], [147.21893, -5.95792], [147.21751, -5.95937], [147.21291, -5.96055], [147.20859, -5.96511], [147.20687, -5.96175], [147.20428, -5.96148], [147.20024, -5.95979], [147.19909, -5.9598], [147.19679, -5.96039], [147.19361, -5.95841], [147.18929, -5.95844], [147.18642, -5.95983], [147.18413, -5.96136], [147.18212, -5.96166], [147.17981, -5.96082], [147.17749, -5.95825], [147.17605, -5.95768], [147.16511, -5.95806], [147.15787, -5.95605], [147.15243, -5.95586], [147.14839, -5.95503], [147.14608, -5.9539], [147.14463, -5.95247], [147.14317, -5.9499], [147.14247, -5.94944], [147.14, -5.94906], [147.13368, -5.95084], [147.13266, -5.95187], [147.13111, -5.95344], [147.12939, -5.95432], [147.11753, -5.95805], [147.11303, -5.95991], [147.10728, -5.96081], [147.09807, -5.96088], [147.09461, -5.96034], [147.09201, -5.95921], [147.08884, -5.95866], [147.07792, -5.95827], [147.07586, -5.95473], [147.07325, -5.95217], [147.07236, -5.94988], [147.07232, -5.94442], [147.07365, -5.9387], [147.07408, -5.93623], [147.0731, -5.93321], [147.07165, -5.93149], [147.06644, -5.92736], [147.06353, -5.9238], [147.06235, -5.92036], [147.06119, -5.91922], [147.05917, -5.9178], [147.05684, -5.91494], [147.05308, -5.91239], [147.0499, -5.91155], [147.04588, -5.91158], [147.03927, -5.91278], [147.03669, -5.91424], [147.03526, -5.91569], [147.03442, -5.91799], [147.03418, -5.92431], [147.02704, -5.93184], [147.02505, -5.9353], [147.02276, -5.93733], [147.02025, -5.93798], [147.01931, -5.93822], [147.00896, -5.93888], [147.00638, -5.93976], [147.00321, -5.93978], [146.99995, -5.9392], [146.99571, -5.93668], [146.99252, -5.93383], [146.98818, -5.93157], [146.98414, -5.93045], [146.98124, -5.92731], [146.98009, -5.92674], [146.97518, -5.92534], [146.97171, -5.92336], [146.96823, -5.91994], [146.96589, -5.91536], [146.96416, -5.91451], [146.96214, -5.91395], [146.95638, -5.91371], [146.95406, -5.91171], [146.95087, -5.90772], [146.94885, -5.90686], [146.94279, -5.90697], [146.93532, -5.9064], [146.93243, -5.90527], [146.92995, -5.90295], [146.92635, -5.90072], [146.92404, -5.89872], [146.92077, -5.89448], [146.91894, -5.89166], [146.91589, -5.88701], [146.91558, -5.88385], [146.91346, -5.87837], [146.91636, -5.87378], [146.91606, -5.87235], [146.91491, -5.87207], [146.91173, -5.86979], [146.90969, -5.86752], [146.90968, -5.8655], [146.90881, -5.86407], [146.90621, -5.86323], [146.90505, -5.86181], [146.90445, -5.85836], [146.90358, -5.85751], [146.8978, -5.85496], [146.89636, -5.85497], [146.88886, -5.85132], [146.88223, -5.85077], [146.8779, -5.84937], [146.87674, -5.84823], [146.87616, -5.84679], [146.87326, -5.84394], [146.86804, -5.83938], [146.86544, -5.83826], [146.85854, -5.83859], [146.85597, -5.8412], [146.85396, -5.84121], [146.85107, -5.83951], [146.84674, -5.83839], [146.84156, -5.83872], [146.83667, -5.83962], [146.8326, -5.83969], [146.82461, -5.84287], [146.82116, -5.84347], [146.81714, -5.84494], [146.80855, -5.8496], [146.80341, -5.85481], [146.80142, -5.85827], [146.80114, -5.86], [146.79969, -5.86153], [146.79652, -5.85744], [146.79449, -5.85573], [146.79103, -5.85404], [146.78901, -5.85348], [146.78669, -5.85206], [146.78137, -5.84727], [146.7783, -5.8458], [146.77455, -5.84525], [146.77224, -5.84412], [146.7708, -5.84269], [146.77052, -5.83698], [146.7344, -5.85865], [146.69202, -5.88408], [146.50107, -5.99864], [146.37948, -5.99861], [146.32334, -5.9986], [146.05899, -5.99856], [145.84774, -5.99852], [145.84867, -6.00053], [145.85169, -6.00044], [145.85346, -6.00039], [145.85894, -6.00151], [145.85981, -6.00236], [145.86155, -6.00494], [145.86645, -6.00491], [145.86818, -6.00576], [145.8702, -6.00747], [145.87155, -6.01008], [145.87196, -6.01263], [145.8737, -6.01434], [145.87659, -6.01547], [145.88138, -6.02098], [145.88514, -6.02129], [145.88585, -6.02489], [145.88586, -6.02662], [145.88415, -6.02864], [145.88156, -6.02866], [145.88041, -6.02981], [145.88039, -6.03122], [145.88363, -6.03641], [145.88381, -6.03655], [145.88507, -6.03754], [145.88709, -6.03811], [145.88796, -6.03896], [145.8871, -6.04011], [145.8848, -6.0407], [145.88483, -6.04663], [145.88828, -6.04413], [145.89001, -6.04493], [145.89003, -6.04728], [145.89119, -6.04928], [145.89179, -6.05301], [145.89324, -6.05444], [145.89554, -6.05414], [145.89803, -6.05309], [145.90026, -6.05596], [145.89855, -6.05892], [145.89962, -6.06216], [145.90369, -6.06617], [145.90714, -6.06728], [145.90814, -6.0683], [145.91174, -6.06697], [145.91347, -6.06724], [145.91521, -6.06867], [145.91522, -6.07197], [145.91638, -6.0721], [145.91811, -6.07181], [145.92127, -6.06907], [145.92212, -6.06922], [145.92214, -6.07264], [145.9236, -6.07522], [145.9262, -6.07786], [145.92802, -6.079], [145.93024, -6.07805], [145.93196, -6.07804], [145.93283, -6.0789], [145.93312, -6.07947], [145.93256, -6.08091], [145.92969, -6.08351], [145.93, -6.08552], [145.93115, -6.08695], [145.93175, -6.09011], [145.93263, -6.09125], [145.93407, -6.09153], [145.93695, -6.09323], [145.9381, -6.09294], [145.93809, -6.09035], [145.93866, -6.08978], [145.94558, -6.09059], [145.94787, -6.09058], [145.94873, -6.08943], [145.94872, -6.08828], [145.94843, -6.0877], [145.9467, -6.08714], [145.94583, -6.08571], [145.94697, -6.08426], [145.94899, -6.08425], [145.95043, -6.08482], [145.95187, -6.08481], [145.9556, -6.08277], [145.95647, -6.08277], [145.95762, -6.08391], [145.95821, -6.08534], [145.96158, -6.08825], [145.95881, -6.08965], [145.95767, -6.09109], [145.95769, -6.09367], [145.95884, -6.0951], [145.96115, -6.09537], [145.96316, -6.09451], [145.96517, -6.09449], [145.96662, -6.09592], [145.96635, -6.09764], [145.96492, -6.09909], [145.96464, -6.10167], [145.96523, -6.10339], [145.96581, -6.10397], [145.96667, -6.10396], [145.96725, -6.10281], [145.96724, -6.10108], [145.9681, -6.09999], [145.96837, -6.09964], [145.96953, -6.09963], [145.97039, -6.10049], [145.97098, -6.10221], [145.97185, -6.10306], [145.97329, -6.10306], [145.97444, -6.10391], [145.97337, -6.1072], [145.97191, -6.10751], [146.13969, -6.20279], [146.11474, -6.3161], [146.07003, -6.51916], [146.03053, -6.69859], [146.02807, -6.70021], [146.0265, -6.70104], [146.02519, -6.70339], [146.02358, -6.70453], [146.02298, -6.70612], [146.02283, -6.70778], [146.02253, -6.71005], [146.02159, -6.71116], [146.01795, -6.71373], [146.01744, -6.71638], [146.01668, -6.71976], [146.01297, -6.72038], [146.00942, -6.72115], [146.00533, -6.7242], [146.00338, -6.7247], [146.00091, -6.72567], [145.99958, -6.72631], [145.99891, -6.72633], [145.99681, -6.7255], [145.99387, -6.72575], [145.99198, -6.72563], [145.99076, -6.72579], [145.98975, -6.72542], [145.98865, -6.72517], [145.98745, -6.72528], [145.98581, -6.72579], [145.98404, -6.72666], [145.98344, -6.72712], [145.98293, -6.72797], [145.98275, -6.72912], [145.98293, -6.73038], [145.983, -6.7314], [145.98258, -6.73266], [145.9823, -6.73365], [145.98281, -6.7351], [145.98304, -6.73677], [145.98395, -6.73845], [145.98467, -6.73972], [145.98494, -6.7403], [145.98547, -6.74275], [145.98595, -6.74485], [145.98666, -6.74611], [145.98767, -6.74745], [145.98896, -6.7486], [145.99039, -6.7495], [145.99082, -6.75028], [145.99176, -6.75124], [145.99294, -6.75216], [145.99374, -6.75293], [145.99381, -6.7541], [145.99395, -6.75538], [145.99466, -6.75674], [145.99535, -6.75808], [145.99548, -6.75948], [145.99541, -6.76042], [145.9955, -6.76125], [145.99707, -6.76362], [145.99778, -6.76482], [145.99768, -6.76684], [145.99789, -6.76834], [145.99842, -6.76985], [145.99885, -6.77098], [146.0, -6.77183], [146.00083, -6.7725], [146.00109, -6.77603], [146.00138, -6.77843], [146.00144, -6.78059], [146.00116, -6.7825], [146.00122, -6.7837], [146.00153, -6.78455], [146.00291, -6.7851], [146.00381, -6.78628], [146.00432, -6.78761], [146.00418, -6.78858], [146.00334, -6.79051], [146.00238, -6.79198], [146.00231, -6.79299], [146.00373, -6.79428], [146.00526, -6.79502], [146.00655, -6.79514], [146.00754, -6.79617], [146.00776, -6.79827], [146.00791, -6.80011], [146.00829, -6.80115], [146.00919, -6.80225], [146.00625, -6.80185], [146.00474, -6.80224], [146.00265, -6.80252], [146.00177, -6.80279], [146.00091, -6.80369], [146.00131, -6.80507], [146.00239, -6.80698], [146.00224, -6.8093], [146.00269, -6.81047], [146.00347, -6.81181], [146.00394, -6.81352], [146.00412, -6.81497], [146.00345, -6.81595], [146.00345, -6.81662], [146.00437, -6.8189], [146.00525, -6.82005], [146.00692, -6.82162], [146.00851, -6.82337], [146.00921, -6.82436], [146.01016, -6.82496], [146.01054, -6.82604], [146.01158, -6.82668], [146.01367, -6.82942], [146.01406, -6.83193], [146.01444, -6.83359], [146.01502, -6.83442], [146.0162, -6.83566], [146.01712, -6.83654], [146.01965, -6.83744], [146.02121, -6.83845], [146.0222, -6.83995], [146.02282, -6.8416], [146.02322, -6.84331], [146.02315, -6.8457], [146.02354, -6.84772], [146.02399, -6.84943], [146.02577, -6.85191], [146.02563, -6.85272], [146.0238, -6.85163], [146.02188, -6.85067], [146.01945, -6.85266], [146.01863, -6.85462], [146.01812, -6.85623], [146.01809, -6.85835], [146.01738, -6.86039], [146.01681, -6.86104], [146.01577, -6.86088], [146.01516, -6.86046], [146.01437, -6.86097], [146.01441, -6.86188], [146.01504, -6.86347], [146.01541, -6.86483], [146.01448, -6.86642], [146.01409, -6.86757], [146.01397, -6.86938], [146.01152, -6.87127], [146.01025, -6.87212], [146.00871, -6.87269], [146.00714, -6.8734], [146.00626, -6.87399], [146.00598, -6.87478], [146.00627, -6.87687], [146.00705, -6.8783], [146.00752, -6.87959], [146.00754, -6.8806], [146.00668, -6.88097], [146.00559, -6.88147], [146.0053, -6.88228], [146.00545, -6.88336], [146.00666, -6.88506], [146.0065, -6.88628], [146.00611, -6.88759], [146.00594, -6.88847], [146.00644, -6.88934], [146.0082, -6.88973], [146.00888, -6.89038], [146.00921, -6.89213], [146.00927, -6.89395], [146.00938, -6.89533], [146.00984, -6.89719], [146.01076, -6.89912], [146.01108, -6.89995], [146.01033, -6.90004], [146.00942, -6.8997], [146.0085, -6.89993], [146.00755, -6.90004], [146.00633, -6.89942], [146.00574, -6.89981], [146.00654, -6.90231], [146.00602, -6.90321], [146.00506, -6.90374], [146.00454, -6.90445], [146.00426, -6.90558], [146.00386, -6.90634], [146.00081, -6.90804], [145.99987, -6.90817], [145.9991, -6.90875], [145.99952, -6.9096], [145.99998, -6.91045], [146.00016, -6.9119], [145.99995, -6.91317], [146.00013, -6.91408], [145.99979, -6.91489], [145.99887, -6.91551], [145.9975, -6.91583], [145.99541, -6.91624], [145.9943, -6.91679], [145.99299, -6.91775], [145.99163, -6.91842], [145.9908, -6.91931], [145.98988, -6.92019], [145.98863, -6.9209], [145.98757, -6.92145], [145.98646, -6.92223], [145.98536, -6.92409], [145.9852, -6.92536], [145.98487, -6.92692], [145.98501, -6.92802], [145.98565, -6.92883], [145.98599, -6.92989], [145.98514, -6.93101], [145.98314, -6.93143], [145.98175, -6.93168], [145.98058, -6.93213], [145.97975, -6.93384], [145.97864, -6.93563], [145.97689, -6.93735], [145.97553, -6.93797], [145.97405, -6.93877], [145.97223, -6.93925], [145.97041, -6.93955], [145.96963, -6.94042], [145.9694, -6.94187], [145.96898, -6.94371], [145.96833, -6.94513], [145.96773, -6.94635], [145.96736, -6.94789], [145.96681, -6.94911], [145.96611, -6.94985], [145.96584, -6.95194], [145.96567, -6.95295], [145.96503, -6.95394], [145.9636, -6.95474], [145.96205, -6.95628], [145.96108, -6.95759], [145.96, -6.95837], [145.95901, -6.95906], [145.95797, -6.96016], [145.95723, -6.96057], [145.95557, -6.96085], [145.95458, -6.96211], [145.95391, -6.96245], [145.95203, -6.96211], [145.95051, -6.9619], [145.94921, -6.96275], [145.94809, -6.96343], [145.94704, -6.96633], [145.94534, -6.96732], [145.944, -6.96904], [145.94278, -6.96984], [145.94052, -6.97152], [145.93994, -6.97237], [145.93909, -6.97432], [145.93849, -6.97524], [145.93685, -6.97641], [145.93392, -6.9779], [145.93252, -6.97868], [145.93182, -6.97979], [145.93094, -6.98215], [145.9303, -6.98346], [145.92997, -6.98514], [145.92896, -6.98611], [145.92795, -6.98682], [145.92808, -6.98887], [145.92789, -6.99022], [145.92764, -6.99114], [145.92683, -6.99238], [145.92664, -6.99404], [145.92602, -6.9953], [145.92491, -6.99689], [145.92399, -6.99826], [145.91839, -7.00607], [145.91873, -7.00737], [145.92019, -7.00827], [145.92183, -7.01252], [145.92303, -7.01418], [145.92406, -7.01753], [145.92469, -7.01959], [145.92499, -7.02132], [145.926, -7.02283], [145.92502, -7.02511], [145.92507, -7.0269], [145.92567, -7.02854], [145.925, -7.03082], [145.92505, -7.03367], [145.92469, -7.03595], [145.92398, -7.03655], [145.92298, -7.03672], [145.92092, -7.04104], [145.92007, -7.04333], [145.91796, -7.04585], [145.91764, -7.04878], [145.91718, -7.05013], [145.91633, -7.05292], [145.9164, -7.05441], [145.9162, -7.06011], [145.91689, -7.06175], [145.91671, -7.06413], [145.91723, -7.06661], [145.91718, -7.06936], [145.91774, -7.07109], [145.91765, -7.07278], [145.91832, -7.07599], [145.91743, -7.07994], [145.91784, -7.08202], [145.91766, -7.0833], [145.91879, -7.08463], [145.91867, -7.08574], [145.91893, -7.08688], [145.91652, -7.08914], [145.9153, -7.09004], [145.91523, -7.09256], [145.91438, -7.09684], [145.91455, -7.09767], [145.91577, -7.10019], [145.91681, -7.10125], [145.91697, -7.10183], [145.91582, -7.10271], [145.91389, -7.10373], [145.91391, -7.10588], [145.9137, -7.10699], [145.91325, -7.10756], [145.90982, -7.10844], [145.90632, -7.10849], [145.90289, -7.11275], [145.89994, -7.10713], [145.89932, -7.10649], [145.89925, -7.10477], [145.89614, -7.10325], [145.89531, -7.10106], [145.89443, -7.09937], [145.8927, -7.09817], [145.88948, -7.09812], [145.88649, -7.09937], [145.88492, -7.09942], [145.88354, -7.09931], [145.88207, -7.09975], [145.88053, -7.10099], [145.87949, -7.10023], [145.87909, -7.09827], [145.87822, -7.0964], [145.87707, -7.09534], [145.87656, -7.09399], [145.87327, -7.09131], [145.87089, -7.08944], [145.87008, -7.08873], [145.86923, -7.09], [145.86825, -7.09282], [145.86758, -7.0942], [145.86645, -7.09289], [145.86521, -7.09229], [145.86491, -7.09462], [145.8659, -7.09665], [145.86632, -7.09786], [145.86605, -7.10054], [145.8654, -7.10146], [145.86324, -7.10204], [145.86126, -7.10528], [145.85977, -7.10704], [145.85816, -7.10831], [145.85726, -7.10861], [145.85547, -7.10782], [145.8533, -7.10752], [145.8522, -7.10787], [145.8507, -7.10836], [145.84895, -7.10819], [145.84759, -7.10778], [145.84506, -7.10799], [145.84384, -7.10711], [145.84278, -7.1067], [145.8411, -7.10658], [145.84002, -7.10649], [145.83882, -7.10487], [145.83893, -7.10418], [145.83797, -7.10349], [145.83757, -7.10157], [145.83658, -7.10108], [145.83573, -7.09951], [145.83407, -7.09836], [145.83335, -7.09752], [145.83349, -7.09563], [145.83328, -7.09429], [145.83206, -7.09228], [145.83134, -7.09038], [145.8284, -7.08782], [145.8266, -7.08784], [145.82586, -7.08644], [145.82609, -7.0847], [145.82572, -7.08414], [145.82381, -7.08345], [145.82245, -7.08114], [145.82083, -7.0801], [145.81948, -7.07934], [145.81505, -7.07914], [145.81427, -7.07958], [145.81257, -7.07898], [145.81177, -7.07844], [145.80995, -7.07812], [145.80753, -7.08145], [145.80583, -7.08154], [145.80378, -7.08147], [145.80298, -7.08242], [145.80203, -7.08448], [145.80112, -7.08536], [145.80022, -7.08536], [145.79913, -7.08483], [145.79782, -7.08482], [145.79602, -7.08367], [145.79343, -7.08406], [145.79149, -7.08344], [145.79002, -7.08166], [145.78877, -7.08171], [145.78664, -7.08559], [145.78687, -7.08763], [145.78726, -7.08977], [145.78731, -7.09181], [145.78657, -7.09301], [145.78604, -7.09486], [145.78485, -7.09611], [145.78368, -7.09706], [145.78292, -7.09828], [145.78216, -7.10152], [145.7817, -7.10422], [145.78069, -7.10558], [145.77913, -7.10656], [145.77881, -7.10746], [145.77892, -7.10905], [145.77828, -7.11257], [145.77746, -7.1149], [145.77552, -7.11717], [145.77403, -7.1186], [145.77334, -7.12073], [145.77316, -7.1225], [145.77254, -7.12408], [145.76989, -7.12385], [145.76517, -7.12507], [145.76246, -7.12426], [145.76045, -7.12459], [145.75923, -7.12607], [145.75746, -7.13175], [145.758, -7.13538], [145.7575, -7.13723], [145.75627, -7.13795], [145.75066, -7.13855], [145.74866, -7.13959], [145.74605, -7.13913], [145.74424, -7.13878], [145.73666, -7.13994], [145.73288, -7.13959], [145.72674, -7.13853], [145.72478, -7.13934], [145.72393, -7.14019], [145.72262, -7.1404], [145.72105, -7.1405], [145.71981, -7.14107], [145.71664, -7.14227], [145.71447, -7.14308], [145.71146, -7.14398], [145.84396, -7.23112], [145.85276, -7.2369], [145.94897, -7.30092], [146.07192, -7.38274], [146.08859, -7.52773], [146.12192, -7.55273], [146.14526, -7.55713], [146.27565, -7.58169], [146.40942, -7.6069], [146.49501, -7.6636], [146.64886, -7.76551], [146.71296, -7.80716], [146.74803, -7.82995], [146.74776, -7.83092], [146.74726, -7.83229], [146.74624, -7.83378], [146.74523, -7.83666], [146.74501, -7.83842], [146.74551, -7.83964], [146.74776, -7.84037], [146.74836, -7.84101], [146.74798, -7.84356], [146.74755, -7.84658], [146.74699, -7.84855], [146.74467, -7.85216], [146.74192, -7.85724], [146.73897, -7.85908], [146.73632, -7.86104], [146.73459, -7.86255], [146.73177, -7.86285], [146.72841, -7.86381], [146.72435, -7.86522], [146.72342, -7.86647], [146.72211, -7.86757], [146.72113, -7.8697], [146.72083, -7.87095], [146.72459, -7.87384], [146.72573, -7.87644], [146.73054, -7.88047], [146.73089, -7.88162], [146.7303, -7.88298], [146.72929, -7.88589], [146.72905, -7.88843], [146.72811, -7.89077], [146.72761, -7.89311], [146.72675, -7.89666], [146.72725, -7.89944], [146.72828, -7.90122], [146.72972, -7.90378], [146.72974, -7.90563], [146.72878, -7.90829], [146.72792, -7.91098], [146.7299, -7.91421], [146.73112, -7.91676], [146.73195, -7.91944], [146.73243, -7.92202], [146.73281, -7.92557], [146.73391, -7.93001], [146.7347, -7.93258], [146.73704, -7.93615], [146.73763, -7.93785], [146.73864, -7.94035], [146.73987, -7.94359], [146.74025, -7.94685], [146.73997, -7.94869], [146.73875, -7.95029], [146.73864, -7.95122], [146.74112, -7.95306], [146.74585, -7.95375], [146.74703, -7.95549], [146.74889, -7.95632], [146.75061, -7.95723], [146.75358, -7.95287], [146.75452, -7.9524], [146.75655, -7.95274], [146.75864, -7.95205], [146.76051, -7.95029], [146.76161, -7.94882], [146.76251, -7.94877], [146.76392, -7.94871], [146.76569, -7.94724], [146.76681, -7.94635], [146.76859, -7.94634], [146.7715, -7.94605], [146.77214, -7.94541], [146.77225, -7.94389], [146.77195, -7.94146], [146.77419, -7.93975], [146.77468, -7.9381], [146.77555, -7.93701], [146.77627, -7.93538], [146.77632, -7.93336], [146.77624, -7.93131], [146.7767, -7.9306], [146.77753, -7.93153], [146.77886, -7.93216], [146.78175, -7.9321], [146.785, -7.93234], [146.788, -7.93221], [146.78966, -7.93479], [146.79123, -7.9368], [146.79176, -7.93859], [146.79251, -7.94088], [146.79393, -7.94274], [146.79494, -7.94427], [146.79588, -7.94631], [146.79843, -7.95002], [146.80028, -7.95069], [146.80113, -7.95159], [146.80097, -7.95285], [146.79963, -7.95546], [146.79964, -7.95712], [146.79953, -7.96052], [146.80009, -7.96226], [146.80179, -7.96557], [146.80299, -7.96836], [146.80361, -7.97087], [146.80427, -7.97685], [146.80571, -7.97941], [146.80769, -7.98307], [146.80848, -7.98347], [146.81264, -7.98292], [146.81464, -7.98304], [146.81675, -7.98436], [146.81828, -7.98572], [146.82032, -7.98824], [146.8226, -7.99016], [146.82521, -7.98994], [146.82753, -7.99063], [146.83022, -7.99064], [146.83177, -7.9909], [146.83262, -7.99215], [146.83238, -7.99408], [146.83305, -7.99528], [146.83467, -7.99714], [146.83744, -7.99778], [146.84075, -7.99736], [146.84334, -7.99683], [146.847, -7.99628], [146.84918, -7.99618], [146.85245, -7.9965], [146.8546, -7.99599], [146.85563, -7.99511], [146.85651, -7.99279], [146.85878, -7.99147], [146.86213, -7.99064], [146.86595, -7.98986], [146.86942, -7.98869], [146.87075, -7.98756], [146.87193, -7.98541], [146.87406, -7.97941], [146.87862, -7.97402], [146.88043, -7.97377], [146.88272, -7.97261], [146.88496, -7.97136], [146.8862, -7.96943], [146.88691, -7.96753], [146.88749, -7.965], [146.8887, -7.9633], [146.89172, -7.96065], [146.89404, -7.95911], [146.8955, -7.9576], [146.89753, -7.95604], [146.8992, -7.95575], [146.90165, -7.95563], [146.90358, -7.95466], [146.90467, -7.95327], [146.90806, -7.9521], [146.90995, -7.95229], [146.91059, -7.95381], [146.91028, -7.95564], [146.91142, -7.95727], [146.91161, -7.95893], [146.91231, -7.96135], [146.91241, -7.96338], [146.91265, -7.96442], [146.91388, -7.9648], [146.91663, -7.96448], [146.91913, -7.96482], [146.92001, -7.9657], [146.92195, -7.96859], [146.92348, -7.96967], [146.92521, -7.97162], [146.92676, -7.97202], [146.92849, -7.97372], [146.9291, -7.97389], [146.9363, -7.97201], [146.9392, -7.97309], [146.94191, -7.97316], [146.94486, -7.97081], [146.94646, -7.96864], [146.94595, -7.96588], [146.94496, -7.96287], [146.94414, -7.96106], [147.00108, -7.99856]]], [[[148.03643, -5.83666], [148.03671, -5.83551], [148.03584, -5.83494], [148.03527, -5.83552], [148.03527, -5.83619], [148.03528, -5.83696], [148.03586, -5.83724], [148.03643, -5.83666]]], [[[148.00764, -5.83634], [148.00821, -5.83519], [148.00735, -5.83462], [148.00591, -5.83464], [148.00506, -5.83608], [148.00564, -5.83665], [148.00764, -5.83634]]], [[[148.02203, -5.83593], [148.0226, -5.83506], [148.02259, -5.83391], [148.02172, -5.83306], [148.02, -5.83307], [148.0177, -5.83424], [148.01771, -5.83539], [148.01858, -5.83624], [148.02031, -5.83652], [148.02203, -5.83593]]], [[[147.99266, -5.83418], [147.99236, -5.83303], [147.99121, -5.83304], [147.99036, -5.83449], [147.99152, -5.83505], [147.99266, -5.83418]]], [[[148.03496, -5.83265], [148.03437, -5.8318], [148.03379, -5.8318], [148.03323, -5.83238], [148.03324, -5.83353], [148.03381, -5.83381], [148.03496, -5.83265]]], [[[147.98974, -5.82903], [147.99173, -5.82671], [147.99229, -5.82499], [147.98966, -5.81984], [147.9882, -5.81813], [147.98674, -5.81469], [147.98558, -5.81355], [147.98414, -5.81443], [147.98386, -5.81529], [147.98388, -5.81759], [147.98448, -5.8196], [147.98421, -5.82218], [147.98481, -5.82476], [147.98627, -5.82763], [147.98801, -5.82905], [147.98974, -5.82903]]], [[[147.98148, -5.8067], [147.98176, -5.80583], [147.98003, -5.80441], [147.97916, -5.80441], [147.97888, -5.80528], [147.98004, -5.8067], [147.98148, -5.8067]]], [[[147.976, -5.80415], [147.97569, -5.80243], [147.97395, -5.80072], [147.97251, -5.80045], [147.97165, -5.80161], [147.97167, -5.80333], [147.97428, -5.80532], [147.976, -5.80415]]], [[[148.05337, -5.79973], [148.0525, -5.79916], [148.05193, -5.80003], [148.05279, -5.80031], [148.05337, -5.79973]]], [[[147.96991, -5.79932], [147.97077, -5.79846], [147.97076, -5.79759], [147.96988, -5.79674], [147.96816, -5.79676], [147.96731, -5.7982], [147.96847, -5.79934], [147.96991, -5.79932]]], [[[147.94767, -5.79062], [147.94795, -5.78918], [147.94737, -5.78803], [147.9465, -5.78803], [147.94507, -5.78948], [147.94508, -5.79092], [147.94653, -5.79177], [147.94767, -5.79062]]], [[[148.11507, -5.52675], [148.1162, -5.52502], [148.11674, -5.52099], [148.11642, -5.51726], [148.11527, -5.51698], [148.11384, -5.51872], [148.1133, -5.5216], [148.11332, -5.52361], [148.11161, -5.52621], [148.10875, -5.52767], [148.10847, -5.52854], [148.10992, -5.52967], [148.11507, -5.52675]]], [[[147.79028, -5.4595], [147.78854, -5.45779], [147.78681, -5.45723], [147.78537, -5.45753], [147.78485, -5.45805], [147.78202, -5.4609], [147.77763, -5.46018], [147.77389, -5.46051], [147.77218, -5.46224], [147.77244, -5.46667], [147.77252, -5.46799], [147.7731, -5.46913], [147.77312, -5.47115], [147.77112, -5.47346], [147.76825, -5.4732], [147.76734, -5.47457], [147.76627, -5.47753], [147.76256, -5.4813], [147.76258, -5.48302], [147.76374, -5.48445], [147.76404, -5.48588], [147.76262, -5.48762], [147.76205, -5.48791], [147.75915, -5.48621], [147.75829, -5.48621], [147.75744, -5.48737], [147.75745, -5.48939], [147.75346, -5.49402], [147.7529, -5.49518], [147.75264, -5.49834], [147.75209, -5.49922], [147.75065, -5.50151], [147.75039, -5.50382], [147.75242, -5.5061], [147.75328, -5.50637], [147.75358, -5.50781], [147.75131, -5.51099], [147.75105, -5.51416], [147.75164, -5.51559], [147.75165, -5.51732], [147.75024, -5.51991], [147.74951, -5.52382], [147.75119, -5.53025], [147.75122, -5.53427], [147.75265, -5.53688], [147.75414, -5.53913], [147.75473, -5.54114], [147.75481, -5.55005], [147.75655, -5.55233], [147.75774, -5.55663], [147.75807, -5.56123], [147.75552, -5.56469], [147.75584, -5.56958], [147.75702, -5.57273], [147.75992, -5.57529], [147.76138, -5.57787], [147.7614, -5.58017], [147.7594, -5.58162], [147.7574, -5.58422], [147.75743, -5.58652], [147.75847, -5.5891], [147.76007, -5.59282], [147.75997, -5.59519], [147.75959, -5.60404], [147.76019, -5.60719], [147.76137, -5.61034], [147.76283, -5.61263], [147.76573, -5.61519], [147.77004, -5.61515], [147.77149, -5.616], [147.77353, -5.61886], [147.77443, -5.62287], [147.77524, -5.62367], [147.77791, -5.62629], [147.7785, -5.62772], [147.77822, -5.62973], [147.77652, -5.63176], [147.77596, -5.63436], [147.77684, -5.63521], [147.77799, -5.6352], [147.77998, -5.63259], [147.78084, -5.63201], [147.78257, -5.63257], [147.78344, -5.63406], [147.78374, -5.63457], [147.78405, -5.63773], [147.7855, -5.63944], [147.78697, -5.64259], [147.78842, -5.64431], [147.79102, -5.64572], [147.79421, -5.64856], [147.79539, -5.652], [147.79541, -5.65344], [147.79455, -5.65459], [147.79457, -5.65661], [147.79603, -5.65832], [147.79718, -5.65888], [147.80042, -5.66289], [147.80126, -5.66517], [147.80014, -5.66805], [147.80015, -5.66949], [147.80102, -5.67063], [147.80822, -5.67086], [147.81051, -5.6694], [147.81165, -5.66939], [147.81484, -5.6708], [147.82498, -5.67933], [147.82729, -5.68046], [147.83164, -5.68416], [147.83626, -5.6867], [147.83727, -5.6869], [147.8377, -5.68698], [147.84175, -5.68924], [147.84643, -5.68921], [147.84693, -5.6892], [147.84838, -5.69005], [147.84896, -5.69119], [147.85012, -5.69233], [147.85331, -5.69403], [147.85419, -5.69661], [147.85564, -5.69803], [147.85747, -5.69724], [147.8591, -5.69857], [147.86117, -5.70517], [147.8612, -5.70775], [147.86178, -5.7089], [147.86265, -5.70975], [147.86553, -5.71059], [147.86699, -5.71202], [147.86786, -5.71402], [147.86788, -5.71603], [147.86675, -5.71776], [147.86648, -5.72035], [147.86564, -5.72237], [147.86307, -5.72498], [147.85963, -5.72673], [147.85765, -5.72991], [147.85594, -5.73165], [147.85537, -5.73338], [147.85567, -5.73424], [147.85654, -5.73509], [147.86001, -5.7365], [147.86204, -5.73907], [147.86237, -5.74309], [147.8644, -5.74508], [147.86615, -5.74606], [147.86845, -5.74735], [147.87362, -5.7473], [147.87651, -5.74842], [147.8823, -5.75182], [147.88403, -5.75267], [147.8887, -5.7518], [147.89123, -5.75289], [147.89252, -5.75459], [147.89298, -5.75518], [147.89443, -5.75804], [147.89474, -5.76033], [147.89678, -5.76233], [147.89851, -5.76317], [147.89939, -5.76489], [147.90287, -5.76802], [147.90374, -5.76945], [147.90405, -5.77117], [147.90492, -5.77203], [147.90607, -5.7723], [147.90836, -5.77142], [147.91095, -5.77111], [147.91352, -5.7685], [147.91495, -5.7682], [147.9167, -5.76962], [147.91757, -5.77163], [147.9176, -5.77364], [147.91876, -5.77507], [147.92308, -5.77532], [147.92798, -5.77699], [147.92971, -5.77698], [147.93171, -5.77495], [147.93429, -5.77493], [147.93515, -5.77434], [147.93574, -5.77186], [147.9383, -5.77202], [147.94149, -5.77486], [147.94524, -5.77541], [147.94843, -5.77883], [147.94987, -5.77967], [147.95218, -5.77966], [147.95851, -5.78137], [147.96203, -5.78676], [147.96348, -5.78818], [147.96406, -5.7896], [147.96581, -5.7916], [147.96754, -5.79159], [147.97069, -5.79012], [147.9727, -5.79011], [147.97686, -5.79109], [147.97476, -5.79469], [147.97478, -5.79698], [147.97767, -5.79868], [147.97884, -5.80126], [147.98058, -5.80267], [147.98261, -5.80381], [147.9852, -5.80436], [147.98808, -5.80405], [147.98896, -5.80548], [147.98927, -5.80921], [147.98872, -5.81151], [147.98904, -5.81438], [147.9905, -5.81753], [147.99312, -5.82125], [147.99459, -5.8241], [147.9949, -5.82726], [147.99666, -5.83012], [147.99811, -5.83183], [148.00071, -5.83324], [148.00503, -5.83321], [148.00703, -5.83233], [148.00961, -5.82972], [148.01219, -5.82941], [148.01451, -5.83169], [148.01538, -5.83225], [148.02026, -5.83077], [148.02112, -5.8299], [148.02079, -5.82645], [148.01962, -5.82359], [148.01701, -5.82008], [148.01666, -5.815], [148.01799, -5.81215], [148.02011, -5.81353], [148.02327, -5.8135], [148.02442, -5.81397], [148.02674, -5.81491], [148.02819, -5.81662], [148.02966, -5.81977], [148.03198, -5.82176], [148.03399, -5.82174], [148.03513, -5.82087], [148.03684, -5.81769], [148.03682, -5.81626], [148.03594, -5.81454], [148.03593, -5.8131], [148.03764, -5.8105], [148.03847, -5.8082], [148.03845, -5.80504], [148.03756, -5.80217], [148.03697, -5.80103], [148.03553, -5.79989], [148.03523, -5.79874], [148.0358, -5.79788], [148.03753, -5.79815], [148.03868, -5.799], [148.04069, -5.79841], [148.0424, -5.79667], [148.04239, -5.79523], [148.04151, -5.79351], [148.04089, -5.78864], [148.04459, -5.78429], [148.04604, -5.78129], [148.04829, -5.77966], [148.05113, -5.77532], [148.0514, -5.7736], [148.05255, -5.77244], [148.05485, -5.77213], [148.05856, -5.76836], [148.05939, -5.76606], [148.05966, -5.76318], [148.06106, -5.75943], [148.06131, -5.75455], [148.06072, -5.75312], [148.0607, -5.7511], [148.06298, -5.74879], [148.06383, -5.74734], [148.06409, -5.74418], [148.06521, -5.74043], [148.06489, -5.73727], [148.06601, -5.73352], [148.06541, -5.73123], [148.0654, -5.73008], [148.06654, -5.72864], [148.06827, -5.72862], [148.06998, -5.72745], [148.07055, -5.72659], [148.07024, -5.72458], [148.06908, -5.72316], [148.06905, -5.71999], [148.06961, -5.71855], [148.06952, -5.70792], [148.0704, -5.7056], [148.07236, -5.70444], [148.07407, -5.70242], [148.07403, -5.69811], [148.07679, -5.68429], [148.07807, -5.68025], [148.07988, -5.67651], [148.08157, -5.6716], [148.08181, -5.66729], [148.08292, -5.66268], [148.08489, -5.65721], [148.08857, -5.65056], [148.08941, -5.64825], [148.08879, -5.64338], [148.0879, -5.64051], [148.08527, -5.63565], [148.08134, -5.63221], [148.07456, -5.62601], [148.0745, -5.62195], [148.07361, -5.6188], [148.07185, -5.61565], [148.06779, -5.61167], [148.06573, -5.6068], [148.0637, -5.60452], [148.06166, -5.60109], [148.05875, -5.59824], [148.05671, -5.59481], [148.05323, -5.59197], [148.05149, -5.58997], [148.04972, -5.58568], [148.04797, -5.58401], [148.04423, -5.58314], [148.04163, -5.58144], [148.03643, -5.57976], [148.03238, -5.57721], [148.03092, -5.57493], [148.02886, -5.5692], [148.02654, -5.56692], [148.02365, -5.5658], [148.02132, -5.56294], [148.01987, -5.56152], [148.01872, -5.56124], [148.01585, -5.56242], [148.01337, -5.56075], [148.01265, -5.55813], [148.01091, -5.55642], [148.00657, -5.55445], [148.00399, -5.55448], [148.00227, -5.55507], [148.00111, -5.55479], [147.99937, -5.55337], [147.99676, -5.54994], [147.99445, -5.54996], [147.993, -5.54854], [147.99297, -5.54451], [147.9918, -5.54309], [147.99037, -5.54339], [147.98808, -5.54485], [147.98693, -5.54515], [147.98462, -5.5443], [147.97875, -5.54082], [147.97739, -5.53977], [147.97653, -5.53978], [147.97541, -5.53923], [147.97362, -5.53636], [147.9713, -5.53407], [147.96957, -5.53351], [147.96238, -5.53415], [147.9598, -5.53504], [147.95778, -5.53505], [147.95346, -5.53395], [147.94857, -5.53399], [147.94684, -5.53458], [147.94368, -5.534], [147.93936, -5.53407], [147.9359, -5.53238], [147.9336, -5.53211], [147.93156, -5.5304], [147.93011, -5.52783], [147.92808, -5.52641], [147.92635, -5.52643], [147.92235, -5.52876], [147.92062, -5.52877], [147.91834, -5.52948], [147.91775, -5.52966], [147.91229, -5.53], [147.90695, -5.5289], [147.90191, -5.5275], [147.89873, -5.52581], [147.89758, -5.52582], [147.89354, -5.52412], [147.89063, -5.52128], [147.88775, -5.52016], [147.88417, -5.51651], [147.88079, -5.51332], [147.87961, -5.51132], [147.87988, -5.50844], [147.87868, -5.5027], [147.87779, -5.5007], [147.8752, -5.49957], [147.87201, -5.49673], [147.87143, -5.49673], [147.86618, -5.49123], [147.86562, -5.48959], [147.86185, -5.48618], [147.86097, -5.48446], [147.85923, -5.48275], [147.85606, -5.48163], [147.85461, -5.48021], [147.85342, -5.47591], [147.85079, -5.47133], [147.84846, -5.46819], [147.84614, -5.46649], [147.84326, -5.46565], [147.83924, -5.46568], [147.83694, -5.46657], [147.83219, -5.46642], [147.82828, -5.4632], [147.82253, -5.46353], [147.81994, -5.46326], [147.81676, -5.46186], [147.81444, -5.45987], [147.81245, -5.45989], [147.80956, -5.46077], [147.80727, -5.46223], [147.80555, -5.46282], [147.79894, -5.46316], [147.79665, -5.46405], [147.79406, -5.46407], [147.79261, -5.46322], [147.79028, -5.4595]]], [[[147.7469, -5.42155], [147.74733, -5.42082], [147.7466, -5.41995], [147.7451, -5.42042], [147.74485, -5.42158], [147.74566, -5.42192], [147.7469, -5.42155]]], [[[148.08789, -5.44797], [148.0899, -5.4468], [148.09188, -5.44333], [148.09359, -5.44159], [148.09502, -5.44072], [148.09933, -5.43981], [148.1022, -5.43893], [148.10449, -5.43776], [148.10877, -5.43456], [148.11171, -5.43157], [148.11361, -5.42847], [148.11444, -5.42502], [148.1144, -5.421], [148.1155, -5.41466], [148.11541, -5.41083], [148.11398, -5.40804], [148.11311, -5.40549], [148.11309, -5.4029], [148.1113, -5.39602], [148.10954, -5.39173], [148.10749, -5.38829], [148.10546, -5.38631], [148.10314, -5.3846], [148.10014, -5.38317], [148.09853, -5.38292], [148.09506, -5.38151], [148.09275, -5.3801], [148.08842, -5.37562], [148.08263, -5.37473], [148.07773, -5.37333], [148.0734, -5.37107], [148.06891, -5.37124], [148.06623, -5.37372], [148.06453, -5.37661], [148.06225, -5.37864], [148.06083, -5.38096], [148.05798, -5.383], [148.05655, -5.38473], [148.05657, -5.38732], [148.05602, -5.3902], [148.05293, -5.3977], [148.04954, -5.40314], [148.05133, -5.41208], [148.05194, -5.41639], [148.05169, -5.42041], [148.05113, -5.42185], [148.05116, -5.42502], [148.05233, -5.4273], [148.05465, -5.42987], [148.0613, -5.43354], [148.06332, -5.4341], [148.06854, -5.43865], [148.07172, -5.44064], [148.07518, -5.44118], [148.0772, -5.44203], [148.07952, -5.4443], [148.08069, -5.4463], [148.08221, -5.44724], [148.08445, -5.44829], [148.08789, -5.44797]]], [[[147.54386, -5.2995], [147.545, -5.29834], [147.54442, -5.29691], [147.5424, -5.29664], [147.54183, -5.29722], [147.54184, -5.29836], [147.54243, -5.29952], [147.54386, -5.2995]]], [[[147.59435, -5.28413], [147.58973, -5.28187], [147.58599, -5.28162], [147.58341, -5.28307], [147.5791, -5.2834], [147.57569, -5.28488], [147.5731, -5.28776], [147.56909, -5.29009], [147.56567, -5.29357], [147.56395, -5.29474], [147.55897, -5.2958], [147.55765, -5.29737], [147.55771, -5.30513], [147.55744, -5.30686], [147.55517, -5.31148], [147.55434, -5.31522], [147.55528, -5.32326], [147.55503, -5.32843], [147.55533, -5.32958], [147.5565, -5.3313], [147.5591, -5.33329], [147.56141, -5.33442], [147.56717, -5.33581], [147.57035, -5.33722], [147.57719, -5.34241], [147.57932, -5.34433], [147.5825, -5.34574], [147.5848, -5.34572], [147.58652, -5.34513], [147.58968, -5.3451], [147.59344, -5.34708], [147.59632, -5.34734], [147.59861, -5.34675], [147.60091, -5.34558], [147.60286, -5.34319], [147.60804, -5.33862], [147.61348, -5.33571], [147.61975, -5.32904], [147.62088, -5.32673], [147.6243, -5.32297], [147.62572, -5.32094], [147.626, -5.3195], [147.62798, -5.31632], [147.62824, -5.31288], [147.62764, -5.31], [147.62588, -5.30542], [147.62413, -5.30256], [147.6221, -5.30085], [147.61979, -5.29972], [147.61863, -5.29859], [147.61745, -5.29601], [147.61733, -5.29089], [147.61682, -5.28883], [147.61536, -5.28654], [147.61305, -5.28512], [147.60729, -5.28402], [147.60096, -5.28379], [147.59723, -5.2844], [147.59435, -5.28413]]]]}}, {"type": "Feature", "properties": {"name": "National Capital District", "level": "province"}, "geometry": {"type": "MultiPolygon", "coordinates": [[[[147.11507, -9.47604], [147.11624, -9.47317], [147.11626, -9.47179], [147.11546, -9.46948], [147.11547, -9.46798], [147.1163, -9.46625], [147.11897, -9.46454], [147.11955, -9.46374], [147.11958, -9.46051], [147.11867, -9.45739], [147.11753, -9.45588], [147.11614, -9.45587], [147.11556, -9.45529], [147.1158, -9.45472], [147.11754, -9.45358], [147.11755, -9.45219], [147.1164, -9.45103], [147.11328, -9.45101], [147.11265, -9.45059], [147.11236, -9.45008], [147.1141, -9.44929], [147.11527, -9.44814], [147.11585, -9.44665], [147.11587, -9.44492], [147.11392, -9.4426], [147.11393, -9.44006], [147.11303, -9.4374], [147.11166, -9.43509], [147.11081, -9.43496], [147.1105, -9.43542], [147.11049, -9.43715], [147.11163, -9.4397], [147.1116, -9.44235], [147.11125, -9.44292], [147.11067, -9.44315], [147.10952, -9.44291], [147.10607, -9.43908], [147.10519, -9.43879], [147.10433, -9.43941], [147.10432, -9.44137], [147.10489, -9.44288], [147.10519, -9.44922], [147.10425, -9.45152], [147.10285, -9.45266], [147.10169, -9.45265], [147.09996, -9.45206], [147.09674, -9.44916], [147.09386, -9.44798], [147.09305, -9.44705], [147.0933, -9.44417], [147.09565, -9.44016], [147.09566, -9.43843], [147.09486, -9.43761], [147.09278, -9.43702], [147.0914, -9.43585], [147.09084, -9.43297], [147.0899, -9.43244], [147.0891, -9.43261], [147.08852, -9.43318], [147.08702, -9.43317], [147.08529, -9.43235], [147.08391, -9.43061], [147.08358, -9.42911], [147.08417, -9.42623], [147.08487, -9.42523], [147.08593, -9.42371], [147.0871, -9.42257], [147.08826, -9.42199], [147.09034, -9.42201], [147.09265, -9.42318], [147.09403, -9.42319], [147.09671, -9.42171], [147.09926, -9.42173], [147.09983, -9.42231], [147.10156, -9.4229], [147.10364, -9.42269], [147.10538, -9.42328], [147.10618, -9.42444], [147.1056, -9.42524], [147.10558, -9.42674], [147.10707, -9.42848], [147.10831, -9.42783], [147.10906, -9.42642], [147.1085, -9.42388], [147.10851, -9.42238], [147.10943, -9.42215], [147.11116, -9.42413], [147.11191, -9.42418], [147.11232, -9.4239], [147.11234, -9.4216], [147.11291, -9.42103], [147.1143, -9.42104], [147.11892, -9.42338], [147.12007, -9.42362], [147.12216, -9.42363], [147.1239, -9.42226], [147.12415, -9.42018], [147.12508, -9.41939], [147.12589, -9.41939], [147.12681, -9.42021], [147.12912, -9.42137], [147.13106, -9.42369], [147.1322, -9.42658], [147.13253, -9.42866], [147.13425, -9.43098], [147.13482, -9.43214], [147.13481, -9.43329], [147.13617, -9.43815], [147.13709, -9.4393], [147.13905, -9.43967], [147.1402, -9.44083], [147.1411, -9.44452], [147.14305, -9.44684], [147.14745, -9.44687], [147.14918, -9.44839], [147.14997, -9.45035], [147.14996, -9.45266], [147.15052, -9.45439], [147.15128, -9.45507], [147.15225, -9.45556], [147.15398, -9.4573], [147.15569, -9.45962], [147.15684, -9.46194], [147.15718, -9.46286], [147.15717, -9.46401], [147.15658, -9.46516], [147.15622, -9.46769], [147.15539, -9.46942], [147.15365, -9.47113], [147.1533, -9.47171], [147.15363, -9.47345], [147.15327, -9.47517], [147.15094, -9.47746], [147.14781, -9.47744], [147.14665, -9.47835], [147.14488, -9.4826], [147.14487, -9.48468], [147.14567, -9.48549], [147.14741, -9.48585], [147.15299, -9.48209], [147.15554, -9.48153], [147.15763, -9.48039], [147.16111, -9.47961], [147.1625, -9.47985], [147.16653, -9.48218], [147.16746, -9.48254], [147.1692, -9.48163], [147.16978, -9.48163], [147.17035, -9.48314], [147.1715, -9.48395], [147.17348, -9.482], [147.1758, -9.48202], [147.17695, -9.48318], [147.17671, -9.48399], [147.17866, -9.48573], [147.17866, -9.48665], [147.17784, -9.4878], [147.17783, -9.48953], [147.17839, -9.49184], [147.17896, -9.49242], [147.18093, -9.49267], [147.18266, -9.49418], [147.18493, -9.49938], [147.18643, -9.50112], [147.18722, -9.50367], [147.1878, -9.50424], [147.19036, -9.50482], [147.19358, -9.50463], [147.19451, -9.50372], [147.19512, -9.49969], [147.19571, -9.49831], [147.19687, -9.49716], [147.19861, -9.49717], [147.19976, -9.49833], [147.20033, -9.49972], [147.20286, -9.50239], [147.20551, -9.50379], [147.20723, -9.50553], [147.20918, -9.50878], [147.21065, -9.51363], [147.21122, -9.51479], [147.21238, -9.51595], [147.21642, -9.51713], [147.21987, -9.51981], [147.22217, -9.52236], [147.22643, -9.52527], [147.23163, -9.52762], [147.23683, -9.52915], [147.23856, -9.53032], [147.23913, -9.53113], [147.23911, -9.53516], [147.24024, -9.53805], [147.24174, -9.53957], [147.24462, -9.54097], [147.24602, -9.53982], [147.2466, -9.53845], [147.24661, -9.53752], [147.24524, -9.5344], [147.24526, -9.53232], [147.24608, -9.53118], [147.24782, -9.53038], [147.25071, -9.5304], [147.25106, -9.53006], [147.25534, -9.53009], [147.25708, -9.53044], [147.25825, -9.52895], [147.25804, -9.52492], [147.26002, -9.52297], [147.26004, -9.52147], [147.25853, -9.51834], [147.25809, -9.51742], [147.25545, -9.51452], [147.25431, -9.51255], [147.25295, -9.50793], [147.25296, -9.50643], [147.25239, -9.50447], [147.25147, -9.50331], [147.25032, -9.50272], [147.24835, -9.50294], [147.24566, -9.50696], [147.24335, -9.50694], [147.24139, -9.5052], [147.24105, -9.50462], [147.2414, -9.50381], [147.24257, -9.50267], [147.24281, -9.50117], [147.242, -9.50001], [147.24201, -9.49944], [147.24282, -9.49887], [147.24398, -9.49887], [147.2449, -9.49945], [147.24629, -9.49946], [147.24722, -9.49866], [147.24723, -9.49717], [147.24631, -9.49578], [147.24609, -9.49405], [147.24518, -9.49231], [147.24496, -9.49023], [147.24405, -9.48826], [147.24406, -9.48711], [147.24615, -9.48597], [147.24848, -9.48391], [147.2516, -9.48359], [147.25253, -9.48394], [147.2545, -9.48372], [147.25658, -9.48374], [147.25739, -9.48432], [147.25855, -9.48433], [147.2612, -9.4855], [147.26604, -9.48922], [147.26776, -9.49073], [147.2689, -9.49385], [147.26888, -9.49616], [147.26958, -9.49793], [147.27002, -9.49905], [147.27117, -9.50056], [147.27173, -9.5031], [147.27321, -9.50714], [147.27493, -9.51004], [147.27724, -9.51121], [147.27772, -9.51073], [147.27863, -9.50983], [147.27842, -9.5066], [147.28017, -9.50523], [147.28018, -9.50315], [147.27927, -9.50084], [147.27928, -9.49946], [147.28021, -9.49854], [147.28137, -9.49855], [147.28252, -9.49913], [147.28333, -9.5003], [147.28332, -9.50145], [147.28389, -9.50295], [147.28481, -9.50376], [147.28737, -9.50182], [147.28946, -9.50149], [147.29072, -9.50265], [147.29141, -9.50358], [147.29414, -9.50436], [147.29404, -9.5028], [147.29478, -9.50146], [147.29646, -9.49757], [147.29695, -9.49681], [147.29684, -9.49614], [147.29623, -9.49573], [147.29513, -9.49456], [147.29441, -9.49306], [147.29458, -9.48848], [147.29392, -9.48678], [147.29431, -9.48478], [147.29432, -9.48208], [147.29446, -9.47907], [147.29407, -9.47626], [147.29422, -9.47288], [147.29394, -9.47161], [147.29332, -9.46959], [147.29334, -9.46885], [147.29381, -9.46803], [147.29499, -9.46743], [147.29499, -9.46667], [147.29499, -9.46614], [147.29347, -9.46239], [147.29281, -9.45705], [147.29201, -9.45332], [147.29106, -9.45058], [147.28987, -9.44879], [147.28878, -9.44602], [147.28666, -9.44227], [147.2859, -9.43997], [147.28506, -9.4356], [147.28432, -9.43318], [147.28314, -9.43155], [147.28192, -9.42922], [147.28116, -9.42694], [147.28071, -9.42434], [147.28087, -9.42273], [147.28136, -9.41983], [147.28201, -9.4173], [147.28345, -9.41521], [147.28387, -9.41353], [147.28395, -9.41232], [147.28375, -9.41118], [147.28314, -9.40923], [147.28312, -9.40785], [147.2834, -9.40658], [147.28409, -9.40481], [147.285, -9.40357], [147.28525, -9.40214], [147.27083, -9.40751], [147.27081, -9.39215], [147.2698, -9.39214], [147.26937, -9.39207], [147.26922, -9.39201], [147.26914, -9.39194], [147.26858, -9.39101], [147.26849, -9.39088], [147.26841, -9.39079], [147.26798, -9.39043], [147.26759, -9.39017], [147.26718, -9.38996], [147.26702, -9.38991], [147.26688, -9.38989], [147.26683, -9.38993], [147.26666, -9.39016], [147.26655, -9.39021], [147.26657, -9.39042], [147.26676, -9.39153], [147.26673, -9.39175], [147.26666, -9.39182], [147.2665, -9.3919], [147.26629, -9.39193], [147.26519, -9.39192], [147.26425, -9.39196], [147.26395, -9.39199], [147.26385, -9.39203], [147.2637, -9.39221], [147.26341, -9.39244], [147.26337, -9.39259], [147.26337, -9.39273], [147.2634, -9.39287], [147.26347, -9.39296], [147.26359, -9.39303], [147.26436, -9.39337], [147.26443, -9.39347], [147.26446, -9.3936], [147.26448, -9.39373], [147.26447, -9.39392], [147.2644, -9.39456], [147.26436, -9.39468], [147.26428, -9.39484], [147.26421, -9.39501], [147.26384, -9.39538], [147.26352, -9.39564], [147.26326, -9.39576], [147.26307, -9.39573], [147.263, -9.39568], [147.26291, -9.39559], [147.26285, -9.39551], [147.2628, -9.39539], [147.26275, -9.39521], [147.26268, -9.39444], [147.26258, -9.39395], [147.26258, -9.39374], [147.26248, -9.39359], [147.26233, -9.39349], [147.26225, -9.3933], [147.26216, -9.39318], [147.26207, -9.39304], [147.26152, -9.39253], [147.26133, -9.39239], [147.26121, -9.39233], [147.2611, -9.39229], [147.26086, -9.39231], [147.26076, -9.39237], [147.26064, -9.39238], [147.26049, -9.39253], [147.26007, -9.39281], [147.25991, -9.39289], [147.2597, -9.39294], [147.25945, -9.39297], [147.25932, -9.39295], [147.2592, -9.39282], [147.2591, -9.39267], [147.25908, -9.39256], [147.25914, -9.39232], [147.25925, -9.39218], [147.25933, -9.39205], [147.2594, -9.39189], [147.25944, -9.39172], [147.25946, -9.39154], [147.25945, -9.39129], [147.25943, -9.39105], [147.25938, -9.39085], [147.25933, -9.39075], [147.25925, -9.39065], [147.25898, -9.39049], [147.25855, -9.3902], [147.25839, -9.39006], [147.25822, -9.38987], [147.25802, -9.38958], [147.25791, -9.38938], [147.25778, -9.38888], [147.25779, -9.38861], [147.25791, -9.38784], [147.25796, -9.3877], [147.25814, -9.38748], [147.25827, -9.38685], [147.2583, -9.38658], [147.25831, -9.38635], [147.25825, -9.38612], [147.25817, -9.38607], [147.25794, -9.38601], [147.25776, -9.38597], [147.25761, -9.38602], [147.25753, -9.38613], [147.25737, -9.38621], [147.2573, -9.38636], [147.25711, -9.3865], [147.25677, -9.38678], [147.25666, -9.38684], [147.25652, -9.38688], [147.25604, -9.38696], [147.25589, -9.38696], [147.25576, -9.38694], [147.2555, -9.38681], [147.25516, -9.38632], [147.25488, -9.38603], [147.25455, -9.38571], [147.25423, -9.38546], [147.25396, -9.38531], [147.25369, -9.38519], [147.25319, -9.38501], [147.25301, -9.38499], [147.25231, -9.38498], [147.252, -9.38491], [147.25181, -9.38482], [147.25165, -9.38471], [147.25146, -9.38456], [147.25138, -9.38446], [147.25131, -9.3843], [147.25127, -9.38397], [147.25118, -9.38341], [147.25117, -9.38306], [147.25126, -9.38189], [147.25127, -9.38154], [147.25122, -9.38108], [147.25104, -9.38033], [147.25088, -9.38022], [147.2508, -9.3801], [147.25072, -9.38002], [147.25055, -9.37993], [147.24979, -9.37957], [147.24962, -9.37945], [147.24928, -9.37916], [147.24918, -9.37911], [147.24898, -9.37902], [147.249, -9.37887], [147.24918, -9.37828], [147.24947, -9.3775], [147.24957, -9.37715], [147.24963, -9.3768], [147.24964, -9.37648], [147.24963, -9.37623], [147.24958, -9.3761], [147.24946, -9.37595], [147.24889, -9.37536], [147.2488, -9.3753], [147.24868, -9.37527], [147.24836, -9.37526], [147.24797, -9.37534], [147.24738, -9.37566], [147.24718, -9.37574], [147.24697, -9.37579], [147.24676, -9.3758], [147.24646, -9.37578], [147.24614, -9.3757], [147.24595, -9.37562], [147.24533, -9.37511], [147.2451, -9.37494], [147.24493, -9.37465], [147.24479, -9.3743], [147.24471, -9.37406], [147.24463, -9.3737], [147.24461, -9.37352], [147.24461, -9.3734], [147.24465, -9.3733], [147.245, -9.3729], [147.24557, -9.37272], [147.24664, -9.3723], [147.24697, -9.3722], [147.24701, -9.37214], [147.24706, -9.37191], [147.2471, -9.37166], [147.24708, -9.37154], [147.24705, -9.37146], [147.24685, -9.37122], [147.24668, -9.37111], [147.24636, -9.37101], [147.24585, -9.37093], [147.24534, -9.37091], [147.24488, -9.37092], [147.24436, -9.371], [147.24385, -9.37115], [147.24272, -9.37156], [147.24189, -9.3719], [147.24148, -9.3721], [147.24097, -9.37238], [147.23964, -9.37343], [147.23931, -9.37373], [147.23896, -9.37414], [147.23859, -9.37461], [147.23837, -9.37492], [147.23829, -9.37502], [147.23824, -9.37518], [147.23828, -9.37542], [147.23835, -9.37557], [147.23843, -9.37569], [147.23873, -9.37598], [147.23944, -9.37652], [147.23963, -9.37671], [147.23969, -9.37683], [147.23973, -9.37705], [147.23974, -9.37715], [147.23967, -9.37741], [147.23958, -9.37748], [147.23942, -9.37756], [147.23915, -9.37768], [147.23878, -9.37779], [147.23808, -9.37797], [147.23789, -9.37804], [147.23768, -9.37817], [147.23748, -9.37836], [147.23744, -9.37905], [147.23744, -9.37999], [147.23749, -9.38024], [147.23773, -9.38062], [147.23779, -9.38077], [147.23782, -9.38092], [147.23782, -9.38104], [147.23775, -9.38122], [147.23769, -9.38129], [147.23759, -9.38135], [147.23737, -9.38144], [147.23638, -9.38173], [147.23619, -9.38176], [147.23603, -9.38175], [147.23588, -9.3817], [147.23495, -9.38115], [147.23469, -9.38103], [147.23447, -9.38097], [147.23435, -9.38095], [147.23423, -9.38096], [147.23412, -9.38099], [147.23402, -9.38104], [147.23394, -9.38111], [147.23387, -9.3812], [147.23382, -9.38129], [147.23375, -9.38146], [147.23373, -9.38161], [147.23372, -9.38236], [147.23368, -9.38253], [147.23362, -9.38272], [147.23357, -9.38281], [147.23349, -9.38288], [147.2334, -9.38294], [147.23319, -9.38302], [147.23297, -9.38305], [147.2328, -9.38304], [147.23197, -9.38275], [147.23159, -9.38267], [147.23072, -9.38255], [147.23055, -9.3825], [147.23042, -9.38244], [147.23036, -9.38234], [147.23043, -9.38217], [147.23061, -9.38199], [147.2309, -9.38179], [147.23104, -9.38168], [147.23117, -9.38152], [147.2312, -9.38142], [147.23118, -9.38133], [147.23113, -9.3812], [147.23103, -9.381], [147.23097, -9.38092], [147.2307, -9.38078], [147.23057, -9.38074], [147.23027, -9.38076], [147.23011, -9.38069], [147.22949, -9.38057], [147.22885, -9.38038], [147.22856, -9.38034], [147.22836, -9.38036], [147.22825, -9.38038], [147.22805, -9.38046], [147.22787, -9.38057], [147.22748, -9.38087], [147.22734, -9.38095], [147.2271, -9.38098], [147.22692, -9.38095], [147.22603, -9.38063], [147.22576, -9.38056], [147.22552, -9.38052], [147.22526, -9.38052], [147.22442, -9.38066], [147.22404, -9.3807], [147.22363, -9.38071], [147.22314, -9.38069], [147.22243, -9.38064], [147.22194, -9.38057], [147.22173, -9.38051], [147.22147, -9.38035], [147.22093, -9.37989], [147.22073, -9.3797], [147.22066, -9.37959], [147.22065, -9.37943], [147.22069, -9.37925], [147.22069, -9.37913], [147.2206, -9.37851], [147.22059, -9.3783], [147.22064, -9.37795], [147.22068, -9.37781], [147.22133, -9.37657], [147.22147, -9.37622], [147.22148, -9.37605], [147.22146, -9.37596], [147.22126, -9.37562], [147.22095, -9.37556], [147.22072, -9.37556], [147.22054, -9.37561], [147.22025, -9.37571], [147.21998, -9.37568], [147.21964, -9.37562], [147.21914, -9.3755], [147.21897, -9.37544], [147.21889, -9.37537], [147.21873, -9.37518], [147.21852, -9.37505], [147.21842, -9.37496], [147.21824, -9.3746], [147.21793, -9.37432], [147.21783, -9.37417], [147.21776, -9.37398], [147.21756, -9.37376], [147.21746, -9.3737], [147.21734, -9.3737], [147.21672, -9.37386], [147.2163, -9.37393], [147.21612, -9.37394], [147.21598, -9.37393], [147.21588, -9.3739], [147.21579, -9.37384], [147.21549, -9.37356], [147.21538, -9.37343], [147.21514, -9.3729], [147.215, -9.37268], [147.2146, -9.37232], [147.21451, -9.37228], [147.21426, -9.37224], [147.21414, -9.37216], [147.21404, -9.37207], [147.21382, -9.37181], [147.21337, -9.37119], [147.21286, -9.37061], [147.21276, -9.37047], [147.21266, -9.37042], [147.21202, -9.37022], [147.21178, -9.37014], [147.21142, -9.36999], [147.21134, -9.36993], [147.21127, -9.36979], [147.21113, -9.36934], [147.21103, -9.36908], [147.21083, -9.36869], [147.2106, -9.36831], [147.21031, -9.36791], [147.21006, -9.3677], [147.20993, -9.36753], [147.20975, -9.36742], [147.20972, -9.36728], [147.20977, -9.36701], [147.20971, -9.36688], [147.20944, -9.36638], [147.20921, -9.3659], [147.20898, -9.36574], [147.20883, -9.3656], [147.20816, -9.36527], [147.20775, -9.36507], [147.20745, -9.36513], [147.20719, -9.36505], [147.20711, -9.36508], [147.2069, -9.36532], [147.20682, -9.36538], [147.20659, -9.36543], [147.20603, -9.36559], [147.20589, -9.36559], [147.2058, -9.36553], [147.20551, -9.36517], [147.20547, -9.36508], [147.20545, -9.36498], [147.20545, -9.36487], [147.2055, -9.36471], [147.20571, -9.36421], [147.20589, -9.36386], [147.20603, -9.36366], [147.20628, -9.36346], [147.20645, -9.36329], [147.20687, -9.36301], [147.20707, -9.36281], [147.20725, -9.36254], [147.20739, -9.36229], [147.20739, -9.36215], [147.20716, -9.36207], [147.2067, -9.36176], [147.20576, -9.3612], [147.20555, -9.36111], [147.20536, -9.36107], [147.20519, -9.3611], [147.20512, -9.36115], [147.20499, -9.36128], [147.20491, -9.36145], [147.20476, -9.36191], [147.20467, -9.36208], [147.20461, -9.36215], [147.20445, -9.36226], [147.20427, -9.36231], [147.20418, -9.36231], [147.20403, -9.36226], [147.20393, -9.36214], [147.20388, -9.36197], [147.20386, -9.36176], [147.20388, -9.36164], [147.20393, -9.36137], [147.20408, -9.36096], [147.20439, -9.36022], [147.20456, -9.35994], [147.20468, -9.35983], [147.20473, -9.35955], [147.20495, -9.35886], [147.20502, -9.35858], [147.20504, -9.35833], [147.20497, -9.35811], [147.20491, -9.35778], [147.20486, -9.3572], [147.20487, -9.35701], [147.20493, -9.35693], [147.20503, -9.35687], [147.20523, -9.35682], [147.20656, -9.35683], [147.20677, -9.35681], [147.20704, -9.35672], [147.2071, -9.35665], [147.20721, -9.3564], [147.20728, -9.35613], [147.20722, -9.35582], [147.20712, -9.35577], [147.20692, -9.35569], [147.20672, -9.35566], [147.20636, -9.35566], [147.20614, -9.35561], [147.20589, -9.3555], [147.20572, -9.35538], [147.20565, -9.35529], [147.20561, -9.35519], [147.20555, -9.35499], [147.20552, -9.35482], [147.20554, -9.35468], [147.20568, -9.35439], [147.20571, -9.35428], [147.20572, -9.35415], [147.2057, -9.35403], [147.20564, -9.35392], [147.20554, -9.35384], [147.2054, -9.35379], [147.20522, -9.35378], [147.20487, -9.35382], [147.20464, -9.35388], [147.20446, -9.35396], [147.20431, -9.35406], [147.2041, -9.35427], [147.20397, -9.35444], [147.20387, -9.35462], [147.20363, -9.35513], [147.20348, -9.35536], [147.20339, -9.35547], [147.20329, -9.35558], [147.20307, -9.35576], [147.20284, -9.3559], [147.20265, -9.356], [147.20246, -9.35607], [147.20187, -9.35621], [147.20167, -9.35623], [147.20067, -9.35627], [147.2005, -9.35623], [147.20017, -9.356], [147.19997, -9.35593], [147.19989, -9.35585], [147.19973, -9.3556], [147.19845, -9.35343], [147.19814, -9.35298], [147.19798, -9.35263], [147.1979, -9.35255], [147.19769, -9.35242], [147.19762, -9.3523], [147.19757, -9.35215], [147.19753, -9.35194], [147.18594, -9.3531], [147.1622, -9.35547], [147.12553, -9.38353], [147.09692, -9.39242], [147.09692, -9.41936], [147.09426, -9.4183], [147.09298, -9.41904], [147.09249, -9.41905], [147.0887, -9.41805], [147.08665, -9.41838], [147.0847, -9.41844], [147.08084, -9.41882], [147.07917, -9.41869], [147.07809, -9.41822], [147.07667, -9.41972], [147.07528, -9.42206], [147.07456, -9.42473], [147.07527, -9.42662], [147.07453, -9.42924], [147.07433, -9.43184], [147.07454, -9.43485], [147.07499, -9.43703], [147.07554, -9.4395], [147.07639, -9.44132], [147.07715, -9.44197], [147.07807, -9.44365], [147.07893, -9.44439], [147.07999, -9.44545], [147.08142, -9.44738], [147.08506, -9.45047], [147.0862, -9.45075], [147.08668, -9.45176], [147.0874, -9.45178], [147.08804, -9.45234], [147.09021, -9.45279], [147.0913, -9.45402], [147.1047, -9.46658], [147.11507, -9.47604]]], [[[147.04806, -9.50587], [147.04399, -9.50815], [147.04107, -9.51101], [147.04071, -9.51297], [147.04128, -9.5147], [147.04277, -9.51621], [147.04358, -9.51645], [147.04472, -9.51761], [147.04587, -9.51935], [147.0468, -9.5197], [147.04969, -9.51995], [147.05084, -9.52054], [147.05396, -9.52056], [147.05686, -9.52116], [147.05836, -9.52175], [147.06206, -9.52178], [147.06379, -9.52295], [147.06611, -9.52296], [147.0711, -9.52046], [147.07249, -9.52047], [147.07887, -9.51902], [147.08062, -9.51765], [147.08177, -9.51731], [147.08329, -9.5156], [147.08331, -9.51329], [147.08181, -9.51155], [147.08043, -9.51154], [147.07834, -9.51244], [147.07461, -9.5153], [147.07195, -9.51585], [147.0702, -9.51665], [147.0688, -9.51779], [147.06765, -9.51813], [147.06475, -9.51811], [147.06383, -9.51775], [147.06302, -9.51694], [147.06303, -9.51637], [147.06188, -9.51486], [147.06073, -9.51427], [147.05633, -9.51401], [147.05345, -9.51249], [147.05034, -9.50958], [147.05, -9.50831], [147.04864, -9.50588], [147.04806, -9.50587]]], [[[147.11701, -9.4795], [147.11537, -9.48216], [147.11535, -9.48527], [147.11764, -9.48794], [147.11961, -9.48876], [147.11996, -9.48738], [147.11883, -9.48357], [147.11908, -9.48126], [147.12003, -9.47816], [147.12144, -9.47528], [147.12064, -9.47412], [147.11971, -9.47412], [147.1189, -9.47492], [147.11771, -9.47837], [147.11701, -9.4795]]], [[[147.12497, -9.43403], [147.1238, -9.43633], [147.12378, -9.4384], [147.12492, -9.44071], [147.12607, -9.44211], [147.12861, -9.4427], [147.13037, -9.44099], [147.13073, -9.43868], [147.13038, -9.4381], [147.12636, -9.43438], [147.12497, -9.43403]]], [[[147.17941, -9.51053], [147.17883, -9.5111], [147.17882, -9.51341], [147.17707, -9.51489], [147.17707, -9.5157], [147.17787, -9.5172], [147.1782, -9.51951], [147.17935, -9.5201], [147.17994, -9.51918], [147.17995, -9.5163], [147.18078, -9.51435], [147.18079, -9.51262], [147.18057, -9.51146], [147.17941, -9.51053]]], [[[147.08967, -9.51368], [147.08932, -9.51483], [147.09024, -9.51565], [147.09336, -9.51567], [147.09486, -9.51718], [147.09567, -9.51719], [147.09625, -9.51627], [147.09453, -9.51395], [147.09141, -9.51427], [147.09083, -9.51369], [147.08967, -9.51368]]], [[[147.1205, -9.49338], [147.11957, -9.4943], [147.11816, -9.49717], [147.11815, -9.49798], [147.1193, -9.49856], [147.12047, -9.49719], [147.1213, -9.49396], [147.1205, -9.49338]]]]}}]}